{
  "meta": {
    "data_version": "1.0.0",
    "created": "2019-12-20",
    "revision": 1
  },
  "info": {
    "balls_per_over": 6,
    "city": "Kuala Lumpur",
    "dates": [
      "2019-12-14"
    ],
    "event": {
      "name": "England Women ODI tour of Malaysia",
      "match_number": 3
    },
    "gender": "female",
    "match_type": "ODI",
    "match_type_number": 1177,
    "missing": [
      {
        "powerplays": {
          "1": [
            "batting"
          ]
        }
      }
    ],
    "officials": {
      "match_referees": [
        "Muhammad Javed"
      ],
      "reserve_umpires": [
        "Zaidan Taha"
      ],
      "tv_umpires": [
        "V Kalidas"
      ],
      "umpires": [
        "Asif Yaqoob",
        "Rashid Riaz"
      ]
    },
    "outcome": {
      "result": "no result"
    },
    "overs": 50,
    "players": {
      "Pakistan": [
        "Nahida Khan",
        "Javeria Khan",
        "Bismah Maroof",
        "Kaynat Hafeez",
        "Umaima Sohail",
        "Nida Dar",
        "Aliya Riaz",
        "Sidra Nawaz",
        "Diana Baig",
        "Syeda Aroob Shah",
        "Anam Amin"
      ],
      "England": [
        "TT Beaumont",
        "KH Brunt",
        "FR Davies",
        "S Ecclestone",
        "S Glenn",
        "AE Jones",
        "HC Knight",
        "NR Sciver",
        "A Shrubsole",
        "FC Wilson",
        "DN Wyatt"
      ]
    },
    "registry": {
      "people": {
        "A Shrubsole": "32497ecd",
        "AE Jones": "b05e45e4",
        "Aliya Riaz": "2904b4b6",
        "Anam Amin": "06653fcc",
        "Asif Yaqoob": "6b35790c",
        "Bismah Maroof": "3b770527",
        "DN Wyatt": "a139c379",
        "Diana Baig": "a51e6c6e",
        "FC Wilson": "a28132bd",
        "FR Davies": "2479daa6",
        "HC Knight": "4ba0289e",
        "Javeria Khan": "d921449d",
        "KH Brunt": "6a434bd3",
        "Kaynat Hafeez": "80c1982e",
        "Muhammad Javed": "bde2d0ea",
        "NR Sciver": "f3a18a0c",
        "Nahida Khan": "3e7c0b1e",
        "Nida Dar": "ed840f44",
        "Rashid Riaz": "fb82725e",
        "S Ecclestone": "cdb82f1c",
        "S Glenn": "b34e0c77",
        "Sidra Nawaz": "ca3ded6f",
        "Syeda Aroob Shah": "4cf8708b",
        "TT Beaumont": "b2664905",
        "Umaima Sohail": "821d7d46",
        "V Kalidas": "42d76418",
        "Zaidan Taha": "a29dd0ec"
      }
    },
    "season": "2019/20",
    "team_type": "international",
    "teams": [
      "England",
      "Pakistan"
    ],
    "toss": {
      "decision": "field",
      "winner": "England"
    },
    "venue": "Kinrara Academy Oval"
  },
  "innings": [
    {
      "team": "Pakistan",
      "overs": [
        {
          "over": 0,
          "deliveries": [
            {
              "batter": "Nahida Khan",
              "bowler": "KH Brunt",
              "non_striker": "Javeria Khan",
              "runs": {
                "batter": 1,
                "extras": 0,
                "total": 1
              }
            },
            {
              "batter": "Javeria Khan",
              "bowler": "KH Brunt",
              "non_striker": "Nahida Khan",
              "runs": {
                "batter": 0,
                "extras": 0,
                "total": 0
              }
            },
            {
              "batter": "Javeria Khan",
              "bowler": "KH Brunt",
              "non_striker": "Nahida Khan",
              "runs": {
                "batter": 4,
                "extras": 0,
                "total": 4
              }
            },
            {
              "batter": "Javeria Khan",
              "bowler": "KH Brunt",
              "non_striker": "Nahida Khan",
              "runs": {
                "batter": 0,
                "extras": 0,
                "total": 0
              }
            },
            {
              "batter": "Javeria Khan",
              "bowler": "KH Brunt",
              "non_striker": "Nahida Khan",
              "runs": {
                "batter": 4,
                "extras": 0,
                "total": 4
              }
            },
            {
              "batter": "Javeria Khan",
              "bowler": "KH Brunt",
              "non_striker": "Nahida Khan",
              "runs": {
                "batter": 0,
                "extras": 0,
                "total": 0
              }
            }
          ]
        },
        {
          "over": 1,
          "deliveries": [
            {
              "batter": "Nahida Khan",
              "bowler": "A Shrubsole",
              "non_striker": "Javeria Khan",
              "runs": {
                "batter": 4,
                "extras": 0,
                "total": 4
              }
            },
            {
              "batter": "Nahida Khan",
              "bowler": "A Shrubsole",
              "non_striker": "Javeria Khan",
              "runs": {
                "batter": 0,
                "extras": 0,
                "total": 0
              }
            },
            {
              "batter": "Nahida Khan",
              "bowler": "A Shrubsole",
              "non_striker": "Javeria Khan",
              "runs": {
                "batter": 4,
                "extras": 0,
                "total": 4
              }
            },
            {
              "batter": "Nahida Khan",
              "bowler": "A Shrubsole",
              "extras": {
                "wides": 1
              },
              "non_striker": "Javeria Khan",
              "runs": {
                "batter": 0,
                "extras": 1,
                "total": 1
              }
            },
            {
              "batter": "Nahida Khan",
              "bowler": "A Shrubsole",
              "non_striker": "Javeria Khan",
              "runs": {
                "batter": 0,
                "extras": 0,
                "total": 0
              }
            },
            {
              "batter": "Nahida Khan",
              "bowler": "A Shrubsole",
              "non_striker": "Javeria Khan",
              "runs": {
                "batter": 3,
                "extras": 0,
                "total": 3
              }
            },
            {
              "batter": "Javeria Khan",
              "bowler": "A Shrubsole",
              "non_striker": "Nahida Khan",
              "runs": {
                "batter": 0,
                "extras": 0,
                "total": 0
              }
            }
          ]
        },
        {
          "over": 2,
          "deliveries": [
            {
              "batter": "Nahida Khan",
              "bowler": "KH Brunt",
              "non_striker": "Javeria Khan",
              "runs": {
                "batter": 0,
                "extras": 0,
                "total": 0
              }
            },
            {
              "batter": "Nahida Khan",
              "bowler": "KH Brunt",
              "non_striker": "Javeria Khan",
              "runs": {
                "batter": 0,
                "extras": 0,
                "total": 0
              }
            },
            {
              "batter": "Nahida Khan",
              "bowler": "KH Brunt",
              "non_striker": "Javeria Khan",
              "runs": {
                "batter": 0,
                "extras": 0,
                "total": 0
              }
            },
            {
              "batter": "Nahida Khan",
              "bowler": "KH Brunt",
              "non_striker": "Javeria Khan",
              "runs": {
                "batter": 1,
                "extras": 0,
                "total": 1
              }
            },
            {
              "batter": "Javeria Khan",
              "bowler": "KH Brunt",
              "non_striker": "Nahida Khan",
              "runs": {
                "batter": 0,
                "extras": 0,
                "total": 0
              }
            },
            {
              "batter": "Javeria Khan",
              "bowler": "KH Brunt",
              "non_striker": "Nahida Khan",
              "runs": {
                "batter": 0,
                "extras": 0,
                "total": 0
              }
            }
          ]
        },
        {
          "over": 3,
          "deliveries": [
            {
              "batter": "Nahida Khan",
              "bowler": "A Shrubsole",
              "non_striker": "Javeria Khan",
              "runs": {
                "batter": 4,
                "extras": 0,
                "total": 4
              }
            },
            {
              "batter": "Nahida Khan",
              "bowler": "A Shrubsole",
              "non_striker": "Javeria Khan",
              "runs": {
                "batter": 4,
                "extras": 0,
                "total": 4
              }
            },
            {
              "batter": "Nahida Khan",
              "bowler": "A Shrubsole",
              "non_striker": "Javeria Khan",
              "runs": {
                "batter": 0,
                "extras": 0,
                "total": 0
              }
            },
            {
              "batter": "Nahida Khan",
              "bowler": "A Shrubsole",
              "non_striker": "Javeria Khan",
              "runs": {
                "batter": 0,
                "extras": 0,
                "total": 0
              }
            },
            {
              "batter": "Nahida Khan",
              "bowler": "A Shrubsole",
              "non_striker": "Javeria Khan",
              "runs": {
                "batter": 0,
                "extras": 0,
                "total": 0
              }
            },
            {
              "batter": "Nahida Khan",
              "bowler": "A Shrubsole",
              "non_striker": "Javeria Khan",
              "runs": {
                "batter": 0,
                "extras": 0,
                "total": 0
              }
            }
          ]
        },
        {
          "over": 4,
          "deliveries": [
            {
              "batter": "Javeria Khan",
              "bowler": "KH Brunt",
              "non_striker": "Nahida Khan",
              "runs": {
                "batter": 0,
                "extras": 0,
                "total": 0
              }
            },
            {
              "batter": "Javeria Khan",
              "bowler": "KH Brunt",
              "non_striker": "Nahida Khan",
              "runs": {
                "batter": 0,
                "extras": 0,
                "total": 0
              }
            },
            {
              "batter": "Javeria Khan",
              "bowler": "KH Brunt",
              "non_striker": "Nahida Khan",
              "runs": {
                "batter": 0,
                "extras": 0,
                "total": 0
              }
            },
            {
              "batter": "Javeria Khan",
              "bowler": "KH Brunt",
              "non_striker": "Nahida Khan",
              "runs": {
                "batter": 4,
                "extras": 0,
                "total": 4
              }
            },
            {
              "batter": "Javeria Khan",
              "bowler": "KH Brunt",
              "extras": {
                "wides": 1
              },
              "non_striker": "Nahida Khan",
              "runs": {
                "batter": 0,
                "extras": 1,
                "total": 1
              }
            },
            {
              "batter": "Javeria Khan",
              "bowler": "KH Brunt",
              "extras": {
                "legbyes": 1
              },
              "non_striker": "Nahida Khan",
              "runs": {
                "batter": 0,
                "extras": 1,
                "total": 1
              }
            },
            {
              "batter": "Nahida Khan",
              "bowler": "KH Brunt",
              "non_striker": "Javeria Khan",
              "runs": {
                "batter": 0,
                "extras": 0,
                "total": 0
              }
            }
          ]
        },
        {
          "over": 5,
          "deliveries": [
            {
              "batter": "Javeria Khan",
              "bowler": "A Shrubsole",
              "non_striker": "Nahida Khan",
              "runs": {
                "batter": 1,
                "extras": 0,
                "total": 1
              }
            },
            {
              "batter": "Nahida Khan",
              "bowler": "A Shrubsole",
              "extras": {
                "wides": 1
              },
              "non_striker": "Javeria Khan",
              "runs": {
                "batter": 0,
                "extras": 1,
                "total": 1
              }
            },
            {
              "batter": "Nahida Khan",
              "bowler": "A Shrubsole",
              "non_striker": "Javeria Khan",
              "runs": {
                "batter": 0,
                "extras": 0,
                "total": 0
              }
            },
            {
              "batter": "Nahida Khan",
              "bowler": "A Shrubsole",
              "non_striker": "Javeria Khan",
              "runs": {
                "batter": 0,
                "extras": 0,
                "total": 0
              }
            },
            {
              "batter": "Nahida Khan",
              "bowler": "A Shrubsole",
              "non_striker": "Javeria Khan",
              "runs": {
                "batter": 0,
                "extras": 0,
                "total": 0
              }
            },
            {
              "batter": "Nahida Khan",
              "bowler": "A Shrubsole",
              "non_striker": "Javeria Khan",
              "runs": {
                "batter": 2,
                "extras": 0,
                "total": 2
              }
            },
            {
              "batter": "Nahida Khan",
              "bowler": "A Shrubsole",
              "non_striker": "Javeria Khan",
              "runs": {
                "batter": 0,
                "extras": 0,
                "total": 0
              }
            }
          ]
        },
        {
          "over": 6,
          "deliveries": [
            {
              "batter": "Javeria Khan",
              "bowler": "KH Brunt",
              "non_striker": "Nahida Khan",
              "runs": {
                "batter": 0,
                "extras": 0,
                "total": 0
              }
            },
            {
              "batter": "Javeria Khan",
              "bowler": "KH Brunt",
              "non_striker": "Nahida Khan",
              "runs": {
                "batter": 1,
                "extras": 0,
                "total": 1
              }
            },
            {
              "batter": "Nahida Khan",
              "bowler": "KH Brunt",
              "non_striker": "Javeria Khan",
              "runs": {
                "batter": 4,
                "extras": 0,
                "total": 4
              }
            },
            {
              "batter": "Nahida Khan",
              "bowler": "KH Brunt",
              "non_striker": "Javeria Khan",
              "runs": {
                "batter": 0,
                "extras": 0,
                "total": 0
              }
            },
            {
              "batter": "Nahida Khan",
              "bowler": "KH Brunt",
              "non_striker": "Javeria Khan",
              "runs": {
                "batter": 0,
                "extras": 0,
                "total": 0
              }
            },
            {
              "batter": "Nahida Khan",
              "bowler": "KH Brunt",
              "non_striker": "Javeria Khan",
              "runs": {
                "batter": 1,
                "extras": 0,
                "total": 1
              }
            }
          ]
        },
        {
          "over": 7,
          "deliveries": [
            {
              "batter": "Nahida Khan",
              "bowler": "NR Sciver",
              "non_striker": "Javeria Khan",
              "runs": {
                "batter": 2,
                "extras": 0,
                "total": 2
              }
            },
            {
              "batter": "Nahida Khan",
              "bowler": "NR Sciver",
              "non_striker": "Javeria Khan",
              "runs": {
                "batter": 0,
                "extras": 0,
                "total": 0
              }
            },
            {
              "batter": "Nahida Khan",
              "bowler": "NR Sciver",
              "non_striker": "Javeria Khan",
              "runs": {
                "batter": 4,
                "extras": 0,
                "total": 4
              }
            },
            {
              "batter": "Nahida Khan",
              "bowler": "NR Sciver",
              "non_striker": "Javeria Khan",
              "runs": {
                "batter": 0,
                "extras": 0,
                "total": 0
              }
            },
            {
              "batter": "Nahida Khan",
              "bowler": "NR Sciver",
              "non_striker": "Javeria Khan",
              "runs": {
                "batter": 0,
                "extras": 0,
                "total": 0
              }
            },
            {
              "batter": "Nahida Khan",
              "bowler": "NR Sciver",
              "non_striker": "Javeria Khan",
              "runs": {
                "batter": 0,
                "extras": 0,
                "total": 0
              }
            }
          ]
        },
        {
          "over": 8,
          "deliveries": [
            {
              "batter": "Javeria Khan",
              "bowler": "FR Davies",
              "non_striker": "Nahida Khan",
              "runs": {
                "batter": 0,
                "extras": 0,
                "total": 0
              }
            },
            {
              "batter": "Javeria Khan",
              "bowler": "FR Davies",
              "non_striker": "Nahida Khan",
              "runs": {
                "batter": 0,
                "extras": 0,
                "total": 0
              }
            },
            {
              "batter": "Javeria Khan",
              "bowler": "FR Davies",
              "non_striker": "Nahida Khan",
              "runs": {
                "batter": 0,
                "extras": 0,
                "total": 0
              }
            },
            {
              "batter": "Javeria Khan",
              "bowler": "FR Davies",
              "non_striker": "Nahida Khan",
              "runs": {
                "batter": 0,
                "extras": 0,
                "total": 0
              }
            },
            {
              "batter": "Javeria Khan",
              "bowler": "FR Davies",
              "non_striker": "Nahida Khan",
              "runs": {
                "batter": 0,
                "extras": 0,
                "total": 0
              }
            },
            {
              "batter": "Javeria Khan",
              "bowler": "FR Davies",
              "non_striker": "Nahida Khan",
              "runs": {
                "batter": 0,
                "extras": 0,
                "total": 0
              }
            }
          ]
        },
        {
          "over": 9,
          "deliveries": [
            {
              "batter": "Nahida Khan",
              "bowler": "NR Sciver",
              "non_striker": "Javeria Khan",
              "runs": {
                "batter": 0,
                "extras": 0,
                "total": 0
              }
            },
            {
              "batter": "Nahida Khan",
              "bowler": "NR Sciver",
              "non_striker": "Javeria Khan",
              "runs": {
                "batter": 0,
                "extras": 0,
                "total": 0
              }
            },
            {
              "batter": "Nahida Khan",
              "bowler": "NR Sciver",
              "non_striker": "Javeria Khan",
              "runs": {
                "batter": 0,
                "extras": 0,
                "total": 0
              }
            },
            {
              "batter": "Nahida Khan",
              "bowler": "NR Sciver",
              "non_striker": "Javeria Khan",
              "runs": {
                "batter": 0,
                "extras": 0,
                "total": 0
              }
            },
            {
              "batter": "Nahida Khan",
              "bowler": "NR Sciver",
              "non_striker": "Javeria Khan",
              "runs": {
                "batter": 0,
                "extras": 0,
                "total": 0
              }
            },
            {
              "batter": "Nahida Khan",
              "bowler": "NR Sciver",
              "non_striker": "Javeria Khan",
              "runs": {
                "batter": 4,
                "extras": 0,
                "total": 4
              }
            }
          ]
        },
        {
          "over": 10,
          "deliveries": [
            {
              "batter": "Javeria Khan",
              "bowler": "FR Davies",
              "non_striker": "Nahida Khan",
              "runs": {
                "batter": 0,
                "extras": 0,
                "total": 0
              }
            },
            {
              "batter": "Javeria Khan",
              "bowler": "FR Davies",
              "non_striker": "Nahida Khan",
              "runs": {
                "batter": 0,
                "extras": 0,
                "total": 0
              }
            },
            {
              "batter": "Javeria Khan",
              "bowler": "FR Davies",
              "non_striker": "Nahida Khan",
              "runs": {
                "batter": 0,
                "extras": 0,
                "total": 0
              }
            },
            {
              "batter": "Javeria Khan",
              "bowler": "FR Davies",
              "non_striker": "Nahida Khan",
              "runs": {
                "batter": 0,
                "extras": 0,
                "total": 0
              }
            },
            {
              "batter": "Javeria Khan",
              "bowler": "FR Davies",
              "non_striker": "Nahida Khan",
              "runs": {
                "batter": 1,
                "extras": 0,
                "total": 1
              }
            },
            {
              "batter": "Nahida Khan",
              "bowler": "FR Davies",
              "non_striker": "Javeria Khan",
              "runs": {
                "batter": 0,
                "extras": 0,
                "total": 0
              }
            }
          ]
        },
        {
          "over": 11,
          "deliveries": [
            {
              "batter": "Javeria Khan",
              "bowler": "NR Sciver",
              "non_striker": "Nahida Khan",
              "runs": {
                "batter": 1,
                "extras": 0,
                "total": 1
              }
            },
            {
              "batter": "Nahida Khan",
              "bowler": "NR Sciver",
              "non_striker": "Javeria Khan",
              "runs": {
                "batter": 1,
                "extras": 0,
                "total": 1
              }
            },
            {
              "batter": "Javeria Khan",
              "bowler": "NR Sciver",
              "non_striker": "Nahida Khan",
              "runs": {
                "batter": 0,
                "extras": 0,
                "total": 0
              }
            },
            {
              "batter": "Javeria Khan",
              "bowler": "NR Sciver",
              "non_striker": "Nahida Khan",
              "runs": {
                "batter": 1,
                "extras": 0,
                "total": 1
              }
            },
            {
              "batter": "Nahida Khan",
              "bowler": "NR Sciver",
              "non_striker": "Javeria Khan",
              "runs": {
                "batter": 1,
                "extras": 0,
                "total": 1
              }
            },
            {
              "batter": "Javeria Khan",
              "bowler": "NR Sciver",
              "non_striker": "Nahida Khan",
              "runs": {
                "batter": 0,
                "extras": 0,
                "total": 0
              }
            }
          ]
        },
        {
          "over": 12,
          "deliveries": [
            {
              "batter": "Nahida Khan",
              "bowler": "FR Davies",
              "non_striker": "Javeria Khan",
              "runs": {
                "batter": 0,
                "extras": 0,
                "total": 0
              }
            },
            {
              "batter": "Nahida Khan",
              "bowler": "FR Davies",
              "non_striker": "Javeria Khan",
              "runs": {
                "batter": 1,
                "extras": 0,
                "total": 1
              }
            },
            {
              "batter": "Javeria Khan",
              "bowler": "FR Davies",
              "non_striker": "Nahida Khan",
              "runs": {
                "batter": 0,
                "extras": 0,
                "total": 0
              }
            },
            {
              "batter": "Javeria Khan",
              "bowler": "FR Davies",
              "non_striker": "Nahida Khan",
              "runs": {
                "batter": 0,
                "extras": 0,
                "total": 0
              }
            },
            {
              "batter": "Javeria Khan",
              "bowler": "FR Davies",
              "non_striker": "Nahida Khan",
              "runs": {
                "batter": 0,
                "extras": 0,
                "total": 0
              }
            },
            {
              "batter": "Javeria Khan",
              "bowler": "FR Davies",
              "non_striker": "Nahida Khan",
              "runs": {
                "batter": 4,
                "extras": 0,
                "total": 4
              }
            }
          ]
        },
        {
          "over": 13,
          "deliveries": [
            {
              "batter": "Nahida Khan",
              "bowler": "NR Sciver",
              "non_striker": "Javeria Khan",
              "runs": {
                "batter": 1,
                "extras": 0,
                "total": 1
              }
            },
            {
              "batter": "Javeria Khan",
              "bowler": "NR Sciver",
              "non_striker": "Nahida Khan",
              "runs": {
                "batter": 0,
                "extras": 0,
                "total": 0
              }
            },
            {
              "batter": "Javeria Khan",
              "bowler": "NR Sciver",
              "non_striker": "Nahida Khan",
              "runs": {
                "batter": 1,
                "extras": 0,
                "total": 1
              }
            },
            {
              "batter": "Nahida Khan",
              "bowler": "NR Sciver",
              "non_striker": "Javeria Khan",
              "runs": {
                "batter": 1,
                "extras": 0,
                "total": 1
              }
            },
            {
              "batter": "Javeria Khan",
              "bowler": "NR Sciver",
              "non_striker": "Nahida Khan",
              "runs": {
                "batter": 0,
                "extras": 0,
                "total": 0
              }
            },
            {
              "batter": "Javeria Khan",
              "bowler": "NR Sciver",
              "non_striker": "Nahida Khan",
              "runs": {
                "batter": 1,
                "extras": 0,
                "total": 1
              }
            }
          ]
        },
        {
          "over": 14,
          "deliveries": [
            {
              "batter": "Javeria Khan",
              "bowler": "FR Davies",
              "non_striker": "Nahida Khan",
              "runs": {
                "batter": 0,
                "extras": 0,
                "total": 0
              }
            },
            {
              "batter": "Javeria Khan",
              "bowler": "FR Davies",
              "non_striker": "Nahida Khan",
              "runs": {
                "batter": 0,
                "extras": 0,
                "total": 0
              }
            },
            {
              "batter": "Javeria Khan",
              "bowler": "FR Davies",
              "non_striker": "Nahida Khan",
              "runs": {
                "batter": 0,
                "extras": 0,
                "total": 0
              }
            },
            {
              "batter": "Javeria Khan",
              "bowler": "FR Davies",
              "non_striker": "Nahida Khan",
              "runs": {
                "batter": 0,
                "extras": 0,
                "total": 0
              }
            },
            {
              "batter": "Javeria Khan",
              "bowler": "FR Davies",
              "non_striker": "Nahida Khan",
              "runs": {
                "batter": 0,
                "extras": 0,
                "total": 0
              }
            },
            {
              "batter": "Javeria Khan",
              "bowler": "FR Davies",
              "non_striker": "Nahida Khan",
              "runs": {
                "batter": 1,
                "extras": 0,
                "total": 1
              }
            }
          ]
        },
        {
          "over": 15,
          "deliveries": [
            {
              "batter": "Javeria Khan",
              "bowler": "S Ecclestone",
              "non_striker": "Nahida Khan",
              "runs": {
                "batter": 0,
                "extras": 0,
                "total": 0
              }
            },
            {
              "batter": "Javeria Khan",
              "bowler": "S Ecclestone",
              "non_striker": "Nahida Khan",
              "runs": {
                "batter": 0,
                "extras": 0,
                "total": 0
              }
            },
            {
              "batter": "Javeria Khan",
              "bowler": "S Ecclestone",
              "non_striker": "Nahida Khan",
              "runs": {
                "batter": 1,
                "extras": 0,
                "total": 1
              }
            },
            {
              "batter": "Nahida Khan",
              "bowler": "S Ecclestone",
              "non_striker": "Javeria Khan",
              "runs": {
                "batter": 4,
                "extras": 0,
                "total": 4
              }
            },
            {
              "batter": "Nahida Khan",
              "bowler": "S Ecclestone",
              "non_striker": "Javeria Khan",
              "runs": {
                "batter": 1,
                "extras": 0,
                "total": 1
              }
            },
            {
              "batter": "Javeria Khan",
              "bowler": "S Ecclestone",
              "non_striker": "Nahida Khan",
              "runs": {
                "batter": 1,
                "extras": 0,
                "total": 1
              }
            }
          ]
        },
        {
          "over": 16,
          "deliveries": [
            {
              "batter": "Javeria Khan",
              "bowler": "S Glenn",
              "non_striker": "Nahida Khan",
              "runs": {
                "batter": 0,
                "extras": 0,
                "total": 0
              }
            },
            {
              "batter": "Javeria Khan",
              "bowler": "S Glenn",
              "non_striker": "Nahida Khan",
              "runs": {
                "batter": 0,
                "extras": 0,
                "total": 0
              }
            },
            {
              "batter": "Javeria Khan",
              "bowler": "S Glenn",
              "non_striker": "Nahida Khan",
              "runs": {
                "batter": 0,
                "extras": 0,
                "total": 0
              }
            },
            {
              "batter": "Javeria Khan",
              "bowler": "S Glenn",
              "non_striker": "Nahida Khan",
              "runs": {
                "batter": 1,
                "extras": 0,
                "total": 1
              }
            },
            {
              "batter": "Nahida Khan",
              "bowler": "S Glenn",
              "non_striker": "Javeria Khan",
              "runs": {
                "batter": 1,
                "extras": 0,
                "total": 1
              }
            },
            {
              "batter": "Javeria Khan",
              "bowler": "S Glenn",
              "non_striker": "Nahida Khan",
              "runs": {
                "batter": 0,
                "extras": 0,
                "total": 0
              }
            }
          ]
        },
        {
          "over": 17,
          "deliveries": [
            {
              "batter": "Nahida Khan",
              "bowler": "S Ecclestone",
              "non_striker": "Javeria Khan",
              "runs": {
                "batter": 1,
                "extras": 0,
                "total": 1
              }
            },
            {
              "batter": "Javeria Khan",
              "bowler": "S Ecclestone",
              "non_striker": "Nahida Khan",
              "runs": {
                "batter": 4,
                "extras": 0,
                "total": 4
              }
            },
            {
              "batter": "Javeria Khan",
              "bowler": "S Ecclestone",
              "non_striker": "Nahida Khan",
              "runs": {
                "batter": 1,
                "extras": 0,
                "total": 1
              }
            },
            {
              "batter": "Nahida Khan",
              "bowler": "S Ecclestone",
              "non_striker": "Javeria Khan",
              "runs": {
                "batter": 0,
                "extras": 0,
                "total": 0
              }
            },
            {
              "batter": "Nahida Khan",
              "bowler": "S Ecclestone",
              "non_striker": "Javeria Khan",
              "runs": {
                "batter": 1,
                "extras": 0,
                "total": 1
              }
            },
            {
              "batter": "Javeria Khan",
              "bowler": "S Ecclestone",
              "non_striker": "Nahida Khan",
              "runs": {
                "batter": 1,
                "extras": 0,
                "total": 1
              }
            }
          ]
        },
        {
          "over": 18,
          "deliveries": [
            {
              "batter": "Javeria Khan",
              "bowler": "S Glenn",
              "non_striker": "Nahida Khan",
              "runs": {
                "batter": 0,
                "extras": 0,
                "total": 0
              }
            },
            {
              "batter": "Javeria Khan",
              "bowler": "S Glenn",
              "non_striker": "Nahida Khan",
              "runs": {
                "batter": 1,
                "extras": 0,
                "total": 1
              }
            },
            {
              "batter": "Nahida Khan",
              "bowler": "S Glenn",
              "non_striker": "Javeria Khan",
              "runs": {
                "batter": 1,
                "extras": 0,
                "total": 1
              }
            },
            {
              "batter": "Javeria Khan",
              "bowler": "S Glenn",
              "non_striker": "Nahida Khan",
              "runs": {
                "batter": 0,
                "extras": 0,
                "total": 0
              }
            },
            {
              "batter": "Javeria Khan",
              "bowler": "S Glenn",
              "non_striker": "Nahida Khan",
              "runs": {
                "batter": 1,
                "extras": 0,
                "total": 1
              }
            },
            {
              "batter": "Nahida Khan",
              "bowler": "S Glenn",
              "non_striker": "Javeria Khan",
              "runs": {
                "batter": 0,
                "extras": 0,
                "total": 0
              }
            }
          ]
        },
        {
          "over": 19,
          "deliveries": [
            {
              "batter": "Javeria Khan",
              "bowler": "S Ecclestone",
              "non_striker": "Nahida Khan",
              "runs": {
                "batter": 0,
                "extras": 0,
                "total": 0
              }
            },
            {
              "batter": "Javeria Khan",
              "bowler": "S Ecclestone",
              "non_striker": "Nahida Khan",
              "runs": {
                "batter": 1,
                "extras": 0,
                "total": 1
              }
            },
            {
              "batter": "Nahida Khan",
              "bowler": "S Ecclestone",
              "non_striker": "Javeria Khan",
              "runs": {
                "batter": 1,
                "extras": 0,
                "total": 1
              }
            },
            {
              "batter": "Javeria Khan",
              "bowler": "S Ecclestone",
              "non_striker": "Nahida Khan",
              "runs": {
                "batter": 1,
                "extras": 0,
                "total": 1
              }
            },
            {
              "batter": "Nahida Khan",
              "bowler": "S Ecclestone",
              "non_striker": "Javeria Khan",
              "runs": {
                "batter": 0,
                "extras": 0,
                "total": 0
              }
            },
            {
              "batter": "Nahida Khan",
              "bowler": "S Ecclestone",
              "non_striker": "Javeria Khan",
              "runs": {
                "batter": 2,
                "extras": 0,
                "total": 2
              }
            }
          ]
        },
        {
          "over": 20,
          "deliveries": [
            {
              "batter": "Javeria Khan",
              "bowler": "S Glenn",
              "non_striker": "Nahida Khan",
              "runs": {
                "batter": 0,
                "extras": 0,
                "total": 0
              },
              "wickets": [
                {
                  "kind": "lbw",
                  "player_out": "Javeria Khan"
                }
              ]
            },
            {
              "batter": "Bismah Maroof",
              "bowler": "S Glenn",
              "non_striker": "Nahida Khan",
              "runs": {
                "batter": 0,
                "extras": 0,
                "total": 0
              }
            },
            {
              "batter": "Bismah Maroof",
              "bowler": "S Glenn",
              "non_striker": "Nahida Khan",
              "runs": {
                "batter": 0,
                "extras": 0,
                "total": 0
              }
            },
            {
              "batter": "Bismah Maroof",
              "bowler": "S Glenn",
              "non_striker": "Nahida Khan",
              "runs": {
                "batter": 1,
                "extras": 0,
                "total": 1
              }
            },
            {
              "batter": "Nahida Khan",
              "bowler": "S Glenn",
              "non_striker": "Bismah Maroof",
              "runs": {
                "batter": 0,
                "extras": 0,
                "total": 0
              }
            },
            {
              "batter": "Nahida Khan",
              "bowler": "S Glenn",
              "non_striker": "Bismah Maroof",
              "runs": {
                "batter": 0,
                "extras": 0,
                "total": 0
              }
            }
          ]
        },
        {
          "over": 21,
          "deliveries": [
            {
              "batter": "Bismah Maroof",
              "bowler": "S Ecclestone",
              "non_striker": "Nahida Khan",
              "runs": {
                "batter": 0,
                "extras": 0,
                "total": 0
              }
            },
            {
              "batter": "Bismah Maroof",
              "bowler": "S Ecclestone",
              "non_striker": "Nahida Khan",
              "runs": {
                "batter": 0,
                "extras": 0,
                "total": 0
              }
            },
            {
              "batter": "Bismah Maroof",
              "bowler": "S Ecclestone",
              "non_striker": "Nahida Khan",
              "runs": {
                "batter": 0,
                "extras": 0,
                "total": 0
              }
            },
            {
              "batter": "Bismah Maroof",
              "bowler": "S Ecclestone",
              "non_striker": "Nahida Khan",
              "runs": {
                "batter": 2,
                "extras": 0,
                "total": 2
              }
            },
            {
              "batter": "Bismah Maroof",
              "bowler": "S Ecclestone",
              "non_striker": "Nahida Khan",
              "runs": {
                "batter": 4,
                "extras": 0,
                "total": 4
              }
            },
            {
              "batter": "Bismah Maroof",
              "bowler": "S Ecclestone",
              "non_striker": "Nahida Khan",
              "runs": {
                "batter": 0,
                "extras": 0,
                "total": 0
              }
            }
          ]
        },
        {
          "over": 22,
          "deliveries": [
            {
              "batter": "Nahida Khan",
              "bowler": "S Glenn",
              "non_striker": "Bismah Maroof",
              "runs": {
                "batter": 0,
                "extras": 0,
                "total": 0
              },
              "wickets": [
                {
                  "kind": "lbw",
                  "player_out": "Nahida Khan"
                }
              ]
            },
            {
              "batter": "Kaynat Hafeez",
              "bowler": "S Glenn",
              "non_striker": "Bismah Maroof",
              "runs": {
                "batter": 0,
                "extras": 0,
                "total": 0
              }
            },
            {
              "batter": "Kaynat Hafeez",
              "bowler": "S Glenn",
              "non_striker": "Bismah Maroof",
              "runs": {
                "batter": 0,
                "extras": 0,
                "total": 0
              }
            },
            {
              "batter": "Kaynat Hafeez",
              "bowler": "S Glenn",
              "non_striker": "Bismah Maroof",
              "runs": {
                "batter": 0,
                "extras": 0,
                "total": 0
              }
            },
            {
              "batter": "Kaynat Hafeez",
              "bowler": "S Glenn",
              "non_striker": "Bismah Maroof",
              "runs": {
                "batter": 4,
                "extras": 0,
                "total": 4
              }
            },
            {
              "batter": "Kaynat Hafeez",
              "bowler": "S Glenn",
              "non_striker": "Bismah Maroof",
              "runs": {
                "batter": 0,
                "extras": 0,
                "total": 0
              }
            }
          ]
        },
        {
          "over": 23,
          "deliveries": [
            {
              "batter": "Bismah Maroof",
              "bowler": "S Ecclestone",
              "non_striker": "Kaynat Hafeez",
              "runs": {
                "batter": 0,
                "extras": 0,
                "total": 0
              }
            },
            {
              "batter": "Bismah Maroof",
              "bowler": "S Ecclestone",
              "non_striker": "Kaynat Hafeez",
              "runs": {
                "batter": 0,
                "extras": 0,
                "total": 0
              },
              "wickets": [
                {
                  "kind": "caught",
                  "player_out": "Bismah Maroof",
                  "fielders": [
                    {
                      "name": "AE Jones"
                    }
                  ]
                }
              ]
            },
            {
              "batter": "Umaima Sohail",
              "bowler": "S Ecclestone",
              "non_striker": "Kaynat Hafeez",
              "runs": {
                "batter": 0,
                "extras": 0,
                "total": 0
              }
            },
            {
              "batter": "Umaima Sohail",
              "bowler": "S Ecclestone",
              "non_striker": "Kaynat Hafeez",
              "runs": {
                "batter": 0,
                "extras": 0,
                "total": 0
              }
            },
            {
              "batter": "Umaima Sohail",
              "bowler": "S Ecclestone",
              "non_striker": "Kaynat Hafeez",
              "runs": {
                "batter": 4,
                "extras": 0,
                "total": 4
              }
            },
            {
              "batter": "Umaima Sohail",
              "bowler": "S Ecclestone",
              "non_striker": "Kaynat Hafeez",
              "runs": {
                "batter": 0,
                "extras": 0,
                "total": 0
              }
            }
          ]
        },
        {
          "over": 24,
          "deliveries": [
            {
              "batter": "Kaynat Hafeez",
              "bowler": "S Glenn",
              "non_striker": "Umaima Sohail",
              "runs": {
                "batter": 0,
                "extras": 0,
                "total": 0
              },
              "wickets": [
                {
                  "kind": "bowled",
                  "player_out": "Kaynat Hafeez"
                }
              ]
            },
            {
              "batter": "Nida Dar",
              "bowler": "S Glenn",
              "non_striker": "Umaima Sohail",
              "runs": {
                "batter": 0,
                "extras": 0,
                "total": 0
              }
            },
            {
              "batter": "Nida Dar",
              "bowler": "S Glenn",
              "non_striker": "Umaima Sohail",
              "runs": {
                "batter": 0,
                "extras": 0,
                "total": 0
              }
            },
            {
              "batter": "Nida Dar",
              "bowler": "S Glenn",
              "non_striker": "Umaima Sohail",
              "runs": {
                "batter": 0,
                "extras": 0,
                "total": 0
              }
            },
            {
              "batter": "Nida Dar",
              "bowler": "S Glenn",
              "non_striker": "Umaima Sohail",
              "runs": {
                "batter": 0,
                "extras": 0,
                "total": 0
              }
            },
            {
              "batter": "Nida Dar",
              "bowler": "S Glenn",
              "non_striker": "Umaima Sohail",
              "runs": {
                "batter": 0,
                "extras": 0,
                "total": 0
              }
            }
          ]
        },
        {
          "over": 25,
          "deliveries": [
            {
              "batter": "Umaima Sohail",
              "bowler": "S Ecclestone",
              "non_striker": "Nida Dar",
              "runs": {
                "batter": 1,
                "extras": 0,
                "total": 1
              }
            },
            {
              "batter": "Nida Dar",
              "bowler": "S Ecclestone",
              "non_striker": "Umaima Sohail",
              "runs": {
                "batter": 1,
                "extras": 0,
                "total": 1
              }
            },
            {
              "batter": "Umaima Sohail",
              "bowler": "S Ecclestone",
              "non_striker": "Nida Dar",
              "runs": {
                "batter": 0,
                "extras": 0,
                "total": 0
              }
            },
            {
              "batter": "Umaima Sohail",
              "bowler": "S Ecclestone",
              "non_striker": "Nida Dar",
              "runs": {
                "batter": 0,
                "extras": 0,
                "total": 0
              }
            },
            {
              "batter": "Umaima Sohail",
              "bowler": "S Ecclestone",
              "non_striker": "Nida Dar",
              "runs": {
                "batter": 0,
                "extras": 0,
                "total": 0
              }
            },
            {
              "batter": "Umaima Sohail",
              "bowler": "S Ecclestone",
              "non_striker": "Nida Dar",
              "runs": {
                "batter": 1,
                "extras": 0,
                "total": 1
              }
            }
          ]
        },
        {
          "over": 26,
          "deliveries": [
            {
              "batter": "Umaima Sohail",
              "bowler": "S Glenn",
              "non_striker": "Nida Dar",
              "runs": {
                "batter": 0,
                "extras": 0,
                "total": 0
              }
            },
            {
              "batter": "Umaima Sohail",
              "bowler": "S Glenn",
              "non_striker": "Nida Dar",
              "runs": {
                "batter": 0,
                "extras": 0,
                "total": 0
              }
            },
            {
              "batter": "Umaima Sohail",
              "bowler": "S Glenn",
              "non_striker": "Nida Dar",
              "runs": {
                "batter": 4,
                "extras": 0,
                "total": 4
              }
            },
            {
              "batter": "Umaima Sohail",
              "bowler": "S Glenn",
              "non_striker": "Nida Dar",
              "runs": {
                "batter": 0,
                "extras": 0,
                "total": 0
              }
            },
            {
              "batter": "Umaima Sohail",
              "bowler": "S Glenn",
              "non_striker": "Nida Dar",
              "runs": {
                "batter": 1,
                "extras": 0,
                "total": 1
              }
            },
            {
              "batter": "Nida Dar",
              "bowler": "S Glenn",
              "non_striker": "Umaima Sohail",
              "runs": {
                "batter": 0,
                "extras": 0,
                "total": 0
              }
            }
          ]
        },
        {
          "over": 27,
          "deliveries": [
            {
              "batter": "Umaima Sohail",
              "bowler": "S Ecclestone",
              "non_striker": "Nida Dar",
              "runs": {
                "batter": 0,
                "extras": 0,
                "total": 0
              }
            },
            {
              "batter": "Umaima Sohail",
              "bowler": "S Ecclestone",
              "non_striker": "Nida Dar",
              "runs": {
                "batter": 0,
                "extras": 0,
                "total": 0
              }
            },
            {
              "batter": "Umaima Sohail",
              "bowler": "S Ecclestone",
              "non_striker": "Nida Dar",
              "runs": {
                "batter": 0,
                "extras": 0,
                "total": 0
              }
            },
            {
              "batter": "Umaima Sohail",
              "bowler": "S Ecclestone",
              "non_striker": "Nida Dar",
              "runs": {
                "batter": 1,
                "extras": 0,
                "total": 1
              }
            },
            {
              "batter": "Nida Dar",
              "bowler": "S Ecclestone",
              "non_striker": "Umaima Sohail",
              "runs": {
                "batter": 0,
                "extras": 0,
                "total": 0
              }
            },
            {
              "batter": "Nida Dar",
              "bowler": "S Ecclestone",
              "non_striker": "Umaima Sohail",
              "runs": {
                "batter": 0,
                "extras": 0,
                "total": 0
              }
            }
          ]
        },
        {
          "over": 28,
          "deliveries": [
            {
              "batter": "Umaima Sohail",
              "bowler": "S Glenn",
              "non_striker": "Nida Dar",
              "runs": {
                "batter": 1,
                "extras": 0,
                "total": 1
              }
            },
            {
              "batter": "Nida Dar",
              "bowler": "S Glenn",
              "non_striker": "Umaima Sohail",
              "runs": {
                "batter": 0,
                "extras": 0,
                "total": 0
              }
            },
            {
              "batter": "Nida Dar",
              "bowler": "S Glenn",
              "non_striker": "Umaima Sohail",
              "runs": {
                "batter": 0,
                "extras": 0,
                "total": 0
              }
            },
            {
              "batter": "Nida Dar",
              "bowler": "S Glenn",
              "non_striker": "Umaima Sohail",
              "runs": {
                "batter": 0,
                "extras": 0,
                "total": 0
              }
            },
            {
              "batter": "Nida Dar",
              "bowler": "S Glenn",
              "non_striker": "Umaima Sohail",
              "runs": {
                "batter": 0,
                "extras": 0,
                "total": 0
              },
              "wickets": [
                {
                  "kind": "bowled",
                  "player_out": "Nida Dar"
                }
              ]
            },
            {
              "batter": "Aliya Riaz",
              "bowler": "S Glenn",
              "non_striker": "Umaima Sohail",
              "runs": {
                "batter": 0,
                "extras": 0,
                "total": 0
              }
            }
          ]
        },
        {
          "over": 29,
          "deliveries": [
            {
              "batter": "Umaima Sohail",
              "bowler": "S Ecclestone",
              "non_striker": "Aliya Riaz",
              "runs": {
                "batter": 0,
                "extras": 0,
                "total": 0
              }
            },
            {
              "batter": "Umaima Sohail",
              "bowler": "S Ecclestone",
              "non_striker": "Aliya Riaz",
              "runs": {
                "batter": 0,
                "extras": 0,
                "total": 0
              }
            },
            {
              "batter": "Umaima Sohail",
              "bowler": "S Ecclestone",
              "non_striker": "Aliya Riaz",
              "runs": {
                "batter": 0,
                "extras": 0,
                "total": 0
              }
            },
            {
              "batter": "Umaima Sohail",
              "bowler": "S Ecclestone",
              "non_striker": "Aliya Riaz",
              "runs": {
                "batter": 0,
                "extras": 0,
                "total": 0
              }
            },
            {
              "batter": "Umaima Sohail",
              "bowler": "S Ecclestone",
              "non_striker": "Aliya Riaz",
              "runs": {
                "batter": 1,
                "extras": 0,
                "total": 1
              }
            },
            {
              "batter": "Aliya Riaz",
              "bowler": "S Ecclestone",
              "non_striker": "Umaima Sohail",
              "runs": {
                "batter": 0,
                "extras": 0,
                "total": 0
              }
            }
          ]
        },
        {
          "over": 30,
          "deliveries": [
            {
              "batter": "Umaima Sohail",
              "bowler": "S Glenn",
              "non_striker": "Aliya Riaz",
              "runs": {
                "batter": 0,
                "extras": 0,
                "total": 0
              }
            },
            {
              "batter": "Umaima Sohail",
              "bowler": "S Glenn",
              "non_striker": "Aliya Riaz",
              "runs": {
                "batter": 1,
                "extras": 0,
                "total": 1
              }
            },
            {
              "batter": "Aliya Riaz",
              "bowler": "S Glenn",
              "non_striker": "Umaima Sohail",
              "runs": {
                "batter": 1,
                "extras": 0,
                "total": 1
              }
            },
            {
              "batter": "Umaima Sohail",
              "bowler": "S Glenn",
              "non_striker": "Aliya Riaz",
              "runs": {
                "batter": 0,
                "extras": 0,
                "total": 0
              }
            },
            {
              "batter": "Umaima Sohail",
              "bowler": "S Glenn",
              "non_striker": "Aliya Riaz",
              "runs": {
                "batter": 0,
                "extras": 0,
                "total": 0
              }
            },
            {
              "batter": "Umaima Sohail",
              "bowler": "S Glenn",
              "non_striker": "Aliya Riaz",
              "runs": {
                "batter": 0,
                "extras": 0,
                "total": 0
              }
            }
          ]
        },
        {
          "over": 31,
          "deliveries": [
            {
              "batter": "Aliya Riaz",
              "bowler": "A Shrubsole",
              "non_striker": "Umaima Sohail",
              "runs": {
                "batter": 1,
                "extras": 0,
                "total": 1
              }
            },
            {
              "batter": "Umaima Sohail",
              "bowler": "A Shrubsole",
              "non_striker": "Aliya Riaz",
              "runs": {
                "batter": 4,
                "extras": 0,
                "total": 4
              }
            },
            {
              "batter": "Umaima Sohail",
              "bowler": "A Shrubsole",
              "non_striker": "Aliya Riaz",
              "runs": {
                "batter": 0,
                "extras": 0,
                "total": 0
              }
            },
            {
              "batter": "Umaima Sohail",
              "bowler": "A Shrubsole",
              "non_striker": "Aliya Riaz",
              "runs": {
                "batter": 0,
                "extras": 0,
                "total": 0
              }
            },
            {
              "batter": "Umaima Sohail",
              "bowler": "A Shrubsole",
              "non_striker": "Aliya Riaz",
              "runs": {
                "batter": 0,
                "extras": 0,
                "total": 0
              }
            },
            {
              "batter": "Umaima Sohail",
              "bowler": "A Shrubsole",
              "non_striker": "Aliya Riaz",
              "runs": {
                "batter": 1,
                "extras": 0,
                "total": 1
              }
            }
          ]
        },
        {
          "over": 32,
          "deliveries": [
            {
              "batter": "Umaima Sohail",
              "bowler": "FR Davies",
              "extras": {
                "wides": 1
              },
              "non_striker": "Aliya Riaz",
              "runs": {
                "batter": 0,
                "extras": 1,
                "total": 1
              }
            },
            {
              "batter": "Umaima Sohail",
              "bowler": "FR Davies",
              "non_striker": "Aliya Riaz",
              "runs": {
                "batter": 0,
                "extras": 0,
                "total": 0
              }
            },
            {
              "batter": "Umaima Sohail",
              "bowler": "FR Davies",
              "non_striker": "Aliya Riaz",
              "runs": {
                "batter": 0,
                "extras": 0,
                "total": 0
              }
            },
            {
              "batter": "Umaima Sohail",
              "bowler": "FR Davies",
              "non_striker": "Aliya Riaz",
              "runs": {
                "batter": 1,
                "extras": 0,
                "total": 1
              }
            },
            {
              "batter": "Aliya Riaz",
              "bowler": "FR Davies",
              "non_striker": "Umaima Sohail",
              "runs": {
                "batter": 0,
                "extras": 0,
                "total": 0
              }
            },
            {
              "batter": "Aliya Riaz",
              "bowler": "FR Davies",
              "non_striker": "Umaima Sohail",
              "runs": {
                "batter": 0,
                "extras": 0,
                "total": 0
              }
            },
            {
              "batter": "Aliya Riaz",
              "bowler": "FR Davies",
              "non_striker": "Umaima Sohail",
              "runs": {
                "batter": 0,
                "extras": 0,
                "total": 0
              }
            }
          ]
        },
        {
          "over": 33,
          "deliveries": [
            {
              "batter": "Umaima Sohail",
              "bowler": "A Shrubsole",
              "non_striker": "Aliya Riaz",
              "runs": {
                "batter": 0,
                "extras": 0,
                "total": 0
              }
            },
            {
              "batter": "Umaima Sohail",
              "bowler": "A Shrubsole",
              "non_striker": "Aliya Riaz",
              "runs": {
                "batter": 0,
                "extras": 0,
                "total": 0
              }
            },
            {
              "batter": "Umaima Sohail",
              "bowler": "A Shrubsole",
              "non_striker": "Aliya Riaz",
              "runs": {
                "batter": 0,
                "extras": 0,
                "total": 0
              }
            },
            {
              "batter": "Umaima Sohail",
              "bowler": "A Shrubsole",
              "non_striker": "Aliya Riaz",
              "runs": {
                "batter": 0,
                "extras": 0,
                "total": 0
              }
            },
            {
              "batter": "Umaima Sohail",
              "bowler": "A Shrubsole",
              "non_striker": "Aliya Riaz",
              "runs": {
                "batter": 0,
                "extras": 0,
                "total": 0
              }
            },
            {
              "batter": "Umaima Sohail",
              "bowler": "A Shrubsole",
              "non_striker": "Aliya Riaz",
              "runs": {
                "batter": 0,
                "extras": 0,
                "total": 0
              }
            }
          ]
        },
        {
          "over": 34,
          "deliveries": [
            {
              "batter": "Aliya Riaz",
              "bowler": "FR Davies",
              "non_striker": "Umaima Sohail",
              "runs": {
                "batter": 0,
                "extras": 0,
                "total": 0
              }
            },
            {
              "batter": "Aliya Riaz",
              "bowler": "FR Davies",
              "non_striker": "Umaima Sohail",
              "runs": {
                "batter": 0,
                "extras": 0,
                "total": 0
              }
            },
            {
              "batter": "Aliya Riaz",
              "bowler": "FR Davies",
              "non_striker": "Umaima Sohail",
              "runs": {
                "batter": 4,
                "extras": 0,
                "total": 4
              }
            },
            {
              "batter": "Aliya Riaz",
              "bowler": "FR Davies",
              "non_striker": "Umaima Sohail",
              "runs": {
                "batter": 0,
                "extras": 0,
                "total": 0
              }
            },
            {
              "batter": "Aliya Riaz",
              "bowler": "FR Davies",
              "non_striker": "Umaima Sohail",
              "runs": {
                "batter": 0,
                "extras": 0,
                "total": 0
              }
            },
            {
              "batter": "Aliya Riaz",
              "bowler": "FR Davies",
              "non_striker": "Umaima Sohail",
              "runs": {
                "batter": 1,
                "extras": 0,
                "total": 1
              }
            }
          ]
        },
        {
          "over": 35,
          "deliveries": [
            {
              "batter": "Aliya Riaz",
              "bowler": "A Shrubsole",
              "non_striker": "Umaima Sohail",
              "runs": {
                "batter": 0,
                "extras": 0,
                "total": 0
              },
              "wickets": [
                {
                  "kind": "bowled",
                  "player_out": "Aliya Riaz"
                }
              ]
            },
            {
              "batter": "Sidra Nawaz",
              "bowler": "A Shrubsole",
              "non_striker": "Umaima Sohail",
              "runs": {
                "batter": 1,
                "extras": 0,
                "total": 1
              }
            },
            {
              "batter": "Umaima Sohail",
              "bowler": "A Shrubsole",
              "non_striker": "Sidra Nawaz",
              "runs": {
                "batter": 0,
                "extras": 0,
                "total": 0
              }
            },
            {
              "batter": "Umaima Sohail",
              "bowler": "A Shrubsole",
              "non_striker": "Sidra Nawaz",
              "runs": {
                "batter": 0,
                "extras": 0,
                "total": 0
              }
            },
            {
              "batter": "Umaima Sohail",
              "bowler": "A Shrubsole",
              "non_striker": "Sidra Nawaz",
              "runs": {
                "batter": 1,
                "extras": 0,
                "total": 1
              }
            },
            {
              "batter": "Sidra Nawaz",
              "bowler": "A Shrubsole",
              "non_striker": "Umaima Sohail",
              "runs": {
                "batter": 0,
                "extras": 0,
                "total": 0
              }
            }
          ]
        },
        {
          "over": 36,
          "deliveries": [
            {
              "batter": "Umaima Sohail",
              "bowler": "FR Davies",
              "non_striker": "Sidra Nawaz",
              "runs": {
                "batter": 4,
                "extras": 0,
                "total": 4
              }
            },
            {
              "batter": "Umaima Sohail",
              "bowler": "FR Davies",
              "non_striker": "Sidra Nawaz",
              "runs": {
                "batter": 0,
                "extras": 0,
                "total": 0
              }
            },
            {
              "batter": "Umaima Sohail",
              "bowler": "FR Davies",
              "non_striker": "Sidra Nawaz",
              "runs": {
                "batter": 1,
                "extras": 0,
                "total": 1
              }
            },
            {
              "batter": "Sidra Nawaz",
              "bowler": "FR Davies",
              "non_striker": "Umaima Sohail",
              "runs": {
                "batter": 0,
                "extras": 0,
                "total": 0
              }
            },
            {
              "batter": "Sidra Nawaz",
              "bowler": "FR Davies",
              "non_striker": "Umaima Sohail",
              "runs": {
                "batter": 0,
                "extras": 0,
                "total": 0
              }
            },
            {
              "batter": "Sidra Nawaz",
              "bowler": "FR Davies",
              "non_striker": "Umaima Sohail",
              "runs": {
                "batter": 0,
                "extras": 0,
                "total": 0
              }
            }
          ]
        },
        {
          "over": 37,
          "deliveries": [
            {
              "batter": "Umaima Sohail",
              "bowler": "A Shrubsole",
              "extras": {
                "legbyes": 1
              },
              "non_striker": "Sidra Nawaz",
              "runs": {
                "batter": 0,
                "extras": 1,
                "total": 1
              }
            },
            {
              "batter": "Sidra Nawaz",
              "bowler": "A Shrubsole",
              "non_striker": "Umaima Sohail",
              "runs": {
                "batter": 0,
                "extras": 0,
                "total": 0
              },
              "wickets": [
                {
                  "kind": "bowled",
                  "player_out": "Sidra Nawaz"
                }
              ]
            },
            {
              "batter": "Diana Baig",
              "bowler": "A Shrubsole",
              "non_striker": "Umaima Sohail",
              "runs": {
                "batter": 0,
                "extras": 0,
                "total": 0
              },
              "wickets": [
                {
                  "kind": "caught",
                  "player_out": "Diana Baig",
                  "fielders": [
                    {
                      "name": "AE Jones"
                    }
                  ]
                }
              ]
            },
            {
              "batter": "Syeda Aroob Shah",
              "bowler": "A Shrubsole",
              "non_striker": "Umaima Sohail",
              "runs": {
                "batter": 0,
                "extras": 0,
                "total": 0
              }
            }
          ]
        }
      ],
      "powerplays": [
        {
          "from": 0.1,
          "to": 9.6,
          "type": "mandatory"
        }
      ]
    }
  ]
}