{
  "meta": {
    "data_version": "1.1.0",
    "created": "2022-03-07",
    "revision": 1
  },
  "info": {
    "balls_per_over": 6,
    "city": "Dunedin",
    "dates": [
      "2022-03-07"
    ],
    "event": {
      "name": "ICC Women's World Cup",
      "match_number": 5
    },
    "gender": "female",
    "match_type": "ODI",
    "match_type_number": 1248,
    "officials": {
      "match_referees": [
        "GS Lakshmi"
      ],
      "reserve_umpires": [
        "L Rusere"
      ],
      "tv_umpires": [
        "Eloise Sheridan"
      ],
      "umpires": [
        "CA Polosak",
        "P Wilson"
      ]
    },
    "outcome": {
      "winner": "New Zealand",
      "by": {
        "wickets": 9
      }
    },
    "overs": 50,
    "player_of_match": [
      "SW Bates"
    ],
    "players": {
      "Bangladesh": [
        "Shamima Sultana",
        "Fargana Hoque",
        "Nigar Sultana",
        "Rumana Ahmed",
        "S Mostary",
        "Ritu Moni",
        "Salma Khatun",
        "Lata Mondal",
        "Jahanara Alam",
        "Nahida Akter",
        "Fariha Trisna"
      ],
      "New Zealand": [
        "SFM Devine",
        "SW Bates",
        "AC Kerr",
        "AE Satterthwaite",
        "LMM Tahuhu",
        "ML Green",
        "FL Mackay",
        "KJ Martin",
        "JM Kerr",
        "HM Rowe",
        "HNK Jensen"
      ]
    },
    "registry": {
      "people": {
        "AC Kerr": "7673c908",
        "AE Satterthwaite": "72b7ed1e",
        "CA Polosak": "26a360d2",
        "Eloise Sheridan": "d8d43840",
        "FL Mackay": "7391f160",
        "Fargana Hoque": "6e96c956",
        "Fariha Trisna": "7b51bfa4",
        "GS Lakshmi": "ba8d5615",
        "HM Rowe": "8ca1f93a",
        "HNK Jensen": "b8cce99f",
        "JM Kerr": "9af58032",
        "Jahanara Alam": "752183c1",
        "KJ Martin": "cf75a839",
        "L Rusere": "6a4734ae",
        "LMM Tahuhu": "60471339",
        "Lata Mondal": "5bf87532",
        "ML Green": "865eae1f",
        "Nahida Akter": "66078174",
        "Nigar Sultana": "3827f6a2",
        "P Wilson": "68304a36",
        "Ritu Moni": "ad3940a5",
        "Rumana Ahmed": "a92763ea",
        "S Mostary": "94de63bf",
        "SFM Devine": "de69af96",
        "SW Bates": "89bbc67a",
        "Salma Khatun": "037f2b86",
        "Shamima Sultana": "724645f5"
      }
    },
    "season": "2021/22",
    "team_type": "international",
    "teams": [
      "Bangladesh",
      "New Zealand"
    ],
    "toss": {
      "decision": "field",
      "winner": "New Zealand"
    },
    "venue": "University Oval, Dunedin"
  },
  "innings": [
    {
      "team": "Bangladesh",
      "overs": [
        {
          "over": 0,
          "deliveries": [
            {
              "batter": "Shamima Sultana",
              "bowler": "LMM Tahuhu",
              "extras": {
                "wides": 1
              },
              "non_striker": "Fargana Hoque",
              "runs": {
                "batter": 0,
                "extras": 1,
                "total": 1
              }
            },
            {
              "batter": "Shamima Sultana",
              "bowler": "LMM Tahuhu",
              "non_striker": "Fargana Hoque",
              "runs": {
                "batter": 0,
                "extras": 0,
                "total": 0
              }
            },
            {
              "batter": "Shamima Sultana",
              "bowler": "LMM Tahuhu",
              "non_striker": "Fargana Hoque",
              "runs": {
                "batter": 0,
                "extras": 0,
                "total": 0
              }
            },
            {
              "batter": "Shamima Sultana",
              "bowler": "LMM Tahuhu",
              "non_striker": "Fargana Hoque",
              "runs": {
                "batter": 1,
                "extras": 0,
                "total": 1
              }
            },
            {
              "batter": "Fargana Hoque",
              "bowler": "LMM Tahuhu",
              "non_striker": "Shamima Sultana",
              "runs": {
                "batter": 0,
                "extras": 0,
                "total": 0
              }
            },
            {
              "batter": "Fargana Hoque",
              "bowler": "LMM Tahuhu",
              "non_striker": "Shamima Sultana",
              "runs": {
                "batter": 0,
                "extras": 0,
                "total": 0
              }
            },
            {
              "batter": "Fargana Hoque",
              "bowler": "LMM Tahuhu",
              "non_striker": "Shamima Sultana",
              "runs": {
                "batter": 4,
                "extras": 0,
                "total": 4
              }
            }
          ]
        },
        {
          "over": 1,
          "deliveries": [
            {
              "batter": "Shamima Sultana",
              "bowler": "JM Kerr",
              "extras": {
                "wides": 1
              },
              "non_striker": "Fargana Hoque",
              "runs": {
                "batter": 0,
                "extras": 1,
                "total": 1
              }
            },
            {
              "batter": "Shamima Sultana",
              "bowler": "JM Kerr",
              "non_striker": "Fargana Hoque",
              "runs": {
                "batter": 4,
                "extras": 0,
                "total": 4
              }
            },
            {
              "batter": "Shamima Sultana",
              "bowler": "JM Kerr",
              "non_striker": "Fargana Hoque",
              "runs": {
                "batter": 1,
                "extras": 0,
                "total": 1
              }
            },
            {
              "batter": "Fargana Hoque",
              "bowler": "JM Kerr",
              "non_striker": "Shamima Sultana",
              "runs": {
                "batter": 2,
                "extras": 0,
                "total": 2
              }
            },
            {
              "batter": "Fargana Hoque",
              "bowler": "JM Kerr",
              "extras": {
                "wides": 1
              },
              "non_striker": "Shamima Sultana",
              "runs": {
                "batter": 0,
                "extras": 1,
                "total": 1
              }
            },
            {
              "batter": "Fargana Hoque",
              "bowler": "JM Kerr",
              "non_striker": "Shamima Sultana",
              "runs": {
                "batter": 2,
                "extras": 0,
                "total": 2
              }
            },
            {
              "batter": "Fargana Hoque",
              "bowler": "JM Kerr",
              "non_striker": "Shamima Sultana",
              "runs": {
                "batter": 1,
                "extras": 0,
                "total": 1
              }
            },
            {
              "batter": "Shamima Sultana",
              "bowler": "JM Kerr",
              "non_striker": "Fargana Hoque",
              "runs": {
                "batter": 0,
                "extras": 0,
                "total": 0
              }
            }
          ]
        },
        {
          "over": 2,
          "deliveries": [
            {
              "batter": "Fargana Hoque",
              "bowler": "LMM Tahuhu",
              "non_striker": "Shamima Sultana",
              "runs": {
                "batter": 2,
                "extras": 0,
                "total": 2
              }
            },
            {
              "batter": "Fargana Hoque",
              "bowler": "LMM Tahuhu",
              "non_striker": "Shamima Sultana",
              "runs": {
                "batter": 1,
                "extras": 0,
                "total": 1
              }
            },
            {
              "batter": "Shamima Sultana",
              "bowler": "LMM Tahuhu",
              "non_striker": "Fargana Hoque",
              "runs": {
                "batter": 4,
                "extras": 0,
                "total": 4
              }
            },
            {
              "batter": "Shamima Sultana",
              "bowler": "LMM Tahuhu",
              "extras": {
                "wides": 1
              },
              "non_striker": "Fargana Hoque",
              "runs": {
                "batter": 0,
                "extras": 1,
                "total": 1
              }
            },
            {
              "batter": "Shamima Sultana",
              "bowler": "LMM Tahuhu",
              "non_striker": "Fargana Hoque",
              "runs": {
                "batter": 0,
                "extras": 0,
                "total": 0
              }
            },
            {
              "batter": "Shamima Sultana",
              "bowler": "LMM Tahuhu",
              "non_striker": "Fargana Hoque",
              "runs": {
                "batter": 4,
                "extras": 0,
                "total": 4
              }
            },
            {
              "batter": "Shamima Sultana",
              "bowler": "LMM Tahuhu",
              "non_striker": "Fargana Hoque",
              "runs": {
                "batter": 1,
                "extras": 0,
                "total": 1
              }
            }
          ]
        },
        {
          "over": 3,
          "deliveries": [
            {
              "batter": "Shamima Sultana",
              "bowler": "JM Kerr",
              "non_striker": "Fargana Hoque",
              "runs": {
                "batter": 0,
                "extras": 0,
                "total": 0
              }
            },
            {
              "batter": "Shamima Sultana",
              "bowler": "JM Kerr",
              "non_striker": "Fargana Hoque",
              "runs": {
                "batter": 1,
                "extras": 0,
                "total": 1
              }
            },
            {
              "batter": "Fargana Hoque",
              "bowler": "JM Kerr",
              "non_striker": "Shamima Sultana",
              "runs": {
                "batter": 1,
                "extras": 0,
                "total": 1
              }
            },
            {
              "batter": "Shamima Sultana",
              "bowler": "JM Kerr",
              "non_striker": "Fargana Hoque",
              "runs": {
                "batter": 0,
                "extras": 0,
                "total": 0
              }
            },
            {
              "batter": "Shamima Sultana",
              "bowler": "JM Kerr",
              "non_striker": "Fargana Hoque",
              "runs": {
                "batter": 0,
                "extras": 0,
                "total": 0
              }
            },
            {
              "batter": "Shamima Sultana",
              "bowler": "JM Kerr",
              "non_striker": "Fargana Hoque",
              "runs": {
                "batter": 1,
                "extras": 0,
                "total": 1
              }
            }
          ]
        },
        {
          "over": 4,
          "deliveries": [
            {
              "batter": "Shamima Sultana",
              "bowler": "HNK Jensen",
              "non_striker": "Fargana Hoque",
              "runs": {
                "batter": 2,
                "extras": 0,
                "total": 2
              }
            },
            {
              "batter": "Shamima Sultana",
              "bowler": "HNK Jensen",
              "non_striker": "Fargana Hoque",
              "runs": {
                "batter": 0,
                "extras": 0,
                "total": 0
              }
            },
            {
              "batter": "Shamima Sultana",
              "bowler": "HNK Jensen",
              "non_striker": "Fargana Hoque",
              "runs": {
                "batter": 2,
                "extras": 0,
                "total": 2
              }
            },
            {
              "batter": "Shamima Sultana",
              "bowler": "HNK Jensen",
              "non_striker": "Fargana Hoque",
              "runs": {
                "batter": 0,
                "extras": 0,
                "total": 0
              }
            },
            {
              "batter": "Shamima Sultana",
              "bowler": "HNK Jensen",
              "non_striker": "Fargana Hoque",
              "runs": {
                "batter": 3,
                "extras": 0,
                "total": 3
              }
            },
            {
              "batter": "Fargana Hoque",
              "bowler": "HNK Jensen",
              "non_striker": "Shamima Sultana",
              "runs": {
                "batter": 0,
                "extras": 0,
                "total": 0
              }
            }
          ]
        },
        {
          "over": 5,
          "deliveries": [
            {
              "batter": "Shamima Sultana",
              "bowler": "JM Kerr",
              "non_striker": "Fargana Hoque",
              "runs": {
                "batter": 0,
                "extras": 0,
                "total": 0
              }
            },
            {
              "batter": "Shamima Sultana",
              "bowler": "JM Kerr",
              "non_striker": "Fargana Hoque",
              "runs": {
                "batter": 0,
                "extras": 0,
                "total": 0
              }
            },
            {
              "batter": "Shamima Sultana",
              "bowler": "JM Kerr",
              "non_striker": "Fargana Hoque",
              "runs": {
                "batter": 0,
                "extras": 0,
                "total": 0
              }
            },
            {
              "batter": "Shamima Sultana",
              "bowler": "JM Kerr",
              "non_striker": "Fargana Hoque",
              "runs": {
                "batter": 4,
                "extras": 0,
                "total": 4
              }
            },
            {
              "batter": "Shamima Sultana",
              "bowler": "JM Kerr",
              "non_striker": "Fargana Hoque",
              "runs": {
                "batter": 0,
                "extras": 0,
                "total": 0
              }
            },
            {
              "batter": "Shamima Sultana",
              "bowler": "JM Kerr",
              "non_striker": "Fargana Hoque",
              "runs": {
                "batter": 0,
                "extras": 0,
                "total": 0
              }
            }
          ]
        },
        {
          "over": 6,
          "deliveries": [
            {
              "batter": "Fargana Hoque",
              "bowler": "AC Kerr",
              "non_striker": "Shamima Sultana",
              "runs": {
                "batter": 1,
                "extras": 0,
                "total": 1
              }
            },
            {
              "batter": "Shamima Sultana",
              "bowler": "AC Kerr",
              "non_striker": "Fargana Hoque",
              "runs": {
                "batter": 1,
                "extras": 0,
                "total": 1
              }
            },
            {
              "batter": "Fargana Hoque",
              "bowler": "AC Kerr",
              "extras": {
                "byes": 1
              },
              "non_striker": "Shamima Sultana",
              "runs": {
                "batter": 0,
                "extras": 1,
                "total": 1
              }
            },
            {
              "batter": "Shamima Sultana",
              "bowler": "AC Kerr",
              "non_striker": "Fargana Hoque",
              "runs": {
                "batter": 1,
                "extras": 0,
                "total": 1
              }
            },
            {
              "batter": "Fargana Hoque",
              "bowler": "AC Kerr",
              "non_striker": "Shamima Sultana",
              "runs": {
                "batter": 0,
                "extras": 0,
                "total": 0
              }
            },
            {
              "batter": "Fargana Hoque",
              "bowler": "AC Kerr",
              "non_striker": "Shamima Sultana",
              "runs": {
                "batter": 1,
                "extras": 0,
                "total": 1
              }
            }
          ]
        },
        {
          "over": 7,
          "deliveries": [
            {
              "batter": "Fargana Hoque",
              "bowler": "HNK Jensen",
              "non_striker": "Shamima Sultana",
              "runs": {
                "batter": 2,
                "extras": 0,
                "total": 2
              }
            },
            {
              "batter": "Fargana Hoque",
              "bowler": "HNK Jensen",
              "non_striker": "Shamima Sultana",
              "runs": {
                "batter": 0,
                "extras": 0,
                "total": 0
              }
            },
            {
              "batter": "Fargana Hoque",
              "bowler": "HNK Jensen",
              "non_striker": "Shamima Sultana",
              "runs": {
                "batter": 1,
                "extras": 0,
                "total": 1
              }
            },
            {
              "batter": "Shamima Sultana",
              "bowler": "HNK Jensen",
              "non_striker": "Fargana Hoque",
              "runs": {
                "batter": 1,
                "extras": 0,
                "total": 1
              }
            },
            {
              "batter": "Fargana Hoque",
              "bowler": "HNK Jensen",
              "non_striker": "Shamima Sultana",
              "runs": {
                "batter": 2,
                "extras": 0,
                "total": 2
              }
            },
            {
              "batter": "Fargana Hoque",
              "bowler": "HNK Jensen",
              "non_striker": "Shamima Sultana",
              "runs": {
                "batter": 0,
                "extras": 0,
                "total": 0
              }
            }
          ]
        },
        {
          "over": 8,
          "deliveries": [
            {
              "batter": "Shamima Sultana",
              "bowler": "AC Kerr",
              "non_striker": "Fargana Hoque",
              "runs": {
                "batter": 0,
                "extras": 0,
                "total": 0
              }
            },
            {
              "batter": "Shamima Sultana",
              "bowler": "AC Kerr",
              "non_striker": "Fargana Hoque",
              "runs": {
                "batter": 1,
                "extras": 0,
                "total": 1
              }
            },
            {
              "batter": "Fargana Hoque",
              "bowler": "AC Kerr",
              "non_striker": "Shamima Sultana",
              "runs": {
                "batter": 1,
                "extras": 0,
                "total": 1
              }
            },
            {
              "batter": "Shamima Sultana",
              "bowler": "AC Kerr",
              "non_striker": "Fargana Hoque",
              "runs": {
                "batter": 0,
                "extras": 0,
                "total": 0
              }
            },
            {
              "batter": "Shamima Sultana",
              "bowler": "AC Kerr",
              "non_striker": "Fargana Hoque",
              "runs": {
                "batter": 0,
                "extras": 0,
                "total": 0
              }
            },
            {
              "batter": "Shamima Sultana",
              "bowler": "AC Kerr",
              "non_striker": "Fargana Hoque",
              "runs": {
                "batter": 1,
                "extras": 0,
                "total": 1
              }
            }
          ]
        },
        {
          "over": 9,
          "deliveries": [
            {
              "batter": "Shamima Sultana",
              "bowler": "FL Mackay",
              "non_striker": "Fargana Hoque",
              "runs": {
                "batter": 0,
                "extras": 0,
                "total": 0
              }
            },
            {
              "batter": "Shamima Sultana",
              "bowler": "FL Mackay",
              "non_striker": "Fargana Hoque",
              "runs": {
                "batter": 0,
                "extras": 0,
                "total": 0
              },
              "wickets": [
                {
                  "player_out": "Shamima Sultana",
                  "fielders": [
                    {
                      "name": "LMM Tahuhu"
                    }
                  ],
                  "kind": "caught"
                }
              ]
            },
            {
              "batter": "Fargana Hoque",
              "bowler": "FL Mackay",
              "non_striker": "Nigar Sultana",
              "runs": {
                "batter": 0,
                "extras": 0,
                "total": 0
              }
            },
            {
              "batter": "Fargana Hoque",
              "bowler": "FL Mackay",
              "non_striker": "Nigar Sultana",
              "runs": {
                "batter": 1,
                "extras": 0,
                "total": 1
              }
            },
            {
              "batter": "Nigar Sultana",
              "bowler": "FL Mackay",
              "non_striker": "Fargana Hoque",
              "runs": {
                "batter": 0,
                "extras": 0,
                "total": 0
              }
            },
            {
              "batter": "Nigar Sultana",
              "bowler": "FL Mackay",
              "non_striker": "Fargana Hoque",
              "runs": {
                "batter": 1,
                "extras": 0,
                "total": 1
              }
            }
          ]
        },
        {
          "over": 10,
          "deliveries": [
            {
              "batter": "Nigar Sultana",
              "bowler": "AC Kerr",
              "non_striker": "Fargana Hoque",
              "runs": {
                "batter": 1,
                "extras": 0,
                "total": 1
              }
            },
            {
              "batter": "Fargana Hoque",
              "bowler": "AC Kerr",
              "non_striker": "Nigar Sultana",
              "runs": {
                "batter": 0,
                "extras": 0,
                "total": 0
              }
            },
            {
              "batter": "Fargana Hoque",
              "bowler": "AC Kerr",
              "non_striker": "Nigar Sultana",
              "runs": {
                "batter": 0,
                "extras": 0,
                "total": 0
              }
            },
            {
              "batter": "Fargana Hoque",
              "bowler": "AC Kerr",
              "non_striker": "Nigar Sultana",
              "runs": {
                "batter": 1,
                "extras": 0,
                "total": 1
              }
            },
            {
              "batter": "Nigar Sultana",
              "bowler": "AC Kerr",
              "non_striker": "Fargana Hoque",
              "runs": {
                "batter": 1,
                "extras": 0,
                "total": 1
              }
            },
            {
              "batter": "Fargana Hoque",
              "bowler": "AC Kerr",
              "non_striker": "Nigar Sultana",
              "runs": {
                "batter": 1,
                "extras": 0,
                "total": 1
              }
            }
          ]
        },
        {
          "over": 11,
          "deliveries": [
            {
              "batter": "Fargana Hoque",
              "bowler": "FL Mackay",
              "non_striker": "Nigar Sultana",
              "runs": {
                "batter": 0,
                "extras": 0,
                "total": 0
              }
            },
            {
              "batter": "Fargana Hoque",
              "bowler": "FL Mackay",
              "non_striker": "Nigar Sultana",
              "runs": {
                "batter": 1,
                "extras": 0,
                "total": 1
              }
            },
            {
              "batter": "Nigar Sultana",
              "bowler": "FL Mackay",
              "non_striker": "Fargana Hoque",
              "runs": {
                "batter": 1,
                "extras": 0,
                "total": 1
              }
            },
            {
              "batter": "Fargana Hoque",
              "bowler": "FL Mackay",
              "non_striker": "Nigar Sultana",
              "runs": {
                "batter": 2,
                "extras": 0,
                "total": 2
              }
            },
            {
              "batter": "Fargana Hoque",
              "bowler": "FL Mackay",
              "non_striker": "Nigar Sultana",
              "runs": {
                "batter": 0,
                "extras": 0,
                "total": 0
              }
            },
            {
              "batter": "Fargana Hoque",
              "bowler": "FL Mackay",
              "non_striker": "Nigar Sultana",
              "runs": {
                "batter": 1,
                "extras": 0,
                "total": 1
              }
            }
          ]
        },
        {
          "over": 12,
          "deliveries": [
            {
              "batter": "Fargana Hoque",
              "bowler": "AC Kerr",
              "non_striker": "Nigar Sultana",
              "runs": {
                "batter": 0,
                "extras": 0,
                "total": 0
              }
            },
            {
              "batter": "Fargana Hoque",
              "bowler": "AC Kerr",
              "non_striker": "Nigar Sultana",
              "runs": {
                "batter": 0,
                "extras": 0,
                "total": 0
              }
            },
            {
              "batter": "Fargana Hoque",
              "bowler": "AC Kerr",
              "non_striker": "Nigar Sultana",
              "runs": {
                "batter": 1,
                "extras": 0,
                "total": 1
              }
            },
            {
              "batter": "Nigar Sultana",
              "bowler": "AC Kerr",
              "non_striker": "Fargana Hoque",
              "runs": {
                "batter": 0,
                "extras": 0,
                "total": 0
              }
            },
            {
              "batter": "Nigar Sultana",
              "bowler": "AC Kerr",
              "non_striker": "Fargana Hoque",
              "runs": {
                "batter": 0,
                "extras": 0,
                "total": 0
              }
            },
            {
              "batter": "Nigar Sultana",
              "bowler": "AC Kerr",
              "non_striker": "Fargana Hoque",
              "runs": {
                "batter": 0,
                "extras": 0,
                "total": 0
              }
            }
          ]
        },
        {
          "over": 13,
          "deliveries": [
            {
              "batter": "Fargana Hoque",
              "bowler": "FL Mackay",
              "non_striker": "Nigar Sultana",
              "runs": {
                "batter": 0,
                "extras": 0,
                "total": 0
              }
            },
            {
              "batter": "Fargana Hoque",
              "bowler": "FL Mackay",
              "non_striker": "Nigar Sultana",
              "runs": {
                "batter": 1,
                "extras": 0,
                "total": 1
              }
            },
            {
              "batter": "Nigar Sultana",
              "bowler": "FL Mackay",
              "non_striker": "Fargana Hoque",
              "runs": {
                "batter": 4,
                "extras": 0,
                "total": 4
              }
            },
            {
              "batter": "Nigar Sultana",
              "bowler": "FL Mackay",
              "non_striker": "Fargana Hoque",
              "runs": {
                "batter": 0,
                "extras": 0,
                "total": 0
              }
            },
            {
              "batter": "Nigar Sultana",
              "bowler": "FL Mackay",
              "non_striker": "Fargana Hoque",
              "runs": {
                "batter": 2,
                "extras": 0,
                "total": 2
              }
            },
            {
              "batter": "Nigar Sultana",
              "bowler": "FL Mackay",
              "non_striker": "Fargana Hoque",
              "runs": {
                "batter": 1,
                "extras": 0,
                "total": 1
              }
            }
          ]
        },
        {
          "over": 14,
          "deliveries": [
            {
              "batter": "Nigar Sultana",
              "bowler": "AE Satterthwaite",
              "non_striker": "Fargana Hoque",
              "runs": {
                "batter": 0,
                "extras": 0,
                "total": 0
              },
              "wickets": [
                {
                  "player_out": "Nigar Sultana",
                  "fielders": [
                    {
                      "name": "KJ Martin"
                    }
                  ],
                  "kind": "caught"
                }
              ]
            },
            {
              "batter": "Rumana Ahmed",
              "bowler": "AE Satterthwaite",
              "non_striker": "Fargana Hoque",
              "runs": {
                "batter": 0,
                "extras": 0,
                "total": 0
              }
            },
            {
              "batter": "Rumana Ahmed",
              "bowler": "AE Satterthwaite",
              "non_striker": "Fargana Hoque",
              "runs": {
                "batter": 0,
                "extras": 0,
                "total": 0
              }
            },
            {
              "batter": "Rumana Ahmed",
              "bowler": "AE Satterthwaite",
              "non_striker": "Fargana Hoque",
              "runs": {
                "batter": 1,
                "extras": 0,
                "total": 1
              }
            },
            {
              "batter": "Fargana Hoque",
              "bowler": "AE Satterthwaite",
              "non_striker": "Rumana Ahmed",
              "runs": {
                "batter": 1,
                "extras": 0,
                "total": 1
              }
            },
            {
              "batter": "Rumana Ahmed",
              "bowler": "AE Satterthwaite",
              "non_striker": "Fargana Hoque",
              "runs": {
                "batter": 0,
                "extras": 0,
                "total": 0
              },
              "wickets": [
                {
                  "player_out": "Rumana Ahmed",
                  "kind": "bowled"
                }
              ]
            }
          ]
        },
        {
          "over": 15,
          "deliveries": [
            {
              "batter": "Fargana Hoque",
              "bowler": "FL Mackay",
              "non_striker": "S Mostary",
              "runs": {
                "batter": 0,
                "extras": 0,
                "total": 0
              }
            },
            {
              "batter": "Fargana Hoque",
              "bowler": "FL Mackay",
              "non_striker": "S Mostary",
              "runs": {
                "batter": 1,
                "extras": 0,
                "total": 1
              }
            },
            {
              "batter": "S Mostary",
              "bowler": "FL Mackay",
              "non_striker": "Fargana Hoque",
              "runs": {
                "batter": 0,
                "extras": 0,
                "total": 0
              }
            },
            {
              "batter": "S Mostary",
              "bowler": "FL Mackay",
              "non_striker": "Fargana Hoque",
              "runs": {
                "batter": 1,
                "extras": 0,
                "total": 1
              }
            },
            {
              "batter": "Fargana Hoque",
              "bowler": "FL Mackay",
              "non_striker": "S Mostary",
              "runs": {
                "batter": 0,
                "extras": 0,
                "total": 0
              }
            },
            {
              "batter": "Fargana Hoque",
              "bowler": "FL Mackay",
              "non_striker": "S Mostary",
              "runs": {
                "batter": 0,
                "extras": 0,
                "total": 0
              }
            }
          ]
        },
        {
          "over": 16,
          "deliveries": [
            {
              "batter": "S Mostary",
              "bowler": "AE Satterthwaite",
              "non_striker": "Fargana Hoque",
              "runs": {
                "batter": 0,
                "extras": 0,
                "total": 0
              }
            },
            {
              "batter": "S Mostary",
              "bowler": "AE Satterthwaite",
              "non_striker": "Fargana Hoque",
              "runs": {
                "batter": 1,
                "extras": 0,
                "total": 1
              }
            },
            {
              "batter": "Fargana Hoque",
              "bowler": "AE Satterthwaite",
              "non_striker": "S Mostary",
              "runs": {
                "batter": 0,
                "extras": 0,
                "total": 0
              }
            },
            {
              "batter": "Fargana Hoque",
              "bowler": "AE Satterthwaite",
              "non_striker": "S Mostary",
              "runs": {
                "batter": 0,
                "extras": 0,
                "total": 0
              }
            },
            {
              "batter": "Fargana Hoque",
              "bowler": "AE Satterthwaite",
              "non_striker": "S Mostary",
              "runs": {
                "batter": 1,
                "extras": 0,
                "total": 1
              }
            },
            {
              "batter": "S Mostary",
              "bowler": "AE Satterthwaite",
              "non_striker": "Fargana Hoque",
              "runs": {
                "batter": 1,
                "extras": 0,
                "total": 1
              }
            }
          ]
        },
        {
          "over": 17,
          "deliveries": [
            {
              "batter": "S Mostary",
              "bowler": "JM Kerr",
              "non_striker": "Fargana Hoque",
              "runs": {
                "batter": 0,
                "extras": 0,
                "total": 0
              }
            },
            {
              "batter": "S Mostary",
              "bowler": "JM Kerr",
              "non_striker": "Fargana Hoque",
              "runs": {
                "batter": 0,
                "extras": 0,
                "total": 0
              }
            },
            {
              "batter": "S Mostary",
              "bowler": "JM Kerr",
              "non_striker": "Fargana Hoque",
              "runs": {
                "batter": 0,
                "extras": 0,
                "total": 0
              }
            },
            {
              "batter": "S Mostary",
              "bowler": "JM Kerr",
              "non_striker": "Fargana Hoque",
              "runs": {
                "batter": 0,
                "extras": 0,
                "total": 0
              }
            },
            {
              "batter": "S Mostary",
              "bowler": "JM Kerr",
              "non_striker": "Fargana Hoque",
              "runs": {
                "batter": 0,
                "extras": 0,
                "total": 0
              }
            },
            {
              "batter": "S Mostary",
              "bowler": "JM Kerr",
              "non_striker": "Fargana Hoque",
              "runs": {
                "batter": 0,
                "extras": 0,
                "total": 0
              }
            }
          ]
        },
        {
          "over": 18,
          "deliveries": [
            {
              "batter": "Fargana Hoque",
              "bowler": "AE Satterthwaite",
              "non_striker": "S Mostary",
              "runs": {
                "batter": 0,
                "extras": 0,
                "total": 0
              }
            },
            {
              "batter": "Fargana Hoque",
              "bowler": "AE Satterthwaite",
              "non_striker": "S Mostary",
              "runs": {
                "batter": 1,
                "extras": 0,
                "total": 1
              }
            },
            {
              "batter": "S Mostary",
              "bowler": "AE Satterthwaite",
              "non_striker": "Fargana Hoque",
              "runs": {
                "batter": 0,
                "extras": 0,
                "total": 0
              }
            },
            {
              "batter": "S Mostary",
              "bowler": "AE Satterthwaite",
              "non_striker": "Fargana Hoque",
              "runs": {
                "batter": 1,
                "extras": 0,
                "total": 1
              }
            },
            {
              "batter": "Fargana Hoque",
              "bowler": "AE Satterthwaite",
              "non_striker": "S Mostary",
              "runs": {
                "batter": 2,
                "extras": 0,
                "total": 2
              }
            },
            {
              "batter": "Fargana Hoque",
              "bowler": "AE Satterthwaite",
              "non_striker": "S Mostary",
              "runs": {
                "batter": 1,
                "extras": 0,
                "total": 1
              }
            }
          ]
        },
        {
          "over": 19,
          "deliveries": [
            {
              "batter": "Fargana Hoque",
              "bowler": "JM Kerr",
              "non_striker": "S Mostary",
              "runs": {
                "batter": 1,
                "extras": 0,
                "total": 1
              }
            },
            {
              "batter": "S Mostary",
              "bowler": "JM Kerr",
              "non_striker": "Fargana Hoque",
              "runs": {
                "batter": 0,
                "extras": 0,
                "total": 0
              }
            },
            {
              "batter": "S Mostary",
              "bowler": "JM Kerr",
              "non_striker": "Fargana Hoque",
              "runs": {
                "batter": 1,
                "extras": 0,
                "total": 1
              }
            },
            {
              "batter": "Fargana Hoque",
              "bowler": "JM Kerr",
              "non_striker": "S Mostary",
              "runs": {
                "batter": 1,
                "extras": 0,
                "total": 1
              }
            },
            {
              "batter": "S Mostary",
              "bowler": "JM Kerr",
              "non_striker": "Fargana Hoque",
              "runs": {
                "batter": 1,
                "extras": 0,
                "total": 1
              }
            },
            {
              "batter": "Fargana Hoque",
              "bowler": "JM Kerr",
              "non_striker": "S Mostary",
              "runs": {
                "batter": 1,
                "extras": 0,
                "total": 1
              }
            }
          ]
        },
        {
          "over": 20,
          "deliveries": [
            {
              "batter": "Fargana Hoque",
              "bowler": "AC Kerr",
              "non_striker": "S Mostary",
              "runs": {
                "batter": 0,
                "extras": 0,
                "total": 0
              }
            },
            {
              "batter": "Fargana Hoque",
              "bowler": "AC Kerr",
              "non_striker": "S Mostary",
              "runs": {
                "batter": 1,
                "extras": 0,
                "total": 1
              }
            },
            {
              "batter": "S Mostary",
              "bowler": "AC Kerr",
              "non_striker": "Fargana Hoque",
              "runs": {
                "batter": 1,
                "extras": 0,
                "total": 1
              }
            },
            {
              "batter": "Fargana Hoque",
              "bowler": "AC Kerr",
              "non_striker": "S Mostary",
              "runs": {
                "batter": 1,
                "extras": 0,
                "total": 1
              }
            },
            {
              "batter": "S Mostary",
              "bowler": "AC Kerr",
              "non_striker": "Fargana Hoque",
              "runs": {
                "batter": 4,
                "extras": 0,
                "total": 4
              }
            },
            {
              "batter": "S Mostary",
              "bowler": "AC Kerr",
              "non_striker": "Fargana Hoque",
              "runs": {
                "batter": 1,
                "extras": 0,
                "total": 1
              }
            }
          ]
        },
        {
          "over": 21,
          "deliveries": [
            {
              "batter": "S Mostary",
              "bowler": "HNK Jensen",
              "non_striker": "Fargana Hoque",
              "runs": {
                "batter": 1,
                "extras": 0,
                "total": 1
              }
            },
            {
              "batter": "Fargana Hoque",
              "bowler": "HNK Jensen",
              "non_striker": "S Mostary",
              "runs": {
                "batter": 0,
                "extras": 0,
                "total": 0
              }
            },
            {
              "batter": "Fargana Hoque",
              "bowler": "HNK Jensen",
              "non_striker": "S Mostary",
              "runs": {
                "batter": 2,
                "extras": 0,
                "total": 2
              }
            },
            {
              "batter": "Fargana Hoque",
              "bowler": "HNK Jensen",
              "non_striker": "S Mostary",
              "runs": {
                "batter": 1,
                "extras": 0,
                "total": 1
              }
            },
            {
              "batter": "S Mostary",
              "bowler": "HNK Jensen",
              "non_striker": "Fargana Hoque",
              "runs": {
                "batter": 0,
                "extras": 0,
                "total": 0
              },
              "wickets": [
                {
                  "player_out": "S Mostary",
                  "fielders": [
                    {
                      "name": "ML Green"
                    }
                  ],
                  "kind": "caught"
                }
              ]
            },
            {
              "batter": "Fargana Hoque",
              "bowler": "HNK Jensen",
              "non_striker": "Ritu Moni",
              "runs": {
                "batter": 1,
                "extras": 0,
                "total": 1
              }
            }
          ]
        },
        {
          "over": 22,
          "deliveries": [
            {
              "batter": "Fargana Hoque",
              "bowler": "AE Satterthwaite",
              "non_striker": "Ritu Moni",
              "runs": {
                "batter": 2,
                "extras": 0,
                "total": 2
              }
            },
            {
              "batter": "Fargana Hoque",
              "bowler": "AE Satterthwaite",
              "non_striker": "Ritu Moni",
              "runs": {
                "batter": 2,
                "extras": 0,
                "total": 2
              }
            },
            {
              "batter": "Fargana Hoque",
              "bowler": "AE Satterthwaite",
              "non_striker": "Ritu Moni",
              "runs": {
                "batter": 1,
                "extras": 0,
                "total": 1
              }
            },
            {
              "batter": "Ritu Moni",
              "bowler": "AE Satterthwaite",
              "non_striker": "Fargana Hoque",
              "runs": {
                "batter": 4,
                "extras": 0,
                "total": 4
              }
            },
            {
              "batter": "Ritu Moni",
              "bowler": "AE Satterthwaite",
              "non_striker": "Fargana Hoque",
              "runs": {
                "batter": 0,
                "extras": 0,
                "total": 0
              },
              "wickets": [
                {
                  "player_out": "Ritu Moni",
                  "fielders": [
                    {
                      "name": "SFM Devine"
                    }
                  ],
                  "kind": "caught"
                }
              ]
            },
            {
              "batter": "Fargana Hoque",
              "bowler": "AE Satterthwaite",
              "non_striker": "Salma Khatun",
              "runs": {
                "batter": 1,
                "extras": 0,
                "total": 1
              }
            }
          ]
        },
        {
          "over": 23,
          "deliveries": [
            {
              "batter": "Fargana Hoque",
              "bowler": "FL Mackay",
              "non_striker": "Salma Khatun",
              "runs": {
                "batter": 0,
                "extras": 0,
                "total": 0
              },
              "wickets": [
                {
                  "player_out": "Fargana Hoque",
                  "fielders": [
                    {
                      "name": "FL Mackay"
                    }
                  ],
                  "kind": "run out"
                }
              ]
            },
            {
              "batter": "Lata Mondal",
              "bowler": "FL Mackay",
              "non_striker": "Salma Khatun",
              "runs": {
                "batter": 1,
                "extras": 0,
                "total": 1
              }
            },
            {
              "batter": "Salma Khatun",
              "bowler": "FL Mackay",
              "non_striker": "Lata Mondal",
              "runs": {
                "batter": 0,
                "extras": 0,
                "total": 0
              }
            },
            {
              "batter": "Salma Khatun",
              "bowler": "FL Mackay",
              "non_striker": "Lata Mondal",
              "runs": {
                "batter": 0,
                "extras": 0,
                "total": 0
              }
            },
            {
              "batter": "Salma Khatun",
              "bowler": "FL Mackay",
              "non_striker": "Lata Mondal",
              "runs": {
                "batter": 0,
                "extras": 0,
                "total": 0
              }
            },
            {
              "batter": "Salma Khatun",
              "bowler": "FL Mackay",
              "non_striker": "Lata Mondal",
              "runs": {
                "batter": 0,
                "extras": 0,
                "total": 0
              }
            }
          ]
        },
        {
          "over": 24,
          "deliveries": [
            {
              "batter": "Lata Mondal",
              "bowler": "AC Kerr",
              "non_striker": "Salma Khatun",
              "runs": {
                "batter": 1,
                "extras": 0,
                "total": 1
              }
            },
            {
              "batter": "Salma Khatun",
              "bowler": "AC Kerr",
              "non_striker": "Lata Mondal",
              "runs": {
                "batter": 2,
                "extras": 0,
                "total": 2
              }
            },
            {
              "batter": "Salma Khatun",
              "bowler": "AC Kerr",
              "non_striker": "Lata Mondal",
              "runs": {
                "batter": 2,
                "extras": 0,
                "total": 2
              }
            },
            {
              "batter": "Salma Khatun",
              "bowler": "AC Kerr",
              "non_striker": "Lata Mondal",
              "runs": {
                "batter": 3,
                "extras": 0,
                "total": 3
              }
            },
            {
              "batter": "Lata Mondal",
              "bowler": "AC Kerr",
              "non_striker": "Salma Khatun",
              "runs": {
                "batter": 0,
                "extras": 0,
                "total": 0
              }
            },
            {
              "batter": "Lata Mondal",
              "bowler": "AC Kerr",
              "non_striker": "Salma Khatun",
              "runs": {
                "batter": 0,
                "extras": 0,
                "total": 0
              }
            }
          ]
        },
        {
          "over": 25,
          "deliveries": [
            {
              "batter": "Salma Khatun",
              "bowler": "FL Mackay",
              "non_striker": "Lata Mondal",
              "runs": {
                "batter": 0,
                "extras": 0,
                "total": 0
              }
            },
            {
              "batter": "Salma Khatun",
              "bowler": "FL Mackay",
              "non_striker": "Lata Mondal",
              "runs": {
                "batter": 2,
                "extras": 0,
                "total": 2
              }
            },
            {
              "batter": "Salma Khatun",
              "bowler": "FL Mackay",
              "non_striker": "Lata Mondal",
              "runs": {
                "batter": 0,
                "extras": 0,
                "total": 0
              },
              "wickets": [
                {
                  "player_out": "Salma Khatun",
                  "fielders": [
                    {
                      "name": "SW Bates"
                    },
                    {
                      "name": "FL Mackay"
                    }
                  ],
                  "kind": "run out"
                }
              ]
            },
            {
              "batter": "Lata Mondal",
              "bowler": "FL Mackay",
              "non_striker": "Jahanara Alam",
              "runs": {
                "batter": 1,
                "extras": 0,
                "total": 1
              }
            },
            {
              "batter": "Jahanara Alam",
              "bowler": "FL Mackay",
              "extras": {
                "legbyes": 1
              },
              "non_striker": "Lata Mondal",
              "review": {
                "by": "New Zealand",
                "umpire": "CA Polosak",
                "batter": "Jahanara Alam",
                "decision": "struck down"
              },
              "runs": {
                "batter": 0,
                "extras": 1,
                "total": 1
              }
            },
            {
              "batter": "Lata Mondal",
              "bowler": "FL Mackay",
              "non_striker": "Jahanara Alam",
              "runs": {
                "batter": 3,
                "extras": 0,
                "total": 3
              }
            }
          ]
        },
        {
          "over": 26,
          "deliveries": [
            {
              "batter": "Lata Mondal",
              "bowler": "AE Satterthwaite",
              "non_striker": "Jahanara Alam",
              "runs": {
                "batter": 1,
                "extras": 0,
                "total": 1
              }
            },
            {
              "batter": "Jahanara Alam",
              "bowler": "AE Satterthwaite",
              "non_striker": "Lata Mondal",
              "runs": {
                "batter": 1,
                "extras": 0,
                "total": 1
              }
            },
            {
              "batter": "Lata Mondal",
              "bowler": "AE Satterthwaite",
              "non_striker": "Jahanara Alam",
              "runs": {
                "batter": 0,
                "extras": 0,
                "total": 0
              }
            },
            {
              "batter": "Lata Mondal",
              "bowler": "AE Satterthwaite",
              "non_striker": "Jahanara Alam",
              "runs": {
                "batter": 1,
                "extras": 0,
                "total": 1
              }
            },
            {
              "batter": "Jahanara Alam",
              "bowler": "AE Satterthwaite",
              "non_striker": "Lata Mondal",
              "runs": {
                "batter": 1,
                "extras": 0,
                "total": 1
              },
              "wickets": [
                {
                  "player_out": "Jahanara Alam",
                  "fielders": [
                    {
                      "name": "AC Kerr"
                    },
                    {
                      "name": "AE Satterthwaite"
                    }
                  ],
                  "kind": "run out"
                }
              ]
            },
            {
              "batter": "Lata Mondal",
              "bowler": "AE Satterthwaite",
              "non_striker": "Nahida Akter",
              "runs": {
                "batter": 1,
                "extras": 0,
                "total": 1
              }
            }
          ]
        }
      ],
      "powerplays": [
        {
          "from": 0.1,
          "to": 4.6,
          "type": "mandatory"
        }
      ]
    },
    {
      "team": "New Zealand",
      "overs": [
        {
          "over": 0,
          "deliveries": [
            {
              "batter": "SFM Devine",
              "bowler": "Jahanara Alam",
              "non_striker": "SW Bates",
              "runs": {
                "batter": 0,
                "extras": 0,
                "total": 0
              }
            },
            {
              "batter": "SFM Devine",
              "bowler": "Jahanara Alam",
              "non_striker": "SW Bates",
              "runs": {
                "batter": 0,
                "extras": 0,
                "total": 0
              }
            },
            {
              "batter": "SFM Devine",
              "bowler": "Jahanara Alam",
              "non_striker": "SW Bates",
              "runs": {
                "batter": 2,
                "extras": 0,
                "total": 2
              }
            },
            {
              "batter": "SFM Devine",
              "bowler": "Jahanara Alam",
              "non_striker": "SW Bates",
              "runs": {
                "batter": 0,
                "extras": 0,
                "total": 0
              }
            },
            {
              "batter": "SFM Devine",
              "bowler": "Jahanara Alam",
              "non_striker": "SW Bates",
              "runs": {
                "batter": 4,
                "extras": 0,
                "total": 4
              }
            },
            {
              "batter": "SFM Devine",
              "bowler": "Jahanara Alam",
              "non_striker": "SW Bates",
              "runs": {
                "batter": 1,
                "extras": 0,
                "total": 1
              }
            }
          ]
        },
        {
          "over": 1,
          "deliveries": [
            {
              "batter": "SFM Devine",
              "bowler": "Fariha Trisna",
              "extras": {
                "byes": 1
              },
              "non_striker": "SW Bates",
              "runs": {
                "batter": 0,
                "extras": 1,
                "total": 1
              }
            },
            {
              "batter": "SW Bates",
              "bowler": "Fariha Trisna",
              "non_striker": "SFM Devine",
              "runs": {
                "batter": 0,
                "extras": 0,
                "total": 0
              }
            },
            {
              "batter": "SW Bates",
              "bowler": "Fariha Trisna",
              "non_striker": "SFM Devine",
              "runs": {
                "batter": 0,
                "extras": 0,
                "total": 0
              }
            },
            {
              "batter": "SW Bates",
              "bowler": "Fariha Trisna",
              "non_striker": "SFM Devine",
              "runs": {
                "batter": 0,
                "extras": 0,
                "total": 0
              }
            },
            {
              "batter": "SW Bates",
              "bowler": "Fariha Trisna",
              "non_striker": "SFM Devine",
              "runs": {
                "batter": 1,
                "extras": 0,
                "total": 1
              }
            },
            {
              "batter": "SFM Devine",
              "bowler": "Fariha Trisna",
              "non_striker": "SW Bates",
              "runs": {
                "batter": 0,
                "extras": 0,
                "total": 0
              }
            }
          ]
        },
        {
          "over": 2,
          "deliveries": [
            {
              "batter": "SW Bates",
              "bowler": "Jahanara Alam",
              "non_striker": "SFM Devine",
              "runs": {
                "batter": 0,
                "extras": 0,
                "total": 0
              }
            },
            {
              "batter": "SW Bates",
              "bowler": "Jahanara Alam",
              "non_striker": "SFM Devine",
              "runs": {
                "batter": 2,
                "extras": 0,
                "total": 2
              }
            },
            {
              "batter": "SW Bates",
              "bowler": "Jahanara Alam",
              "non_striker": "SFM Devine",
              "runs": {
                "batter": 0,
                "extras": 0,
                "total": 0
              }
            },
            {
              "batter": "SW Bates",
              "bowler": "Jahanara Alam",
              "non_striker": "SFM Devine",
              "runs": {
                "batter": 4,
                "extras": 0,
                "total": 4
              }
            },
            {
              "batter": "SW Bates",
              "bowler": "Jahanara Alam",
              "non_striker": "SFM Devine",
              "runs": {
                "batter": 0,
                "extras": 0,
                "total": 0
              }
            },
            {
              "batter": "SW Bates",
              "bowler": "Jahanara Alam",
              "non_striker": "SFM Devine",
              "runs": {
                "batter": 2,
                "extras": 0,
                "total": 2
              }
            }
          ]
        },
        {
          "over": 3,
          "deliveries": [
            {
              "batter": "SFM Devine",
              "bowler": "Fariha Trisna",
              "non_striker": "SW Bates",
              "runs": {
                "batter": 0,
                "extras": 0,
                "total": 0
              }
            },
            {
              "batter": "SFM Devine",
              "bowler": "Fariha Trisna",
              "non_striker": "SW Bates",
              "runs": {
                "batter": 1,
                "extras": 0,
                "total": 1
              }
            },
            {
              "batter": "SW Bates",
              "bowler": "Fariha Trisna",
              "non_striker": "SFM Devine",
              "runs": {
                "batter": 0,
                "extras": 0,
                "total": 0
              }
            },
            {
              "batter": "SW Bates",
              "bowler": "Fariha Trisna",
              "non_striker": "SFM Devine",
              "runs": {
                "batter": 2,
                "extras": 0,
                "total": 2
              }
            },
            {
              "batter": "SW Bates",
              "bowler": "Fariha Trisna",
              "non_striker": "SFM Devine",
              "runs": {
                "batter": 1,
                "extras": 0,
                "total": 1
              }
            },
            {
              "batter": "SFM Devine",
              "bowler": "Fariha Trisna",
              "non_striker": "SW Bates",
              "runs": {
                "batter": 1,
                "extras": 0,
                "total": 1
              }
            }
          ]
        },
        {
          "over": 4,
          "deliveries": [
            {
              "batter": "SFM Devine",
              "bowler": "Salma Khatun",
              "non_striker": "SW Bates",
              "runs": {
                "batter": 1,
                "extras": 0,
                "total": 1
              }
            },
            {
              "batter": "SW Bates",
              "bowler": "Salma Khatun",
              "non_striker": "SFM Devine",
              "runs": {
                "batter": 0,
                "extras": 0,
                "total": 0
              }
            },
            {
              "batter": "SW Bates",
              "bowler": "Salma Khatun",
              "non_striker": "SFM Devine",
              "runs": {
                "batter": 2,
                "extras": 0,
                "total": 2
              }
            },
            {
              "batter": "SW Bates",
              "bowler": "Salma Khatun",
              "non_striker": "SFM Devine",
              "runs": {
                "batter": 0,
                "extras": 0,
                "total": 0
              }
            },
            {
              "batter": "SW Bates",
              "bowler": "Salma Khatun",
              "non_striker": "SFM Devine",
              "runs": {
                "batter": 1,
                "extras": 0,
                "total": 1
              }
            },
            {
              "batter": "SFM Devine",
              "bowler": "Salma Khatun",
              "non_striker": "SW Bates",
              "runs": {
                "batter": 3,
                "extras": 0,
                "total": 3
              }
            }
          ]
        },
        {
          "over": 5,
          "deliveries": [
            {
              "batter": "SFM Devine",
              "bowler": "Nahida Akter",
              "non_striker": "SW Bates",
              "runs": {
                "batter": 0,
                "extras": 0,
                "total": 0
              }
            },
            {
              "batter": "SFM Devine",
              "bowler": "Nahida Akter",
              "non_striker": "SW Bates",
              "runs": {
                "batter": 1,
                "extras": 0,
                "total": 1
              }
            },
            {
              "batter": "SW Bates",
              "bowler": "Nahida Akter",
              "non_striker": "SFM Devine",
              "runs": {
                "batter": 0,
                "extras": 0,
                "total": 0
              }
            },
            {
              "batter": "SW Bates",
              "bowler": "Nahida Akter",
              "non_striker": "SFM Devine",
              "runs": {
                "batter": 0,
                "extras": 0,
                "total": 0
              }
            },
            {
              "batter": "SW Bates",
              "bowler": "Nahida Akter",
              "non_striker": "SFM Devine",
              "runs": {
                "batter": 0,
                "extras": 0,
                "total": 0
              }
            },
            {
              "batter": "SW Bates",
              "bowler": "Nahida Akter",
              "non_striker": "SFM Devine",
              "runs": {
                "batter": 1,
                "extras": 0,
                "total": 1
              }
            }
          ]
        },
        {
          "over": 6,
          "deliveries": [
            {
              "batter": "SW Bates",
              "bowler": "Salma Khatun",
              "non_striker": "SFM Devine",
              "runs": {
                "batter": 0,
                "extras": 0,
                "total": 0
              }
            },
            {
              "batter": "SW Bates",
              "bowler": "Salma Khatun",
              "non_striker": "SFM Devine",
              "runs": {
                "batter": 4,
                "extras": 0,
                "total": 4
              }
            },
            {
              "batter": "SW Bates",
              "bowler": "Salma Khatun",
              "non_striker": "SFM Devine",
              "runs": {
                "batter": 1,
                "extras": 0,
                "total": 1
              }
            },
            {
              "batter": "SFM Devine",
              "bowler": "Salma Khatun",
              "non_striker": "SW Bates",
              "runs": {
                "batter": 0,
                "extras": 0,
                "total": 0
              },
              "wickets": [
                {
                  "player_out": "SFM Devine",
                  "kind": "bowled"
                }
              ]
            },
            {
              "batter": "AC Kerr",
              "bowler": "Salma Khatun",
              "non_striker": "SW Bates",
              "runs": {
                "batter": 1,
                "extras": 0,
                "total": 1
              }
            },
            {
              "batter": "SW Bates",
              "bowler": "Salma Khatun",
              "non_striker": "AC Kerr",
              "runs": {
                "batter": 2,
                "extras": 0,
                "total": 2
              }
            }
          ]
        },
        {
          "over": 7,
          "deliveries": [
            {
              "batter": "AC Kerr",
              "bowler": "Nahida Akter",
              "non_striker": "SW Bates",
              "runs": {
                "batter": 0,
                "extras": 0,
                "total": 0
              }
            },
            {
              "batter": "AC Kerr",
              "bowler": "Nahida Akter",
              "non_striker": "SW Bates",
              "runs": {
                "batter": 0,
                "extras": 0,
                "total": 0
              }
            },
            {
              "batter": "AC Kerr",
              "bowler": "Nahida Akter",
              "non_striker": "SW Bates",
              "runs": {
                "batter": 0,
                "extras": 0,
                "total": 0
              }
            },
            {
              "batter": "AC Kerr",
              "bowler": "Nahida Akter",
              "non_striker": "SW Bates",
              "runs": {
                "batter": 0,
                "extras": 0,
                "total": 0
              }
            },
            {
              "batter": "AC Kerr",
              "bowler": "Nahida Akter",
              "non_striker": "SW Bates",
              "runs": {
                "batter": 0,
                "extras": 0,
                "total": 0
              }
            },
            {
              "batter": "AC Kerr",
              "bowler": "Nahida Akter",
              "non_striker": "SW Bates",
              "runs": {
                "batter": 0,
                "extras": 0,
                "total": 0
              }
            }
          ]
        },
        {
          "over": 8,
          "deliveries": [
            {
              "batter": "SW Bates",
              "bowler": "Ritu Moni",
              "non_striker": "AC Kerr",
              "runs": {
                "batter": 2,
                "extras": 0,
                "total": 2
              }
            },
            {
              "batter": "SW Bates",
              "bowler": "Ritu Moni",
              "non_striker": "AC Kerr",
              "runs": {
                "batter": 1,
                "extras": 0,
                "total": 1
              }
            },
            {
              "batter": "AC Kerr",
              "bowler": "Ritu Moni",
              "non_striker": "SW Bates",
              "runs": {
                "batter": 1,
                "extras": 0,
                "total": 1
              }
            },
            {
              "batter": "SW Bates",
              "bowler": "Ritu Moni",
              "non_striker": "AC Kerr",
              "runs": {
                "batter": 1,
                "extras": 0,
                "total": 1
              }
            },
            {
              "batter": "AC Kerr",
              "bowler": "Ritu Moni",
              "non_striker": "SW Bates",
              "runs": {
                "batter": 0,
                "extras": 0,
                "total": 0
              }
            },
            {
              "batter": "AC Kerr",
              "bowler": "Ritu Moni",
              "non_striker": "SW Bates",
              "runs": {
                "batter": 4,
                "extras": 0,
                "total": 4
              }
            }
          ]
        },
        {
          "over": 9,
          "deliveries": [
            {
              "batter": "SW Bates",
              "bowler": "Nahida Akter",
              "non_striker": "AC Kerr",
              "runs": {
                "batter": 1,
                "extras": 0,
                "total": 1
              }
            },
            {
              "batter": "AC Kerr",
              "bowler": "Nahida Akter",
              "non_striker": "SW Bates",
              "runs": {
                "batter": 4,
                "extras": 0,
                "total": 4
              }
            },
            {
              "batter": "AC Kerr",
              "bowler": "Nahida Akter",
              "non_striker": "SW Bates",
              "runs": {
                "batter": 1,
                "extras": 0,
                "total": 1
              }
            },
            {
              "batter": "SW Bates",
              "bowler": "Nahida Akter",
              "non_striker": "AC Kerr",
              "runs": {
                "batter": 1,
                "extras": 0,
                "total": 1
              }
            },
            {
              "batter": "AC Kerr",
              "bowler": "Nahida Akter",
              "non_striker": "SW Bates",
              "runs": {
                "batter": 1,
                "extras": 0,
                "total": 1
              }
            },
            {
              "batter": "SW Bates",
              "bowler": "Nahida Akter",
              "non_striker": "AC Kerr",
              "runs": {
                "batter": 1,
                "extras": 0,
                "total": 1
              }
            }
          ]
        },
        {
          "over": 10,
          "deliveries": [
            {
              "batter": "SW Bates",
              "bowler": "Salma Khatun",
              "non_striker": "AC Kerr",
              "runs": {
                "batter": 0,
                "extras": 0,
                "total": 0
              }
            },
            {
              "batter": "SW Bates",
              "bowler": "Salma Khatun",
              "non_striker": "AC Kerr",
              "runs": {
                "batter": 0,
                "extras": 0,
                "total": 0
              }
            },
            {
              "batter": "SW Bates",
              "bowler": "Salma Khatun",
              "non_striker": "AC Kerr",
              "runs": {
                "batter": 1,
                "extras": 0,
                "total": 1
              }
            },
            {
              "batter": "AC Kerr",
              "bowler": "Salma Khatun",
              "non_striker": "SW Bates",
              "runs": {
                "batter": 4,
                "extras": 0,
                "total": 4
              }
            },
            {
              "batter": "AC Kerr",
              "bowler": "Salma Khatun",
              "non_striker": "SW Bates",
              "runs": {
                "batter": 0,
                "extras": 0,
                "total": 0
              }
            },
            {
              "batter": "AC Kerr",
              "bowler": "Salma Khatun",
              "non_striker": "SW Bates",
              "runs": {
                "batter": 1,
                "extras": 0,
                "total": 1
              }
            }
          ]
        },
        {
          "over": 11,
          "deliveries": [
            {
              "batter": "AC Kerr",
              "bowler": "Rumana Ahmed",
              "non_striker": "SW Bates",
              "runs": {
                "batter": 1,
                "extras": 0,
                "total": 1
              }
            },
            {
              "batter": "SW Bates",
              "bowler": "Rumana Ahmed",
              "non_striker": "AC Kerr",
              "runs": {
                "batter": 1,
                "extras": 0,
                "total": 1
              }
            },
            {
              "batter": "AC Kerr",
              "bowler": "Rumana Ahmed",
              "non_striker": "SW Bates",
              "runs": {
                "batter": 1,
                "extras": 0,
                "total": 1
              }
            },
            {
              "batter": "SW Bates",
              "bowler": "Rumana Ahmed",
              "non_striker": "AC Kerr",
              "runs": {
                "batter": 1,
                "extras": 0,
                "total": 1
              }
            },
            {
              "batter": "AC Kerr",
              "bowler": "Rumana Ahmed",
              "non_striker": "SW Bates",
              "runs": {
                "batter": 1,
                "extras": 0,
                "total": 1
              }
            },
            {
              "batter": "SW Bates",
              "bowler": "Rumana Ahmed",
              "non_striker": "AC Kerr",
              "runs": {
                "batter": 1,
                "extras": 0,
                "total": 1
              }
            }
          ]
        },
        {
          "over": 12,
          "deliveries": [
            {
              "batter": "SW Bates",
              "bowler": "Ritu Moni",
              "non_striker": "AC Kerr",
              "runs": {
                "batter": 0,
                "extras": 0,
                "total": 0
              }
            },
            {
              "batter": "SW Bates",
              "bowler": "Ritu Moni",
              "non_striker": "AC Kerr",
              "runs": {
                "batter": 1,
                "extras": 0,
                "total": 1
              }
            },
            {
              "batter": "AC Kerr",
              "bowler": "Ritu Moni",
              "non_striker": "SW Bates",
              "runs": {
                "batter": 1,
                "extras": 0,
                "total": 1
              }
            },
            {
              "batter": "SW Bates",
              "bowler": "Ritu Moni",
              "non_striker": "AC Kerr",
              "runs": {
                "batter": 0,
                "extras": 0,
                "total": 0
              }
            },
            {
              "batter": "SW Bates",
              "bowler": "Ritu Moni",
              "non_striker": "AC Kerr",
              "runs": {
                "batter": 1,
                "extras": 0,
                "total": 1
              }
            },
            {
              "batter": "AC Kerr",
              "bowler": "Ritu Moni",
              "non_striker": "SW Bates",
              "runs": {
                "batter": 1,
                "extras": 0,
                "total": 1
              }
            }
          ]
        },
        {
          "over": 13,
          "deliveries": [
            {
              "batter": "AC Kerr",
              "bowler": "Rumana Ahmed",
              "non_striker": "SW Bates",
              "runs": {
                "batter": 0,
                "extras": 0,
                "total": 0
              }
            },
            {
              "batter": "AC Kerr",
              "bowler": "Rumana Ahmed",
              "non_striker": "SW Bates",
              "runs": {
                "batter": 1,
                "extras": 0,
                "total": 1
              }
            },
            {
              "batter": "SW Bates",
              "bowler": "Rumana Ahmed",
              "non_striker": "AC Kerr",
              "runs": {
                "batter": 0,
                "extras": 0,
                "total": 0
              }
            },
            {
              "batter": "SW Bates",
              "bowler": "Rumana Ahmed",
              "non_striker": "AC Kerr",
              "runs": {
                "batter": 4,
                "extras": 0,
                "total": 4
              }
            },
            {
              "batter": "SW Bates",
              "bowler": "Rumana Ahmed",
              "non_striker": "AC Kerr",
              "runs": {
                "batter": 1,
                "extras": 0,
                "total": 1
              }
            },
            {
              "batter": "AC Kerr",
              "bowler": "Rumana Ahmed",
              "non_striker": "SW Bates",
              "runs": {
                "batter": 2,
                "extras": 0,
                "total": 2
              }
            }
          ]
        },
        {
          "over": 14,
          "deliveries": [
            {
              "batter": "SW Bates",
              "bowler": "Jahanara Alam",
              "extras": {
                "wides": 1
              },
              "non_striker": "AC Kerr",
              "runs": {
                "batter": 0,
                "extras": 1,
                "total": 1
              }
            },
            {
              "batter": "SW Bates",
              "bowler": "Jahanara Alam",
              "non_striker": "AC Kerr",
              "runs": {
                "batter": 0,
                "extras": 0,
                "total": 0
              }
            },
            {
              "batter": "SW Bates",
              "bowler": "Jahanara Alam",
              "non_striker": "AC Kerr",
              "runs": {
                "batter": 1,
                "extras": 0,
                "total": 1
              }
            },
            {
              "batter": "AC Kerr",
              "bowler": "Jahanara Alam",
              "non_striker": "SW Bates",
              "runs": {
                "batter": 1,
                "extras": 0,
                "total": 1
              }
            },
            {
              "batter": "SW Bates",
              "bowler": "Jahanara Alam",
              "extras": {
                "noballs": 1
              },
              "non_striker": "AC Kerr",
              "runs": {
                "batter": 1,
                "extras": 1,
                "total": 2
              }
            },
            {
              "batter": "AC Kerr",
              "bowler": "Jahanara Alam",
              "non_striker": "SW Bates",
              "runs": {
                "batter": 1,
                "extras": 0,
                "total": 1
              }
            },
            {
              "batter": "SW Bates",
              "bowler": "Jahanara Alam",
              "non_striker": "AC Kerr",
              "runs": {
                "batter": 4,
                "extras": 0,
                "total": 4
              }
            },
            {
              "batter": "SW Bates",
              "bowler": "Jahanara Alam",
              "non_striker": "AC Kerr",
              "runs": {
                "batter": 0,
                "extras": 0,
                "total": 0
              }
            }
          ]
        },
        {
          "over": 15,
          "deliveries": [
            {
              "batter": "AC Kerr",
              "bowler": "Fariha Trisna",
              "non_striker": "SW Bates",
              "runs": {
                "batter": 1,
                "extras": 0,
                "total": 1
              }
            },
            {
              "batter": "SW Bates",
              "bowler": "Fariha Trisna",
              "non_striker": "AC Kerr",
              "runs": {
                "batter": 1,
                "extras": 0,
                "total": 1
              }
            },
            {
              "batter": "AC Kerr",
              "bowler": "Fariha Trisna",
              "non_striker": "SW Bates",
              "runs": {
                "batter": 1,
                "extras": 0,
                "total": 1
              }
            },
            {
              "batter": "SW Bates",
              "bowler": "Fariha Trisna",
              "non_striker": "AC Kerr",
              "runs": {
                "batter": 4,
                "extras": 0,
                "total": 4
              }
            },
            {
              "batter": "SW Bates",
              "bowler": "Fariha Trisna",
              "extras": {
                "wides": 1
              },
              "non_striker": "AC Kerr",
              "runs": {
                "batter": 0,
                "extras": 1,
                "total": 1
              }
            },
            {
              "batter": "SW Bates",
              "bowler": "Fariha Trisna",
              "non_striker": "AC Kerr",
              "runs": {
                "batter": 2,
                "extras": 0,
                "total": 2
              }
            },
            {
              "batter": "SW Bates",
              "bowler": "Fariha Trisna",
              "non_striker": "AC Kerr",
              "runs": {
                "batter": 1,
                "extras": 0,
                "total": 1
              }
            }
          ]
        },
        {
          "over": 16,
          "deliveries": [
            {
              "batter": "SW Bates",
              "bowler": "Lata Mondal",
              "non_striker": "AC Kerr",
              "runs": {
                "batter": 1,
                "extras": 0,
                "total": 1
              }
            },
            {
              "batter": "AC Kerr",
              "bowler": "Lata Mondal",
              "non_striker": "SW Bates",
              "runs": {
                "batter": 1,
                "extras": 0,
                "total": 1
              }
            },
            {
              "batter": "SW Bates",
              "bowler": "Lata Mondal",
              "non_striker": "AC Kerr",
              "runs": {
                "batter": 1,
                "extras": 0,
                "total": 1
              }
            },
            {
              "batter": "AC Kerr",
              "bowler": "Lata Mondal",
              "non_striker": "SW Bates",
              "runs": {
                "batter": 1,
                "extras": 0,
                "total": 1
              }
            },
            {
              "batter": "SW Bates",
              "bowler": "Lata Mondal",
              "non_striker": "AC Kerr",
              "runs": {
                "batter": 1,
                "extras": 0,
                "total": 1
              }
            },
            {
              "batter": "AC Kerr",
              "bowler": "Lata Mondal",
              "non_striker": "SW Bates",
              "runs": {
                "batter": 4,
                "extras": 0,
                "total": 4
              }
            }
          ]
        },
        {
          "over": 17,
          "deliveries": [
            {
              "batter": "SW Bates",
              "bowler": "Nahida Akter",
              "non_striker": "AC Kerr",
              "runs": {
                "batter": 0,
                "extras": 0,
                "total": 0
              }
            },
            {
              "batter": "SW Bates",
              "bowler": "Nahida Akter",
              "non_striker": "AC Kerr",
              "runs": {
                "batter": 1,
                "extras": 0,
                "total": 1
              }
            },
            {
              "batter": "AC Kerr",
              "bowler": "Nahida Akter",
              "non_striker": "SW Bates",
              "runs": {
                "batter": 1,
                "extras": 0,
                "total": 1
              }
            },
            {
              "batter": "SW Bates",
              "bowler": "Nahida Akter",
              "non_striker": "AC Kerr",
              "runs": {
                "batter": 1,
                "extras": 0,
                "total": 1
              }
            },
            {
              "batter": "AC Kerr",
              "bowler": "Nahida Akter",
              "non_striker": "SW Bates",
              "runs": {
                "batter": 1,
                "extras": 0,
                "total": 1
              }
            },
            {
              "batter": "SW Bates",
              "bowler": "Nahida Akter",
              "non_striker": "AC Kerr",
              "runs": {
                "batter": 1,
                "extras": 0,
                "total": 1
              }
            }
          ]
        },
        {
          "over": 18,
          "deliveries": [
            {
              "batter": "SW Bates",
              "bowler": "Salma Khatun",
              "non_striker": "AC Kerr",
              "runs": {
                "batter": 1,
                "extras": 0,
                "total": 1
              }
            },
            {
              "batter": "AC Kerr",
              "bowler": "Salma Khatun",
              "non_striker": "SW Bates",
              "runs": {
                "batter": 1,
                "extras": 0,
                "total": 1
              }
            },
            {
              "batter": "SW Bates",
              "bowler": "Salma Khatun",
              "non_striker": "AC Kerr",
              "runs": {
                "batter": 4,
                "extras": 0,
                "total": 4
              }
            },
            {
              "batter": "SW Bates",
              "bowler": "Salma Khatun",
              "non_striker": "AC Kerr",
              "runs": {
                "batter": 4,
                "extras": 0,
                "total": 4
              }
            },
            {
              "batter": "SW Bates",
              "bowler": "Salma Khatun",
              "non_striker": "AC Kerr",
              "runs": {
                "batter": 1,
                "extras": 0,
                "total": 1
              }
            },
            {
              "batter": "AC Kerr",
              "bowler": "Salma Khatun",
              "non_striker": "SW Bates",
              "runs": {
                "batter": 2,
                "extras": 0,
                "total": 2
              }
            }
          ]
        },
        {
          "over": 19,
          "deliveries": [
            {
              "batter": "SW Bates",
              "bowler": "Nahida Akter",
              "non_striker": "AC Kerr",
              "runs": {
                "batter": 4,
                "extras": 0,
                "total": 4
              }
            },
            {
              "batter": "SW Bates",
              "bowler": "Nahida Akter",
              "non_striker": "AC Kerr",
              "runs": {
                "batter": 0,
                "extras": 0,
                "total": 0
              }
            },
            {
              "batter": "SW Bates",
              "bowler": "Nahida Akter",
              "non_striker": "AC Kerr",
              "runs": {
                "batter": 1,
                "extras": 0,
                "total": 1
              }
            },
            {
              "batter": "AC Kerr",
              "bowler": "Nahida Akter",
              "non_striker": "SW Bates",
              "runs": {
                "batter": 3,
                "extras": 0,
                "total": 3
              }
            },
            {
              "batter": "SW Bates",
              "bowler": "Nahida Akter",
              "non_striker": "AC Kerr",
              "runs": {
                "batter": 3,
                "extras": 0,
                "total": 3
              }
            },
            {
              "batter": "AC Kerr",
              "bowler": "Nahida Akter",
              "non_striker": "SW Bates",
              "runs": {
                "batter": 4,
                "extras": 0,
                "total": 4
              }
            }
          ]
        }
      ],
      "powerplays": [
        {
          "from": 0.1,
          "to": 4.6,
          "type": "mandatory"
        }
      ],
      "target": {
        "overs": 27,
        "runs": 141
      }
    }
  ]
}