{
  "meta": {
    "data_version": "1.1.0",
    "created": "2022-03-21",
    "revision": 1
  },
  "info": {
    "balls_per_over": 6,
    "city": "Hamilton",
    "dates": [
      "2022-03-21"
    ],
    "event": {
      "name": "ICC Women's World Cup",
      "match_number": 20
    },
    "gender": "female",
    "match_type": "ODI",
    "match_type_number": 1263,
    "officials": {
      "match_referees": [
        "GAV Baxter"
      ],
      "reserve_umpires": [
        "CA Polosak"
      ],
      "tv_umpires": [
        "L Rusere"
      ],
      "umpires": [
        "Eloise Sheridan",
        "P Wilson"
      ]
    },
    "outcome": {
      "winner": "Pakistan",
      "by": {
        "wickets": 8
      }
    },
    "overs": 50,
    "player_of_match": [
      "Nida Dar"
    ],
    "players": {
      "West Indies": [
        "DJS Dottin",
        "HK Matthews",
        "SR Taylor",
        "SA Campbelle",
        "CN Nation",
        "Kycia A Knight",
        "CA Henry",
        "ASS Fletcher",
        "AA Alleyne",
        "A Mohammed",
        "SC Selman"
      ],
      "Pakistan": [
        "Muneeba Ali",
        "Sidra Ameen",
        "Bismah Maroof",
        "Umaima Sohail",
        "Nida Dar",
        "Aliya Riaz",
        "Fatima Sana",
        "Sidra Nawaz",
        "Diana Baig",
        "Nashra Sandhu",
        "Anam Amin"
      ]
    },
    "registry": {
      "people": {
        "A Mohammed": "a49985e6",
        "AA Alleyne": "4b0e3049",
        "ASS Fletcher": "42d9dd09",
        "Aliya Riaz": "2904b4b6",
        "Anam Amin": "06653fcc",
        "Bismah Maroof": "3b770527",
        "CA Henry": "75820733",
        "CA Polosak": "26a360d2",
        "CN Nation": "639000b6",
        "DJS Dottin": "53bee17f",
        "Diana Baig": "a51e6c6e",
        "Eloise Sheridan": "d8d43840",
        "Fatima Sana": "ea9c54de",
        "GAV Baxter": "cb4b3ab0",
        "HK Matthews": "d32cf49a",
        "Kycia A Knight": "552f664a",
        "L Rusere": "6a4734ae",
        "Muneeba Ali": "86fdf668",
        "Nashra Sandhu": "c981d3c2",
        "Nida Dar": "ed840f44",
        "P Wilson": "68304a36",
        "SA Campbelle": "a7cd72b2",
        "SC Selman": "c29ada99",
        "SR Taylor": "92cf79a8",
        "Sidra Ameen": "72c9ad99",
        "Sidra Nawaz": "ca3ded6f",
        "Umaima Sohail": "821d7d46"
      }
    },
    "season": "2021/22",
    "team_type": "international",
    "teams": [
      "West Indies",
      "Pakistan"
    ],
    "toss": {
      "decision": "field",
      "winner": "Pakistan"
    },
    "venue": "Seddon Park, Hamilton"
  },
  "innings": [
    {
      "team": "West Indies",
      "overs": [
        {
          "over": 0,
          "deliveries": [
            {
              "batter": "DJS Dottin",
              "bowler": "Diana Baig",
              "non_striker": "HK Matthews",
              "runs": {
                "batter": 0,
                "extras": 0,
                "total": 0
              }
            },
            {
              "batter": "DJS Dottin",
              "bowler": "Diana Baig",
              "non_striker": "HK Matthews",
              "runs": {
                "batter": 0,
                "extras": 0,
                "total": 0
              }
            },
            {
              "batter": "DJS Dottin",
              "bowler": "Diana Baig",
              "non_striker": "HK Matthews",
              "runs": {
                "batter": 0,
                "extras": 0,
                "total": 0
              }
            },
            {
              "batter": "DJS Dottin",
              "bowler": "Diana Baig",
              "non_striker": "HK Matthews",
              "runs": {
                "batter": 4,
                "extras": 0,
                "total": 4
              }
            },
            {
              "batter": "DJS Dottin",
              "bowler": "Diana Baig",
              "non_striker": "HK Matthews",
              "runs": {
                "batter": 0,
                "extras": 0,
                "total": 0
              }
            },
            {
              "batter": "DJS Dottin",
              "bowler": "Diana Baig",
              "non_striker": "HK Matthews",
              "runs": {
                "batter": 0,
                "extras": 0,
                "total": 0
              }
            }
          ]
        },
        {
          "over": 1,
          "deliveries": [
            {
              "batter": "HK Matthews",
              "bowler": "Anam Amin",
              "non_striker": "DJS Dottin",
              "runs": {
                "batter": 0,
                "extras": 0,
                "total": 0
              }
            },
            {
              "batter": "HK Matthews",
              "bowler": "Anam Amin",
              "non_striker": "DJS Dottin",
              "runs": {
                "batter": 0,
                "extras": 0,
                "total": 0
              }
            },
            {
              "batter": "HK Matthews",
              "bowler": "Anam Amin",
              "non_striker": "DJS Dottin",
              "runs": {
                "batter": 0,
                "extras": 0,
                "total": 0
              }
            },
            {
              "batter": "HK Matthews",
              "bowler": "Anam Amin",
              "non_striker": "DJS Dottin",
              "runs": {
                "batter": 0,
                "extras": 0,
                "total": 0
              }
            },
            {
              "batter": "HK Matthews",
              "bowler": "Anam Amin",
              "non_striker": "DJS Dottin",
              "runs": {
                "batter": 1,
                "extras": 0,
                "total": 1
              }
            },
            {
              "batter": "DJS Dottin",
              "bowler": "Anam Amin",
              "non_striker": "HK Matthews",
              "runs": {
                "batter": 1,
                "extras": 0,
                "total": 1
              }
            }
          ]
        },
        {
          "over": 2,
          "deliveries": [
            {
              "batter": "DJS Dottin",
              "bowler": "Diana Baig",
              "non_striker": "HK Matthews",
              "runs": {
                "batter": 4,
                "extras": 0,
                "total": 4
              }
            },
            {
              "batter": "DJS Dottin",
              "bowler": "Diana Baig",
              "non_striker": "HK Matthews",
              "runs": {
                "batter": 4,
                "extras": 0,
                "total": 4
              }
            },
            {
              "batter": "DJS Dottin",
              "bowler": "Diana Baig",
              "non_striker": "HK Matthews",
              "runs": {
                "batter": 0,
                "extras": 0,
                "total": 0
              }
            },
            {
              "batter": "DJS Dottin",
              "bowler": "Diana Baig",
              "non_striker": "HK Matthews",
              "runs": {
                "batter": 4,
                "extras": 0,
                "total": 4
              }
            },
            {
              "batter": "DJS Dottin",
              "bowler": "Diana Baig",
              "non_striker": "HK Matthews",
              "runs": {
                "batter": 0,
                "extras": 0,
                "total": 0
              }
            },
            {
              "batter": "DJS Dottin",
              "bowler": "Diana Baig",
              "non_striker": "HK Matthews",
              "runs": {
                "batter": 1,
                "extras": 0,
                "total": 1
              }
            }
          ]
        },
        {
          "over": 3,
          "deliveries": [
            {
              "batter": "DJS Dottin",
              "bowler": "Anam Amin",
              "non_striker": "HK Matthews",
              "runs": {
                "batter": 0,
                "extras": 0,
                "total": 0
              }
            },
            {
              "batter": "DJS Dottin",
              "bowler": "Anam Amin",
              "non_striker": "HK Matthews",
              "runs": {
                "batter": 0,
                "extras": 0,
                "total": 0
              }
            },
            {
              "batter": "DJS Dottin",
              "bowler": "Anam Amin",
              "non_striker": "HK Matthews",
              "runs": {
                "batter": 0,
                "extras": 0,
                "total": 0
              }
            },
            {
              "batter": "DJS Dottin",
              "bowler": "Anam Amin",
              "non_striker": "HK Matthews",
              "runs": {
                "batter": 0,
                "extras": 0,
                "total": 0
              }
            },
            {
              "batter": "DJS Dottin",
              "bowler": "Anam Amin",
              "non_striker": "HK Matthews",
              "runs": {
                "batter": 0,
                "extras": 0,
                "total": 0
              }
            },
            {
              "batter": "DJS Dottin",
              "bowler": "Anam Amin",
              "non_striker": "HK Matthews",
              "runs": {
                "batter": 0,
                "extras": 0,
                "total": 0
              }
            }
          ]
        },
        {
          "over": 4,
          "deliveries": [
            {
              "batter": "HK Matthews",
              "bowler": "Fatima Sana",
              "non_striker": "DJS Dottin",
              "runs": {
                "batter": 0,
                "extras": 0,
                "total": 0
              }
            },
            {
              "batter": "HK Matthews",
              "bowler": "Fatima Sana",
              "non_striker": "DJS Dottin",
              "runs": {
                "batter": 0,
                "extras": 0,
                "total": 0
              },
              "wickets": [
                {
                  "player_out": "HK Matthews",
                  "fielders": [
                    {
                      "name": "Muneeba Ali"
                    }
                  ],
                  "kind": "caught"
                }
              ]
            },
            {
              "batter": "DJS Dottin",
              "bowler": "Fatima Sana",
              "non_striker": "SR Taylor",
              "runs": {
                "batter": 0,
                "extras": 0,
                "total": 0
              }
            },
            {
              "batter": "DJS Dottin",
              "bowler": "Fatima Sana",
              "non_striker": "SR Taylor",
              "runs": {
                "batter": 4,
                "extras": 0,
                "total": 4
              }
            },
            {
              "batter": "DJS Dottin",
              "bowler": "Fatima Sana",
              "non_striker": "SR Taylor",
              "runs": {
                "batter": 0,
                "extras": 0,
                "total": 0
              }
            },
            {
              "batter": "DJS Dottin",
              "bowler": "Fatima Sana",
              "non_striker": "SR Taylor",
              "runs": {
                "batter": 0,
                "extras": 0,
                "total": 0
              }
            }
          ]
        },
        {
          "over": 5,
          "deliveries": [
            {
              "batter": "SR Taylor",
              "bowler": "Anam Amin",
              "non_striker": "DJS Dottin",
              "runs": {
                "batter": 0,
                "extras": 0,
                "total": 0
              }
            },
            {
              "batter": "SR Taylor",
              "bowler": "Anam Amin",
              "non_striker": "DJS Dottin",
              "runs": {
                "batter": 0,
                "extras": 0,
                "total": 0
              }
            },
            {
              "batter": "SR Taylor",
              "bowler": "Anam Amin",
              "non_striker": "DJS Dottin",
              "runs": {
                "batter": 0,
                "extras": 0,
                "total": 0
              }
            },
            {
              "batter": "SR Taylor",
              "bowler": "Anam Amin",
              "non_striker": "DJS Dottin",
              "runs": {
                "batter": 0,
                "extras": 0,
                "total": 0
              }
            },
            {
              "batter": "SR Taylor",
              "bowler": "Anam Amin",
              "non_striker": "DJS Dottin",
              "runs": {
                "batter": 1,
                "extras": 0,
                "total": 1
              }
            },
            {
              "batter": "DJS Dottin",
              "bowler": "Anam Amin",
              "non_striker": "SR Taylor",
              "runs": {
                "batter": 0,
                "extras": 0,
                "total": 0
              }
            }
          ]
        },
        {
          "over": 6,
          "deliveries": [
            {
              "batter": "SR Taylor",
              "bowler": "Fatima Sana",
              "extras": {
                "legbyes": 1
              },
              "non_striker": "DJS Dottin",
              "runs": {
                "batter": 0,
                "extras": 1,
                "total": 1
              }
            },
            {
              "batter": "DJS Dottin",
              "bowler": "Fatima Sana",
              "non_striker": "SR Taylor",
              "runs": {
                "batter": 0,
                "extras": 0,
                "total": 0
              }
            },
            {
              "batter": "DJS Dottin",
              "bowler": "Fatima Sana",
              "non_striker": "SR Taylor",
              "runs": {
                "batter": 0,
                "extras": 0,
                "total": 0
              }
            },
            {
              "batter": "DJS Dottin",
              "bowler": "Fatima Sana",
              "non_striker": "SR Taylor",
              "runs": {
                "batter": 0,
                "extras": 0,
                "total": 0
              }
            },
            {
              "batter": "DJS Dottin",
              "bowler": "Fatima Sana",
              "non_striker": "SR Taylor",
              "runs": {
                "batter": 1,
                "extras": 0,
                "total": 1
              }
            },
            {
              "batter": "SR Taylor",
              "bowler": "Fatima Sana",
              "non_striker": "DJS Dottin",
              "runs": {
                "batter": 0,
                "extras": 0,
                "total": 0
              }
            }
          ]
        },
        {
          "over": 7,
          "deliveries": [
            {
              "batter": "DJS Dottin",
              "bowler": "Anam Amin",
              "non_striker": "SR Taylor",
              "runs": {
                "batter": 0,
                "extras": 0,
                "total": 0
              }
            },
            {
              "batter": "DJS Dottin",
              "bowler": "Anam Amin",
              "non_striker": "SR Taylor",
              "runs": {
                "batter": 1,
                "extras": 0,
                "total": 1
              }
            },
            {
              "batter": "SR Taylor",
              "bowler": "Anam Amin",
              "non_striker": "DJS Dottin",
              "runs": {
                "batter": 0,
                "extras": 0,
                "total": 0
              }
            },
            {
              "batter": "SR Taylor",
              "bowler": "Anam Amin",
              "non_striker": "DJS Dottin",
              "runs": {
                "batter": 2,
                "extras": 0,
                "total": 2
              }
            },
            {
              "batter": "SR Taylor",
              "bowler": "Anam Amin",
              "non_striker": "DJS Dottin",
              "runs": {
                "batter": 0,
                "extras": 0,
                "total": 0
              }
            },
            {
              "batter": "SR Taylor",
              "bowler": "Anam Amin",
              "non_striker": "DJS Dottin",
              "runs": {
                "batter": 0,
                "extras": 0,
                "total": 0
              }
            }
          ]
        },
        {
          "over": 8,
          "deliveries": [
            {
              "batter": "DJS Dottin",
              "bowler": "Nashra Sandhu",
              "non_striker": "SR Taylor",
              "runs": {
                "batter": 1,
                "extras": 0,
                "total": 1
              }
            },
            {
              "batter": "SR Taylor",
              "bowler": "Nashra Sandhu",
              "non_striker": "DJS Dottin",
              "runs": {
                "batter": 1,
                "extras": 0,
                "total": 1
              }
            },
            {
              "batter": "DJS Dottin",
              "bowler": "Nashra Sandhu",
              "non_striker": "SR Taylor",
              "runs": {
                "batter": 0,
                "extras": 0,
                "total": 0
              }
            },
            {
              "batter": "DJS Dottin",
              "bowler": "Nashra Sandhu",
              "non_striker": "SR Taylor",
              "runs": {
                "batter": 1,
                "extras": 0,
                "total": 1
              }
            },
            {
              "batter": "SR Taylor",
              "bowler": "Nashra Sandhu",
              "non_striker": "DJS Dottin",
              "runs": {
                "batter": 1,
                "extras": 0,
                "total": 1
              }
            },
            {
              "batter": "DJS Dottin",
              "bowler": "Nashra Sandhu",
              "non_striker": "SR Taylor",
              "runs": {
                "batter": 1,
                "extras": 0,
                "total": 1
              }
            }
          ]
        },
        {
          "over": 9,
          "deliveries": [
            {
              "batter": "DJS Dottin",
              "bowler": "Nida Dar",
              "non_striker": "SR Taylor",
              "runs": {
                "batter": 0,
                "extras": 0,
                "total": 0
              },
              "wickets": [
                {
                  "player_out": "DJS Dottin",
                  "kind": "caught and bowled"
                }
              ]
            },
            {
              "batter": "SA Campbelle",
              "bowler": "Nida Dar",
              "non_striker": "SR Taylor",
              "runs": {
                "batter": 1,
                "extras": 0,
                "total": 1
              }
            },
            {
              "batter": "SR Taylor",
              "bowler": "Nida Dar",
              "non_striker": "SA Campbelle",
              "runs": {
                "batter": 1,
                "extras": 0,
                "total": 1
              }
            },
            {
              "batter": "SA Campbelle",
              "bowler": "Nida Dar",
              "non_striker": "SR Taylor",
              "runs": {
                "batter": 1,
                "extras": 0,
                "total": 1
              }
            },
            {
              "batter": "SR Taylor",
              "bowler": "Nida Dar",
              "non_striker": "SA Campbelle",
              "runs": {
                "batter": 0,
                "extras": 0,
                "total": 0
              }
            },
            {
              "batter": "SR Taylor",
              "bowler": "Nida Dar",
              "non_striker": "SA Campbelle",
              "runs": {
                "batter": 1,
                "extras": 0,
                "total": 1
              }
            }
          ]
        },
        {
          "over": 10,
          "deliveries": [
            {
              "batter": "SR Taylor",
              "bowler": "Nashra Sandhu",
              "non_striker": "SA Campbelle",
              "runs": {
                "batter": 0,
                "extras": 0,
                "total": 0
              }
            },
            {
              "batter": "SR Taylor",
              "bowler": "Nashra Sandhu",
              "non_striker": "SA Campbelle",
              "runs": {
                "batter": 1,
                "extras": 0,
                "total": 1
              }
            },
            {
              "batter": "SA Campbelle",
              "bowler": "Nashra Sandhu",
              "non_striker": "SR Taylor",
              "runs": {
                "batter": 4,
                "extras": 0,
                "total": 4
              }
            },
            {
              "batter": "SA Campbelle",
              "bowler": "Nashra Sandhu",
              "non_striker": "SR Taylor",
              "runs": {
                "batter": 1,
                "extras": 0,
                "total": 1
              }
            },
            {
              "batter": "SR Taylor",
              "bowler": "Nashra Sandhu",
              "non_striker": "SA Campbelle",
              "runs": {
                "batter": 0,
                "extras": 0,
                "total": 0
              }
            },
            {
              "batter": "SR Taylor",
              "bowler": "Nashra Sandhu",
              "non_striker": "SA Campbelle",
              "runs": {
                "batter": 1,
                "extras": 0,
                "total": 1
              }
            }
          ]
        },
        {
          "over": 11,
          "deliveries": [
            {
              "batter": "SR Taylor",
              "bowler": "Nida Dar",
              "non_striker": "SA Campbelle",
              "runs": {
                "batter": 1,
                "extras": 0,
                "total": 1
              }
            },
            {
              "batter": "SA Campbelle",
              "bowler": "Nida Dar",
              "non_striker": "SR Taylor",
              "runs": {
                "batter": 0,
                "extras": 0,
                "total": 0
              },
              "wickets": [
                {
                  "player_out": "SA Campbelle",
                  "fielders": [
                    {
                      "name": "Sidra Nawaz"
                    }
                  ],
                  "kind": "stumped"
                }
              ]
            },
            {
              "batter": "CN Nation",
              "bowler": "Nida Dar",
              "non_striker": "SR Taylor",
              "runs": {
                "batter": 0,
                "extras": 0,
                "total": 0
              }
            },
            {
              "batter": "CN Nation",
              "bowler": "Nida Dar",
              "non_striker": "SR Taylor",
              "runs": {
                "batter": 0,
                "extras": 0,
                "total": 0
              }
            },
            {
              "batter": "CN Nation",
              "bowler": "Nida Dar",
              "non_striker": "SR Taylor",
              "runs": {
                "batter": 0,
                "extras": 0,
                "total": 0
              }
            },
            {
              "batter": "CN Nation",
              "bowler": "Nida Dar",
              "non_striker": "SR Taylor",
              "runs": {
                "batter": 0,
                "extras": 0,
                "total": 0
              }
            }
          ]
        },
        {
          "over": 12,
          "deliveries": [
            {
              "batter": "SR Taylor",
              "bowler": "Umaima Sohail",
              "non_striker": "CN Nation",
              "runs": {
                "batter": 2,
                "extras": 0,
                "total": 2
              }
            },
            {
              "batter": "SR Taylor",
              "bowler": "Umaima Sohail",
              "non_striker": "CN Nation",
              "runs": {
                "batter": 2,
                "extras": 0,
                "total": 2
              }
            },
            {
              "batter": "SR Taylor",
              "bowler": "Umaima Sohail",
              "non_striker": "CN Nation",
              "runs": {
                "batter": 1,
                "extras": 0,
                "total": 1
              }
            },
            {
              "batter": "CN Nation",
              "bowler": "Umaima Sohail",
              "non_striker": "SR Taylor",
              "runs": {
                "batter": 0,
                "extras": 0,
                "total": 0
              },
              "wickets": [
                {
                  "player_out": "CN Nation",
                  "kind": "bowled"
                }
              ]
            },
            {
              "batter": "Kycia A Knight",
              "bowler": "Umaima Sohail",
              "non_striker": "SR Taylor",
              "runs": {
                "batter": 0,
                "extras": 0,
                "total": 0
              }
            },
            {
              "batter": "Kycia A Knight",
              "bowler": "Umaima Sohail",
              "non_striker": "SR Taylor",
              "runs": {
                "batter": 1,
                "extras": 0,
                "total": 1
              }
            }
          ]
        },
        {
          "over": 13,
          "deliveries": [
            {
              "batter": "Kycia A Knight",
              "bowler": "Nida Dar",
              "non_striker": "SR Taylor",
              "runs": {
                "batter": 0,
                "extras": 0,
                "total": 0
              }
            },
            {
              "batter": "Kycia A Knight",
              "bowler": "Nida Dar",
              "non_striker": "SR Taylor",
              "runs": {
                "batter": 2,
                "extras": 0,
                "total": 2
              }
            },
            {
              "batter": "Kycia A Knight",
              "bowler": "Nida Dar",
              "non_striker": "SR Taylor",
              "runs": {
                "batter": 0,
                "extras": 0,
                "total": 0
              }
            },
            {
              "batter": "Kycia A Knight",
              "bowler": "Nida Dar",
              "non_striker": "SR Taylor",
              "runs": {
                "batter": 1,
                "extras": 0,
                "total": 1
              }
            },
            {
              "batter": "SR Taylor",
              "bowler": "Nida Dar",
              "non_striker": "Kycia A Knight",
              "runs": {
                "batter": 0,
                "extras": 0,
                "total": 0
              }
            },
            {
              "batter": "SR Taylor",
              "bowler": "Nida Dar",
              "non_striker": "Kycia A Knight",
              "runs": {
                "batter": 1,
                "extras": 0,
                "total": 1
              }
            }
          ]
        },
        {
          "over": 14,
          "deliveries": [
            {
              "batter": "SR Taylor",
              "bowler": "Umaima Sohail",
              "extras": {
                "wides": 1
              },
              "non_striker": "Kycia A Knight",
              "runs": {
                "batter": 0,
                "extras": 1,
                "total": 1
              }
            },
            {
              "batter": "SR Taylor",
              "bowler": "Umaima Sohail",
              "non_striker": "Kycia A Knight",
              "runs": {
                "batter": 1,
                "extras": 0,
                "total": 1
              }
            },
            {
              "batter": "Kycia A Knight",
              "bowler": "Umaima Sohail",
              "non_striker": "SR Taylor",
              "runs": {
                "batter": 4,
                "extras": 0,
                "total": 4
              }
            },
            {
              "batter": "Kycia A Knight",
              "bowler": "Umaima Sohail",
              "non_striker": "SR Taylor",
              "runs": {
                "batter": 0,
                "extras": 0,
                "total": 0
              }
            },
            {
              "batter": "Kycia A Knight",
              "bowler": "Umaima Sohail",
              "non_striker": "SR Taylor",
              "runs": {
                "batter": 0,
                "extras": 0,
                "total": 0
              }
            },
            {
              "batter": "Kycia A Knight",
              "bowler": "Umaima Sohail",
              "non_striker": "SR Taylor",
              "runs": {
                "batter": 0,
                "extras": 0,
                "total": 0
              }
            },
            {
              "batter": "Kycia A Knight",
              "bowler": "Umaima Sohail",
              "non_striker": "SR Taylor",
              "runs": {
                "batter": 0,
                "extras": 0,
                "total": 0
              }
            }
          ]
        },
        {
          "over": 15,
          "deliveries": [
            {
              "batter": "SR Taylor",
              "bowler": "Nida Dar",
              "non_striker": "Kycia A Knight",
              "runs": {
                "batter": 0,
                "extras": 0,
                "total": 0
              }
            },
            {
              "batter": "SR Taylor",
              "bowler": "Nida Dar",
              "non_striker": "Kycia A Knight",
              "runs": {
                "batter": 0,
                "extras": 0,
                "total": 0
              }
            },
            {
              "batter": "SR Taylor",
              "bowler": "Nida Dar",
              "non_striker": "Kycia A Knight",
              "runs": {
                "batter": 1,
                "extras": 0,
                "total": 1
              }
            },
            {
              "batter": "Kycia A Knight",
              "bowler": "Nida Dar",
              "non_striker": "SR Taylor",
              "runs": {
                "batter": 0,
                "extras": 0,
                "total": 0
              }
            },
            {
              "batter": "Kycia A Knight",
              "bowler": "Nida Dar",
              "non_striker": "SR Taylor",
              "runs": {
                "batter": 0,
                "extras": 0,
                "total": 0
              },
              "wickets": [
                {
                  "player_out": "Kycia A Knight",
                  "fielders": [
                    {
                      "name": "Nashra Sandhu"
                    }
                  ],
                  "kind": "caught"
                }
              ]
            },
            {
              "batter": "CA Henry",
              "bowler": "Nida Dar",
              "non_striker": "SR Taylor",
              "runs": {
                "batter": 0,
                "extras": 0,
                "total": 0
              },
              "wickets": [
                {
                  "player_out": "CA Henry",
                  "fielders": [
                    {
                      "name": "Aliya Riaz"
                    }
                  ],
                  "kind": "caught"
                }
              ]
            }
          ]
        },
        {
          "over": 16,
          "deliveries": [
            {
              "batter": "SR Taylor",
              "bowler": "Nashra Sandhu",
              "non_striker": "ASS Fletcher",
              "runs": {
                "batter": 0,
                "extras": 0,
                "total": 0
              },
              "wickets": [
                {
                  "player_out": "SR Taylor",
                  "kind": "caught and bowled"
                }
              ]
            },
            {
              "batter": "AA Alleyne",
              "bowler": "Nashra Sandhu",
              "non_striker": "ASS Fletcher",
              "runs": {
                "batter": 0,
                "extras": 0,
                "total": 0
              }
            },
            {
              "batter": "AA Alleyne",
              "bowler": "Nashra Sandhu",
              "non_striker": "ASS Fletcher",
              "runs": {
                "batter": 0,
                "extras": 0,
                "total": 0
              }
            },
            {
              "batter": "AA Alleyne",
              "bowler": "Nashra Sandhu",
              "non_striker": "ASS Fletcher",
              "runs": {
                "batter": 0,
                "extras": 0,
                "total": 0
              }
            },
            {
              "batter": "AA Alleyne",
              "bowler": "Nashra Sandhu",
              "non_striker": "ASS Fletcher",
              "runs": {
                "batter": 0,
                "extras": 0,
                "total": 0
              }
            },
            {
              "batter": "AA Alleyne",
              "bowler": "Nashra Sandhu",
              "non_striker": "ASS Fletcher",
              "runs": {
                "batter": 0,
                "extras": 0,
                "total": 0
              }
            }
          ]
        },
        {
          "over": 17,
          "deliveries": [
            {
              "batter": "ASS Fletcher",
              "bowler": "Fatima Sana",
              "extras": {
                "legbyes": 1
              },
              "non_striker": "AA Alleyne",
              "runs": {
                "batter": 0,
                "extras": 1,
                "total": 1
              }
            },
            {
              "batter": "AA Alleyne",
              "bowler": "Fatima Sana",
              "non_striker": "ASS Fletcher",
              "runs": {
                "batter": 0,
                "extras": 0,
                "total": 0
              }
            },
            {
              "batter": "AA Alleyne",
              "bowler": "Fatima Sana",
              "non_striker": "ASS Fletcher",
              "runs": {
                "batter": 0,
                "extras": 0,
                "total": 0
              }
            },
            {
              "batter": "AA Alleyne",
              "bowler": "Fatima Sana",
              "non_striker": "ASS Fletcher",
              "runs": {
                "batter": 1,
                "extras": 0,
                "total": 1
              }
            },
            {
              "batter": "ASS Fletcher",
              "bowler": "Fatima Sana",
              "non_striker": "AA Alleyne",
              "runs": {
                "batter": 1,
                "extras": 0,
                "total": 1
              }
            },
            {
              "batter": "AA Alleyne",
              "bowler": "Fatima Sana",
              "non_striker": "ASS Fletcher",
              "runs": {
                "batter": 0,
                "extras": 0,
                "total": 0
              }
            }
          ]
        },
        {
          "over": 18,
          "deliveries": [
            {
              "batter": "ASS Fletcher",
              "bowler": "Nashra Sandhu",
              "non_striker": "AA Alleyne",
              "runs": {
                "batter": 1,
                "extras": 0,
                "total": 1
              }
            },
            {
              "batter": "AA Alleyne",
              "bowler": "Nashra Sandhu",
              "non_striker": "ASS Fletcher",
              "runs": {
                "batter": 1,
                "extras": 0,
                "total": 1
              }
            },
            {
              "batter": "ASS Fletcher",
              "bowler": "Nashra Sandhu",
              "non_striker": "AA Alleyne",
              "runs": {
                "batter": 4,
                "extras": 0,
                "total": 4
              }
            },
            {
              "batter": "ASS Fletcher",
              "bowler": "Nashra Sandhu",
              "non_striker": "AA Alleyne",
              "runs": {
                "batter": 4,
                "extras": 0,
                "total": 4
              }
            },
            {
              "batter": "ASS Fletcher",
              "bowler": "Nashra Sandhu",
              "non_striker": "AA Alleyne",
              "runs": {
                "batter": 0,
                "extras": 0,
                "total": 0
              }
            },
            {
              "batter": "ASS Fletcher",
              "bowler": "Nashra Sandhu",
              "non_striker": "AA Alleyne",
              "runs": {
                "batter": 2,
                "extras": 0,
                "total": 2
              }
            }
          ]
        },
        {
          "over": 19,
          "deliveries": [
            {
              "batter": "AA Alleyne",
              "bowler": "Fatima Sana",
              "non_striker": "ASS Fletcher",
              "runs": {
                "batter": 2,
                "extras": 0,
                "total": 2
              }
            },
            {
              "batter": "AA Alleyne",
              "bowler": "Fatima Sana",
              "extras": {
                "byes": 2
              },
              "non_striker": "ASS Fletcher",
              "runs": {
                "batter": 0,
                "extras": 2,
                "total": 2
              }
            },
            {
              "batter": "AA Alleyne",
              "bowler": "Fatima Sana",
              "non_striker": "ASS Fletcher",
              "runs": {
                "batter": 0,
                "extras": 0,
                "total": 0
              }
            },
            {
              "batter": "AA Alleyne",
              "bowler": "Fatima Sana",
              "non_striker": "ASS Fletcher",
              "runs": {
                "batter": 4,
                "extras": 0,
                "total": 4
              }
            },
            {
              "batter": "AA Alleyne",
              "bowler": "Fatima Sana",
              "extras": {
                "legbyes": 2
              },
              "non_striker": "ASS Fletcher",
              "review": {
                "by": "Pakistan",
                "umpire": "P Wilson",
                "batter": "AA Alleyne",
                "decision": "struck down"
              },
              "runs": {
                "batter": 0,
                "extras": 2,
                "total": 2
              }
            },
            {
              "batter": "AA Alleyne",
              "bowler": "Fatima Sana",
              "non_striker": "ASS Fletcher",
              "runs": {
                "batter": 1,
                "extras": 0,
                "total": 1
              }
            }
          ]
        }
      ],
      "powerplays": [
        {
          "from": 0.1,
          "to": 3.6,
          "type": "mandatory"
        }
      ]
    },
    {
      "team": "Pakistan",
      "overs": [
        {
          "over": 0,
          "deliveries": [
            {
              "batter": "Muneeba Ali",
              "bowler": "HK Matthews",
              "non_striker": "Sidra Ameen",
              "runs": {
                "batter": 0,
                "extras": 0,
                "total": 0
              }
            },
            {
              "batter": "Muneeba Ali",
              "bowler": "HK Matthews",
              "non_striker": "Sidra Ameen",
              "runs": {
                "batter": 0,
                "extras": 0,
                "total": 0
              }
            },
            {
              "batter": "Muneeba Ali",
              "bowler": "HK Matthews",
              "non_striker": "Sidra Ameen",
              "runs": {
                "batter": 0,
                "extras": 0,
                "total": 0
              }
            },
            {
              "batter": "Muneeba Ali",
              "bowler": "HK Matthews",
              "non_striker": "Sidra Ameen",
              "runs": {
                "batter": 0,
                "extras": 0,
                "total": 0
              }
            },
            {
              "batter": "Muneeba Ali",
              "bowler": "HK Matthews",
              "non_striker": "Sidra Ameen",
              "runs": {
                "batter": 0,
                "extras": 0,
                "total": 0
              }
            },
            {
              "batter": "Muneeba Ali",
              "bowler": "HK Matthews",
              "non_striker": "Sidra Ameen",
              "runs": {
                "batter": 0,
                "extras": 0,
                "total": 0
              }
            }
          ]
        },
        {
          "over": 1,
          "deliveries": [
            {
              "batter": "Sidra Ameen",
              "bowler": "CA Henry",
              "non_striker": "Muneeba Ali",
              "runs": {
                "batter": 2,
                "extras": 0,
                "total": 2
              }
            },
            {
              "batter": "Sidra Ameen",
              "bowler": "CA Henry",
              "non_striker": "Muneeba Ali",
              "runs": {
                "batter": 0,
                "extras": 0,
                "total": 0
              }
            },
            {
              "batter": "Sidra Ameen",
              "bowler": "CA Henry",
              "non_striker": "Muneeba Ali",
              "runs": {
                "batter": 0,
                "extras": 0,
                "total": 0
              }
            },
            {
              "batter": "Sidra Ameen",
              "bowler": "CA Henry",
              "non_striker": "Muneeba Ali",
              "runs": {
                "batter": 1,
                "extras": 0,
                "total": 1
              }
            },
            {
              "batter": "Muneeba Ali",
              "bowler": "CA Henry",
              "non_striker": "Sidra Ameen",
              "runs": {
                "batter": 1,
                "extras": 0,
                "total": 1
              }
            },
            {
              "batter": "Sidra Ameen",
              "bowler": "CA Henry",
              "non_striker": "Muneeba Ali",
              "runs": {
                "batter": 1,
                "extras": 0,
                "total": 1
              }
            }
          ]
        },
        {
          "over": 2,
          "deliveries": [
            {
              "batter": "Sidra Ameen",
              "bowler": "HK Matthews",
              "non_striker": "Muneeba Ali",
              "runs": {
                "batter": 1,
                "extras": 0,
                "total": 1
              }
            },
            {
              "batter": "Muneeba Ali",
              "bowler": "HK Matthews",
              "non_striker": "Sidra Ameen",
              "runs": {
                "batter": 0,
                "extras": 0,
                "total": 0
              }
            },
            {
              "batter": "Muneeba Ali",
              "bowler": "HK Matthews",
              "non_striker": "Sidra Ameen",
              "runs": {
                "batter": 0,
                "extras": 0,
                "total": 0
              }
            },
            {
              "batter": "Muneeba Ali",
              "bowler": "HK Matthews",
              "non_striker": "Sidra Ameen",
              "runs": {
                "batter": 4,
                "extras": 0,
                "total": 4
              }
            },
            {
              "batter": "Muneeba Ali",
              "bowler": "HK Matthews",
              "non_striker": "Sidra Ameen",
              "runs": {
                "batter": 4,
                "extras": 0,
                "total": 4
              }
            },
            {
              "batter": "Muneeba Ali",
              "bowler": "HK Matthews",
              "non_striker": "Sidra Ameen",
              "runs": {
                "batter": 0,
                "extras": 0,
                "total": 0
              }
            }
          ]
        },
        {
          "over": 3,
          "deliveries": [
            {
              "batter": "Sidra Ameen",
              "bowler": "CA Henry",
              "non_striker": "Muneeba Ali",
              "runs": {
                "batter": 0,
                "extras": 0,
                "total": 0
              }
            },
            {
              "batter": "Sidra Ameen",
              "bowler": "CA Henry",
              "non_striker": "Muneeba Ali",
              "runs": {
                "batter": 0,
                "extras": 0,
                "total": 0
              }
            },
            {
              "batter": "Sidra Ameen",
              "bowler": "CA Henry",
              "non_striker": "Muneeba Ali",
              "runs": {
                "batter": 1,
                "extras": 0,
                "total": 1
              }
            },
            {
              "batter": "Muneeba Ali",
              "bowler": "CA Henry",
              "non_striker": "Sidra Ameen",
              "runs": {
                "batter": 1,
                "extras": 0,
                "total": 1
              }
            },
            {
              "batter": "Sidra Ameen",
              "bowler": "CA Henry",
              "non_striker": "Muneeba Ali",
              "runs": {
                "batter": 0,
                "extras": 0,
                "total": 0
              }
            },
            {
              "batter": "Sidra Ameen",
              "bowler": "CA Henry",
              "non_striker": "Muneeba Ali",
              "runs": {
                "batter": 1,
                "extras": 0,
                "total": 1
              }
            }
          ]
        },
        {
          "over": 4,
          "deliveries": [
            {
              "batter": "Sidra Ameen",
              "bowler": "A Mohammed",
              "non_striker": "Muneeba Ali",
              "runs": {
                "batter": 0,
                "extras": 0,
                "total": 0
              }
            },
            {
              "batter": "Sidra Ameen",
              "bowler": "A Mohammed",
              "non_striker": "Muneeba Ali",
              "runs": {
                "batter": 1,
                "extras": 0,
                "total": 1
              }
            },
            {
              "batter": "Muneeba Ali",
              "bowler": "A Mohammed",
              "non_striker": "Sidra Ameen",
              "runs": {
                "batter": 0,
                "extras": 0,
                "total": 0
              }
            },
            {
              "batter": "Muneeba Ali",
              "bowler": "A Mohammed",
              "non_striker": "Sidra Ameen",
              "runs": {
                "batter": 0,
                "extras": 0,
                "total": 0
              }
            },
            {
              "batter": "Muneeba Ali",
              "bowler": "A Mohammed",
              "non_striker": "Sidra Ameen",
              "runs": {
                "batter": 2,
                "extras": 0,
                "total": 2
              }
            },
            {
              "batter": "Muneeba Ali",
              "bowler": "A Mohammed",
              "non_striker": "Sidra Ameen",
              "runs": {
                "batter": 2,
                "extras": 0,
                "total": 2
              }
            }
          ]
        },
        {
          "over": 5,
          "deliveries": [
            {
              "batter": "Sidra Ameen",
              "bowler": "ASS Fletcher",
              "non_striker": "Muneeba Ali",
              "runs": {
                "batter": 0,
                "extras": 0,
                "total": 0
              }
            },
            {
              "batter": "Sidra Ameen",
              "bowler": "ASS Fletcher",
              "non_striker": "Muneeba Ali",
              "runs": {
                "batter": 0,
                "extras": 0,
                "total": 0
              },
              "wickets": [
                {
                  "player_out": "Sidra Ameen",
                  "kind": "bowled"
                }
              ]
            },
            {
              "batter": "Bismah Maroof",
              "bowler": "ASS Fletcher",
              "non_striker": "Muneeba Ali",
              "runs": {
                "batter": 1,
                "extras": 0,
                "total": 1
              }
            },
            {
              "batter": "Muneeba Ali",
              "bowler": "ASS Fletcher",
              "non_striker": "Bismah Maroof",
              "runs": {
                "batter": 0,
                "extras": 0,
                "total": 0
              }
            },
            {
              "batter": "Muneeba Ali",
              "bowler": "ASS Fletcher",
              "non_striker": "Bismah Maroof",
              "runs": {
                "batter": 0,
                "extras": 0,
                "total": 0
              }
            },
            {
              "batter": "Muneeba Ali",
              "bowler": "ASS Fletcher",
              "non_striker": "Bismah Maroof",
              "runs": {
                "batter": 0,
                "extras": 0,
                "total": 0
              }
            }
          ]
        },
        {
          "over": 6,
          "deliveries": [
            {
              "batter": "Bismah Maroof",
              "bowler": "A Mohammed",
              "non_striker": "Muneeba Ali",
              "review": {
                "by": "West Indies",
                "umpire": "Eloise Sheridan",
                "batter": "Bismah Maroof",
                "decision": "struck down"
              },
              "runs": {
                "batter": 0,
                "extras": 0,
                "total": 0
              }
            },
            {
              "batter": "Bismah Maroof",
              "bowler": "A Mohammed",
              "non_striker": "Muneeba Ali",
              "runs": {
                "batter": 0,
                "extras": 0,
                "total": 0
              }
            },
            {
              "batter": "Bismah Maroof",
              "bowler": "A Mohammed",
              "non_striker": "Muneeba Ali",
              "runs": {
                "batter": 2,
                "extras": 0,
                "total": 2
              }
            },
            {
              "batter": "Bismah Maroof",
              "bowler": "A Mohammed",
              "non_striker": "Muneeba Ali",
              "runs": {
                "batter": 1,
                "extras": 0,
                "total": 1
              }
            },
            {
              "batter": "Muneeba Ali",
              "bowler": "A Mohammed",
              "non_striker": "Bismah Maroof",
              "runs": {
                "batter": 0,
                "extras": 0,
                "total": 0
              }
            },
            {
              "batter": "Muneeba Ali",
              "bowler": "A Mohammed",
              "non_striker": "Bismah Maroof",
              "runs": {
                "batter": 0,
                "extras": 0,
                "total": 0
              }
            }
          ]
        },
        {
          "over": 7,
          "deliveries": [
            {
              "batter": "Bismah Maroof",
              "bowler": "ASS Fletcher",
              "non_striker": "Muneeba Ali",
              "runs": {
                "batter": 1,
                "extras": 0,
                "total": 1
              }
            },
            {
              "batter": "Muneeba Ali",
              "bowler": "ASS Fletcher",
              "non_striker": "Bismah Maroof",
              "runs": {
                "batter": 2,
                "extras": 0,
                "total": 2
              }
            },
            {
              "batter": "Muneeba Ali",
              "bowler": "ASS Fletcher",
              "non_striker": "Bismah Maroof",
              "runs": {
                "batter": 4,
                "extras": 0,
                "total": 4
              }
            },
            {
              "batter": "Muneeba Ali",
              "bowler": "ASS Fletcher",
              "non_striker": "Bismah Maroof",
              "runs": {
                "batter": 0,
                "extras": 0,
                "total": 0
              }
            },
            {
              "batter": "Muneeba Ali",
              "bowler": "ASS Fletcher",
              "non_striker": "Bismah Maroof",
              "runs": {
                "batter": 1,
                "extras": 0,
                "total": 1
              }
            },
            {
              "batter": "Bismah Maroof",
              "bowler": "ASS Fletcher",
              "extras": {
                "wides": 1
              },
              "non_striker": "Muneeba Ali",
              "runs": {
                "batter": 0,
                "extras": 1,
                "total": 1
              }
            },
            {
              "batter": "Bismah Maroof",
              "bowler": "ASS Fletcher",
              "non_striker": "Muneeba Ali",
              "runs": {
                "batter": 0,
                "extras": 0,
                "total": 0
              }
            }
          ]
        },
        {
          "over": 8,
          "deliveries": [
            {
              "batter": "Muneeba Ali",
              "bowler": "A Mohammed",
              "non_striker": "Bismah Maroof",
              "runs": {
                "batter": 0,
                "extras": 0,
                "total": 0
              }
            },
            {
              "batter": "Muneeba Ali",
              "bowler": "A Mohammed",
              "non_striker": "Bismah Maroof",
              "runs": {
                "batter": 0,
                "extras": 0,
                "total": 0
              }
            },
            {
              "batter": "Muneeba Ali",
              "bowler": "A Mohammed",
              "non_striker": "Bismah Maroof",
              "runs": {
                "batter": 0,
                "extras": 0,
                "total": 0
              }
            },
            {
              "batter": "Muneeba Ali",
              "bowler": "A Mohammed",
              "non_striker": "Bismah Maroof",
              "runs": {
                "batter": 0,
                "extras": 0,
                "total": 0
              }
            },
            {
              "batter": "Muneeba Ali",
              "bowler": "A Mohammed",
              "non_striker": "Bismah Maroof",
              "runs": {
                "batter": 4,
                "extras": 0,
                "total": 4
              }
            },
            {
              "batter": "Muneeba Ali",
              "bowler": "A Mohammed",
              "non_striker": "Bismah Maroof",
              "runs": {
                "batter": 1,
                "extras": 0,
                "total": 1
              }
            }
          ]
        },
        {
          "over": 9,
          "deliveries": [
            {
              "batter": "Muneeba Ali",
              "bowler": "HK Matthews",
              "non_striker": "Bismah Maroof",
              "runs": {
                "batter": 0,
                "extras": 0,
                "total": 0
              }
            },
            {
              "batter": "Muneeba Ali",
              "bowler": "HK Matthews",
              "non_striker": "Bismah Maroof",
              "runs": {
                "batter": 1,
                "extras": 0,
                "total": 1
              }
            },
            {
              "batter": "Bismah Maroof",
              "bowler": "HK Matthews",
              "non_striker": "Muneeba Ali",
              "runs": {
                "batter": 2,
                "extras": 0,
                "total": 2
              }
            },
            {
              "batter": "Bismah Maroof",
              "bowler": "HK Matthews",
              "non_striker": "Muneeba Ali",
              "runs": {
                "batter": 1,
                "extras": 0,
                "total": 1
              }
            },
            {
              "batter": "Muneeba Ali",
              "bowler": "HK Matthews",
              "non_striker": "Bismah Maroof",
              "runs": {
                "batter": 1,
                "extras": 0,
                "total": 1
              }
            },
            {
              "batter": "Bismah Maroof",
              "bowler": "HK Matthews",
              "non_striker": "Muneeba Ali",
              "runs": {
                "batter": 0,
                "extras": 0,
                "total": 0
              }
            }
          ]
        },
        {
          "over": 10,
          "deliveries": [
            {
              "batter": "Muneeba Ali",
              "bowler": "A Mohammed",
              "non_striker": "Bismah Maroof",
              "runs": {
                "batter": 1,
                "extras": 0,
                "total": 1
              }
            },
            {
              "batter": "Bismah Maroof",
              "bowler": "A Mohammed",
              "non_striker": "Muneeba Ali",
              "runs": {
                "batter": 1,
                "extras": 0,
                "total": 1
              }
            },
            {
              "batter": "Muneeba Ali",
              "bowler": "A Mohammed",
              "non_striker": "Bismah Maroof",
              "runs": {
                "batter": 4,
                "extras": 0,
                "total": 4
              }
            },
            {
              "batter": "Muneeba Ali",
              "bowler": "A Mohammed",
              "non_striker": "Bismah Maroof",
              "runs": {
                "batter": 1,
                "extras": 0,
                "total": 1
              }
            },
            {
              "batter": "Bismah Maroof",
              "bowler": "A Mohammed",
              "non_striker": "Muneeba Ali",
              "runs": {
                "batter": 0,
                "extras": 0,
                "total": 0
              }
            },
            {
              "batter": "Bismah Maroof",
              "bowler": "A Mohammed",
              "non_striker": "Muneeba Ali",
              "runs": {
                "batter": 1,
                "extras": 0,
                "total": 1
              }
            }
          ]
        },
        {
          "over": 11,
          "deliveries": [
            {
              "batter": "Bismah Maroof",
              "bowler": "HK Matthews",
              "non_striker": "Muneeba Ali",
              "runs": {
                "batter": 1,
                "extras": 0,
                "total": 1
              }
            },
            {
              "batter": "Muneeba Ali",
              "bowler": "HK Matthews",
              "non_striker": "Bismah Maroof",
              "runs": {
                "batter": 0,
                "extras": 0,
                "total": 0
              }
            },
            {
              "batter": "Muneeba Ali",
              "bowler": "HK Matthews",
              "non_striker": "Bismah Maroof",
              "runs": {
                "batter": 0,
                "extras": 0,
                "total": 0
              }
            },
            {
              "batter": "Muneeba Ali",
              "bowler": "HK Matthews",
              "non_striker": "Bismah Maroof",
              "runs": {
                "batter": 1,
                "extras": 0,
                "total": 1
              }
            },
            {
              "batter": "Bismah Maroof",
              "bowler": "HK Matthews",
              "non_striker": "Muneeba Ali",
              "runs": {
                "batter": 0,
                "extras": 0,
                "total": 0
              }
            },
            {
              "batter": "Bismah Maroof",
              "bowler": "HK Matthews",
              "non_striker": "Muneeba Ali",
              "runs": {
                "batter": 0,
                "extras": 0,
                "total": 0
              }
            }
          ]
        },
        {
          "over": 12,
          "deliveries": [
            {
              "batter": "Muneeba Ali",
              "bowler": "SC Selman",
              "non_striker": "Bismah Maroof",
              "runs": {
                "batter": 2,
                "extras": 0,
                "total": 2
              }
            },
            {
              "batter": "Muneeba Ali",
              "bowler": "SC Selman",
              "non_striker": "Bismah Maroof",
              "runs": {
                "batter": 0,
                "extras": 0,
                "total": 0
              },
              "wickets": [
                {
                  "player_out": "Muneeba Ali",
                  "fielders": [
                    {
                      "name": "DJS Dottin"
                    }
                  ],
                  "kind": "caught"
                }
              ]
            },
            {
              "batter": "Umaima Sohail",
              "bowler": "SC Selman",
              "non_striker": "Bismah Maroof",
              "runs": {
                "batter": 0,
                "extras": 0,
                "total": 0
              }
            },
            {
              "batter": "Umaima Sohail",
              "bowler": "SC Selman",
              "non_striker": "Bismah Maroof",
              "runs": {
                "batter": 1,
                "extras": 0,
                "total": 1
              }
            },
            {
              "batter": "Bismah Maroof",
              "bowler": "SC Selman",
              "non_striker": "Umaima Sohail",
              "runs": {
                "batter": 0,
                "extras": 0,
                "total": 0
              }
            },
            {
              "batter": "Bismah Maroof",
              "bowler": "SC Selman",
              "non_striker": "Umaima Sohail",
              "runs": {
                "batter": 0,
                "extras": 0,
                "total": 0
              }
            }
          ]
        },
        {
          "over": 13,
          "deliveries": [
            {
              "batter": "Umaima Sohail",
              "bowler": "ASS Fletcher",
              "non_striker": "Bismah Maroof",
              "runs": {
                "batter": 0,
                "extras": 0,
                "total": 0
              }
            },
            {
              "batter": "Umaima Sohail",
              "bowler": "ASS Fletcher",
              "non_striker": "Bismah Maroof",
              "runs": {
                "batter": 0,
                "extras": 0,
                "total": 0
              }
            },
            {
              "batter": "Umaima Sohail",
              "bowler": "ASS Fletcher",
              "non_striker": "Bismah Maroof",
              "runs": {
                "batter": 2,
                "extras": 0,
                "total": 2
              }
            },
            {
              "batter": "Umaima Sohail",
              "bowler": "ASS Fletcher",
              "non_striker": "Bismah Maroof",
              "runs": {
                "batter": 0,
                "extras": 0,
                "total": 0
              }
            },
            {
              "batter": "Umaima Sohail",
              "bowler": "ASS Fletcher",
              "non_striker": "Bismah Maroof",
              "runs": {
                "batter": 4,
                "extras": 0,
                "total": 4
              }
            },
            {
              "batter": "Umaima Sohail",
              "bowler": "ASS Fletcher",
              "non_striker": "Bismah Maroof",
              "runs": {
                "batter": 1,
                "extras": 0,
                "total": 1
              }
            }
          ]
        },
        {
          "over": 14,
          "deliveries": [
            {
              "batter": "Umaima Sohail",
              "bowler": "SC Selman",
              "non_striker": "Bismah Maroof",
              "runs": {
                "batter": 0,
                "extras": 0,
                "total": 0
              }
            },
            {
              "batter": "Umaima Sohail",
              "bowler": "SC Selman",
              "extras": {
                "noballs": 1
              },
              "non_striker": "Bismah Maroof",
              "runs": {
                "batter": 1,
                "extras": 1,
                "total": 2
              }
            },
            {
              "batter": "Bismah Maroof",
              "bowler": "SC Selman",
              "non_striker": "Umaima Sohail",
              "runs": {
                "batter": 1,
                "extras": 0,
                "total": 1
              }
            },
            {
              "batter": "Umaima Sohail",
              "bowler": "SC Selman",
              "non_striker": "Bismah Maroof",
              "runs": {
                "batter": 1,
                "extras": 0,
                "total": 1
              }
            },
            {
              "batter": "Bismah Maroof",
              "bowler": "SC Selman",
              "non_striker": "Umaima Sohail",
              "runs": {
                "batter": 0,
                "extras": 0,
                "total": 0
              }
            },
            {
              "batter": "Bismah Maroof",
              "bowler": "SC Selman",
              "non_striker": "Umaima Sohail",
              "runs": {
                "batter": 2,
                "extras": 0,
                "total": 2
              }
            },
            {
              "batter": "Bismah Maroof",
              "bowler": "SC Selman",
              "non_striker": "Umaima Sohail",
              "runs": {
                "batter": 0,
                "extras": 0,
                "total": 0
              }
            }
          ]
        },
        {
          "over": 15,
          "deliveries": [
            {
              "batter": "Umaima Sohail",
              "bowler": "ASS Fletcher",
              "non_striker": "Bismah Maroof",
              "runs": {
                "batter": 1,
                "extras": 0,
                "total": 1
              }
            },
            {
              "batter": "Bismah Maroof",
              "bowler": "ASS Fletcher",
              "non_striker": "Umaima Sohail",
              "runs": {
                "batter": 0,
                "extras": 0,
                "total": 0
              }
            },
            {
              "batter": "Bismah Maroof",
              "bowler": "ASS Fletcher",
              "non_striker": "Umaima Sohail",
              "runs": {
                "batter": 1,
                "extras": 0,
                "total": 1
              }
            },
            {
              "batter": "Umaima Sohail",
              "bowler": "ASS Fletcher",
              "non_striker": "Bismah Maroof",
              "runs": {
                "batter": 0,
                "extras": 0,
                "total": 0
              }
            },
            {
              "batter": "Umaima Sohail",
              "bowler": "ASS Fletcher",
              "non_striker": "Bismah Maroof",
              "runs": {
                "batter": 1,
                "extras": 0,
                "total": 1
              }
            },
            {
              "batter": "Bismah Maroof",
              "bowler": "ASS Fletcher",
              "non_striker": "Umaima Sohail",
              "runs": {
                "batter": 3,
                "extras": 0,
                "total": 3
              }
            }
          ]
        },
        {
          "over": 16,
          "deliveries": [
            {
              "batter": "Bismah Maroof",
              "bowler": "SC Selman",
              "non_striker": "Umaima Sohail",
              "runs": {
                "batter": 0,
                "extras": 0,
                "total": 0
              }
            },
            {
              "batter": "Bismah Maroof",
              "bowler": "SC Selman",
              "non_striker": "Umaima Sohail",
              "runs": {
                "batter": 1,
                "extras": 0,
                "total": 1
              }
            },
            {
              "batter": "Umaima Sohail",
              "bowler": "SC Selman",
              "non_striker": "Bismah Maroof",
              "runs": {
                "batter": 0,
                "extras": 0,
                "total": 0
              }
            },
            {
              "batter": "Umaima Sohail",
              "bowler": "SC Selman",
              "non_striker": "Bismah Maroof",
              "runs": {
                "batter": 0,
                "extras": 0,
                "total": 0
              }
            },
            {
              "batter": "Umaima Sohail",
              "bowler": "SC Selman",
              "non_striker": "Bismah Maroof",
              "runs": {
                "batter": 0,
                "extras": 0,
                "total": 0
              }
            },
            {
              "batter": "Umaima Sohail",
              "bowler": "SC Selman",
              "non_striker": "Bismah Maroof",
              "runs": {
                "batter": 1,
                "extras": 0,
                "total": 1
              }
            }
          ]
        },
        {
          "over": 17,
          "deliveries": [
            {
              "batter": "Umaima Sohail",
              "bowler": "DJS Dottin",
              "non_striker": "Bismah Maroof",
              "runs": {
                "batter": 2,
                "extras": 0,
                "total": 2
              }
            },
            {
              "batter": "Umaima Sohail",
              "bowler": "DJS Dottin",
              "non_striker": "Bismah Maroof",
              "runs": {
                "batter": 2,
                "extras": 0,
                "total": 2
              }
            },
            {
              "batter": "Umaima Sohail",
              "bowler": "DJS Dottin",
              "non_striker": "Bismah Maroof",
              "runs": {
                "batter": 2,
                "extras": 0,
                "total": 2
              }
            },
            {
              "batter": "Umaima Sohail",
              "bowler": "DJS Dottin",
              "non_striker": "Bismah Maroof",
              "runs": {
                "batter": 0,
                "extras": 0,
                "total": 0
              }
            },
            {
              "batter": "Umaima Sohail",
              "bowler": "DJS Dottin",
              "non_striker": "Bismah Maroof",
              "runs": {
                "batter": 0,
                "extras": 0,
                "total": 0
              }
            },
            {
              "batter": "Umaima Sohail",
              "bowler": "DJS Dottin",
              "non_striker": "Bismah Maroof",
              "runs": {
                "batter": 1,
                "extras": 0,
                "total": 1
              }
            }
          ]
        },
        {
          "over": 18,
          "deliveries": [
            {
              "batter": "Umaima Sohail",
              "bowler": "SC Selman",
              "non_striker": "Bismah Maroof",
              "runs": {
                "batter": 1,
                "extras": 0,
                "total": 1
              }
            },
            {
              "batter": "Bismah Maroof",
              "bowler": "SC Selman",
              "extras": {
                "wides": 1
              },
              "non_striker": "Umaima Sohail",
              "runs": {
                "batter": 0,
                "extras": 1,
                "total": 1
              }
            },
            {
              "batter": "Bismah Maroof",
              "bowler": "SC Selman",
              "non_striker": "Umaima Sohail",
              "runs": {
                "batter": 0,
                "extras": 0,
                "total": 0
              }
            },
            {
              "batter": "Bismah Maroof",
              "bowler": "SC Selman",
              "non_striker": "Umaima Sohail",
              "runs": {
                "batter": 1,
                "extras": 0,
                "total": 1
              }
            },
            {
              "batter": "Umaima Sohail",
              "bowler": "SC Selman",
              "non_striker": "Bismah Maroof",
              "runs": {
                "batter": 0,
                "extras": 0,
                "total": 0
              }
            },
            {
              "batter": "Umaima Sohail",
              "bowler": "SC Selman",
              "non_striker": "Bismah Maroof",
              "runs": {
                "batter": 1,
                "extras": 0,
                "total": 1
              }
            }
          ]
        }
      ],
      "powerplays": [
        {
          "from": 0.1,
          "to": 3.6,
          "type": "mandatory"
        }
      ],
      "target": {
        "overs": 20,
        "runs": 90
      }
    }
  ]
}