{
  "meta": {
    "data_version": "1.0.0",
    "created": "2021-04-10",
    "revision": 1
  },
  "info": {
    "balls_per_over": 6,
    "city": "Mount Maunganui",
    "dates": [
      "2021-04-10"
    ],
    "event": {
      "name": "Australia Women tour of New Zealand",
      "match_number": 3
    },
    "gender": "female",
    "match_type": "ODI",
    "match_type_number": 1197,
    "missing": [
      {
        "powerplays": {
          "1": [
            "batting"
          ],
          "2": [
            "batting"
          ]
        }
      }
    ],
    "officials": {
      "match_referees": [
        "GAV Baxter"
      ],
      "reserve_umpires": [
        "KS Jagannathan"
      ],
      "tv_umpires": [
        "Kim Cotton"
      ],
      "umpires": [
        "CM Brown",
        "ED Sanders"
      ]
    },
    "outcome": {
      "winner": "Australia",
      "by": {
        "runs": 21
      }
    },
    "overs": 50,
    "player_of_match": [
      "AJ Healy"
    ],
    "players": {
      "Australia": [
        "AJ Healy",
        "BL Mooney",
        "A Gardner",
        "MM Lanning",
        "RL Haynes",
        "EA Perry",
        "NJ Carey",
        "G Wareham",
        "JL Jonassen",
        "ML Schutt",
        "D Brown"
      ],
      "New Zealand": [
        "KJ Martin",
        "HNK Jensen",
        "AE Satterthwaite",
        "AC Kerr",
        "BM Halliday",
        "ML Green",
        "LR Down",
        "JM Kerr",
        "LMM Tahuhu",
        "LM Kasperek",
        "RA Mair"
      ]
    },
    "registry": {
      "people": {
        "A Gardner": "bc969efb",
        "AC Kerr": "7673c908",
        "AE Satterthwaite": "72b7ed1e",
        "AJ Healy": "321644de",
        "BL Mooney": "52d1dbc8",
        "BM Halliday": "efb6cb2a",
        "CM Brown": "448f4f1c",
        "D Brown": "2e81be88",
        "EA Perry": "be150fc8",
        "ED Sanders": "25c6d6af",
        "G Wareham": "f0b4e47d",
        "GAV Baxter": "cb4b3ab0",
        "HNK Jensen": "b8cce99f",
        "JL Jonassen": "0475a86b",
        "JM Kerr": "9af58032",
        "KJ Martin": "cf75a839",
        "KS Jagannathan": "9bc8dcec",
        "Kim Cotton": "67a7c2ee",
        "LM Kasperek": "9b73d523",
        "LMM Tahuhu": "60471339",
        "LR Down": "19147fe0",
        "ML Green": "865eae1f",
        "ML Schutt": "17608a6f",
        "MM Lanning": "27e003ce",
        "NJ Carey": "dff806f4",
        "RA Mair": "d5eb8b84",
        "RL Haynes": "d7c6b0fb"
      }
    },
    "season": "2020/21",
    "team_type": "international",
    "teams": [
      "Australia",
      "New Zealand"
    ],
    "toss": {
      "decision": "field",
      "winner": "New Zealand"
    },
    "venue": "Bay Oval, Mount Maunganui"
  },
  "innings": [
    {
      "team": "Australia",
      "overs": [
        {
          "over": 0,
          "deliveries": [
            {
              "batter": "AJ Healy",
              "bowler": "JM Kerr",
              "non_striker": "BL Mooney",
              "runs": {
                "batter": 0,
                "extras": 0,
                "total": 0
              }
            },
            {
              "batter": "AJ Healy",
              "bowler": "JM Kerr",
              "non_striker": "BL Mooney",
              "runs": {
                "batter": 0,
                "extras": 0,
                "total": 0
              }
            },
            {
              "batter": "AJ Healy",
              "bowler": "JM Kerr",
              "non_striker": "BL Mooney",
              "runs": {
                "batter": 0,
                "extras": 0,
                "total": 0
              }
            },
            {
              "batter": "AJ Healy",
              "bowler": "JM Kerr",
              "non_striker": "BL Mooney",
              "runs": {
                "batter": 2,
                "extras": 0,
                "total": 2
              }
            },
            {
              "batter": "AJ Healy",
              "bowler": "JM Kerr",
              "non_striker": "BL Mooney",
              "runs": {
                "batter": 1,
                "extras": 0,
                "total": 1
              }
            },
            {
              "batter": "BL Mooney",
              "bowler": "JM Kerr",
              "non_striker": "AJ Healy",
              "runs": {
                "batter": 1,
                "extras": 0,
                "total": 1
              }
            }
          ]
        },
        {
          "over": 1,
          "deliveries": [
            {
              "batter": "BL Mooney",
              "bowler": "RA Mair",
              "non_striker": "AJ Healy",
              "runs": {
                "batter": 1,
                "extras": 0,
                "total": 1
              }
            },
            {
              "batter": "AJ Healy",
              "bowler": "RA Mair",
              "non_striker": "BL Mooney",
              "runs": {
                "batter": 0,
                "extras": 0,
                "total": 0
              }
            },
            {
              "batter": "AJ Healy",
              "bowler": "RA Mair",
              "non_striker": "BL Mooney",
              "runs": {
                "batter": 1,
                "extras": 0,
                "total": 1
              }
            },
            {
              "batter": "BL Mooney",
              "bowler": "RA Mair",
              "extras": {
                "wides": 1
              },
              "non_striker": "AJ Healy",
              "runs": {
                "batter": 0,
                "extras": 1,
                "total": 1
              }
            },
            {
              "batter": "BL Mooney",
              "bowler": "RA Mair",
              "non_striker": "AJ Healy",
              "runs": {
                "batter": 1,
                "extras": 0,
                "total": 1
              }
            },
            {
              "batter": "AJ Healy",
              "bowler": "RA Mair",
              "non_striker": "BL Mooney",
              "runs": {
                "batter": 4,
                "extras": 0,
                "total": 4
              }
            },
            {
              "batter": "AJ Healy",
              "bowler": "RA Mair",
              "non_striker": "BL Mooney",
              "runs": {
                "batter": 4,
                "extras": 0,
                "total": 4
              }
            }
          ]
        },
        {
          "over": 2,
          "deliveries": [
            {
              "batter": "BL Mooney",
              "bowler": "JM Kerr",
              "non_striker": "AJ Healy",
              "runs": {
                "batter": 0,
                "extras": 0,
                "total": 0
              }
            },
            {
              "batter": "BL Mooney",
              "bowler": "JM Kerr",
              "non_striker": "AJ Healy",
              "runs": {
                "batter": 1,
                "extras": 0,
                "total": 1
              }
            },
            {
              "batter": "AJ Healy",
              "bowler": "JM Kerr",
              "non_striker": "BL Mooney",
              "runs": {
                "batter": 2,
                "extras": 0,
                "total": 2
              }
            },
            {
              "batter": "AJ Healy",
              "bowler": "JM Kerr",
              "non_striker": "BL Mooney",
              "runs": {
                "batter": 0,
                "extras": 0,
                "total": 0
              }
            },
            {
              "batter": "AJ Healy",
              "bowler": "JM Kerr",
              "non_striker": "BL Mooney",
              "runs": {
                "batter": 0,
                "extras": 0,
                "total": 0
              }
            },
            {
              "batter": "AJ Healy",
              "bowler": "JM Kerr",
              "non_striker": "BL Mooney",
              "runs": {
                "batter": 0,
                "extras": 0,
                "total": 0
              }
            }
          ]
        },
        {
          "over": 3,
          "deliveries": [
            {
              "batter": "BL Mooney",
              "bowler": "LM Kasperek",
              "non_striker": "AJ Healy",
              "runs": {
                "batter": 0,
                "extras": 0,
                "total": 0
              }
            },
            {
              "batter": "BL Mooney",
              "bowler": "LM Kasperek",
              "non_striker": "AJ Healy",
              "runs": {
                "batter": 1,
                "extras": 0,
                "total": 1
              }
            },
            {
              "batter": "AJ Healy",
              "bowler": "LM Kasperek",
              "non_striker": "BL Mooney",
              "runs": {
                "batter": 4,
                "extras": 0,
                "total": 4
              }
            },
            {
              "batter": "AJ Healy",
              "bowler": "LM Kasperek",
              "non_striker": "BL Mooney",
              "runs": {
                "batter": 1,
                "extras": 0,
                "total": 1
              }
            },
            {
              "batter": "BL Mooney",
              "bowler": "LM Kasperek",
              "non_striker": "AJ Healy",
              "runs": {
                "batter": 0,
                "extras": 0,
                "total": 0
              }
            },
            {
              "batter": "BL Mooney",
              "bowler": "LM Kasperek",
              "non_striker": "AJ Healy",
              "runs": {
                "batter": 1,
                "extras": 0,
                "total": 1
              }
            }
          ]
        },
        {
          "over": 4,
          "deliveries": [
            {
              "batter": "BL Mooney",
              "bowler": "LMM Tahuhu",
              "non_striker": "AJ Healy",
              "runs": {
                "batter": 1,
                "extras": 0,
                "total": 1
              }
            },
            {
              "batter": "AJ Healy",
              "bowler": "LMM Tahuhu",
              "non_striker": "BL Mooney",
              "runs": {
                "batter": 0,
                "extras": 0,
                "total": 0
              }
            },
            {
              "batter": "AJ Healy",
              "bowler": "LMM Tahuhu",
              "non_striker": "BL Mooney",
              "runs": {
                "batter": 1,
                "extras": 0,
                "total": 1
              }
            },
            {
              "batter": "BL Mooney",
              "bowler": "LMM Tahuhu",
              "extras": {
                "wides": 1
              },
              "non_striker": "AJ Healy",
              "runs": {
                "batter": 0,
                "extras": 1,
                "total": 1
              }
            },
            {
              "batter": "BL Mooney",
              "bowler": "LMM Tahuhu",
              "non_striker": "AJ Healy",
              "runs": {
                "batter": 1,
                "extras": 0,
                "total": 1
              }
            },
            {
              "batter": "AJ Healy",
              "bowler": "LMM Tahuhu",
              "non_striker": "BL Mooney",
              "runs": {
                "batter": 1,
                "extras": 0,
                "total": 1
              }
            },
            {
              "batter": "BL Mooney",
              "bowler": "LMM Tahuhu",
              "non_striker": "AJ Healy",
              "runs": {
                "batter": 4,
                "extras": 0,
                "total": 4
              }
            }
          ]
        },
        {
          "over": 5,
          "deliveries": [
            {
              "batter": "AJ Healy",
              "bowler": "RA Mair",
              "non_striker": "BL Mooney",
              "runs": {
                "batter": 4,
                "extras": 0,
                "total": 4
              }
            },
            {
              "batter": "AJ Healy",
              "bowler": "RA Mair",
              "non_striker": "BL Mooney",
              "runs": {
                "batter": 0,
                "extras": 0,
                "total": 0
              }
            },
            {
              "batter": "AJ Healy",
              "bowler": "RA Mair",
              "non_striker": "BL Mooney",
              "runs": {
                "batter": 2,
                "extras": 0,
                "total": 2
              }
            },
            {
              "batter": "AJ Healy",
              "bowler": "RA Mair",
              "non_striker": "BL Mooney",
              "runs": {
                "batter": 1,
                "extras": 0,
                "total": 1
              }
            },
            {
              "batter": "BL Mooney",
              "bowler": "RA Mair",
              "non_striker": "AJ Healy",
              "runs": {
                "batter": 1,
                "extras": 0,
                "total": 1
              }
            },
            {
              "batter": "AJ Healy",
              "bowler": "RA Mair",
              "non_striker": "BL Mooney",
              "runs": {
                "batter": 0,
                "extras": 0,
                "total": 0
              }
            }
          ]
        },
        {
          "over": 6,
          "deliveries": [
            {
              "batter": "BL Mooney",
              "bowler": "AC Kerr",
              "non_striker": "AJ Healy",
              "runs": {
                "batter": 4,
                "extras": 0,
                "total": 4
              }
            },
            {
              "batter": "BL Mooney",
              "bowler": "AC Kerr",
              "non_striker": "AJ Healy",
              "runs": {
                "batter": 1,
                "extras": 0,
                "total": 1
              }
            },
            {
              "batter": "AJ Healy",
              "bowler": "AC Kerr",
              "non_striker": "BL Mooney",
              "runs": {
                "batter": 1,
                "extras": 0,
                "total": 1
              }
            },
            {
              "batter": "BL Mooney",
              "bowler": "AC Kerr",
              "non_striker": "AJ Healy",
              "runs": {
                "batter": 1,
                "extras": 0,
                "total": 1
              }
            },
            {
              "batter": "AJ Healy",
              "bowler": "AC Kerr",
              "non_striker": "BL Mooney",
              "runs": {
                "batter": 4,
                "extras": 0,
                "total": 4
              }
            },
            {
              "batter": "AJ Healy",
              "bowler": "AC Kerr",
              "non_striker": "BL Mooney",
              "runs": {
                "batter": 0,
                "extras": 0,
                "total": 0
              }
            }
          ]
        },
        {
          "over": 7,
          "deliveries": [
            {
              "batter": "BL Mooney",
              "bowler": "LM Kasperek",
              "non_striker": "AJ Healy",
              "runs": {
                "batter": 1,
                "extras": 0,
                "total": 1
              }
            },
            {
              "batter": "AJ Healy",
              "bowler": "LM Kasperek",
              "non_striker": "BL Mooney",
              "runs": {
                "batter": 1,
                "extras": 0,
                "total": 1
              }
            },
            {
              "batter": "BL Mooney",
              "bowler": "LM Kasperek",
              "non_striker": "AJ Healy",
              "runs": {
                "batter": 1,
                "extras": 0,
                "total": 1
              }
            },
            {
              "batter": "AJ Healy",
              "bowler": "LM Kasperek",
              "non_striker": "BL Mooney",
              "runs": {
                "batter": 1,
                "extras": 0,
                "total": 1
              }
            },
            {
              "batter": "BL Mooney",
              "bowler": "LM Kasperek",
              "non_striker": "AJ Healy",
              "runs": {
                "batter": 2,
                "extras": 0,
                "total": 2
              }
            },
            {
              "batter": "BL Mooney",
              "bowler": "LM Kasperek",
              "non_striker": "AJ Healy",
              "runs": {
                "batter": 1,
                "extras": 0,
                "total": 1
              }
            }
          ]
        },
        {
          "over": 8,
          "deliveries": [
            {
              "batter": "BL Mooney",
              "bowler": "AC Kerr",
              "non_striker": "AJ Healy",
              "runs": {
                "batter": 1,
                "extras": 0,
                "total": 1
              }
            },
            {
              "batter": "AJ Healy",
              "bowler": "AC Kerr",
              "non_striker": "BL Mooney",
              "runs": {
                "batter": 0,
                "extras": 0,
                "total": 0
              }
            },
            {
              "batter": "AJ Healy",
              "bowler": "AC Kerr",
              "extras": {
                "legbyes": 1
              },
              "non_striker": "BL Mooney",
              "runs": {
                "batter": 0,
                "extras": 1,
                "total": 1
              }
            },
            {
              "batter": "BL Mooney",
              "bowler": "AC Kerr",
              "non_striker": "AJ Healy",
              "runs": {
                "batter": 1,
                "extras": 0,
                "total": 1
              }
            },
            {
              "batter": "AJ Healy",
              "bowler": "AC Kerr",
              "non_striker": "BL Mooney",
              "runs": {
                "batter": 2,
                "extras": 0,
                "total": 2
              }
            },
            {
              "batter": "AJ Healy",
              "bowler": "AC Kerr",
              "non_striker": "BL Mooney",
              "runs": {
                "batter": 1,
                "extras": 0,
                "total": 1
              }
            }
          ]
        },
        {
          "over": 9,
          "deliveries": [
            {
              "batter": "AJ Healy",
              "bowler": "JM Kerr",
              "non_striker": "BL Mooney",
              "runs": {
                "batter": 0,
                "extras": 0,
                "total": 0
              }
            },
            {
              "batter": "AJ Healy",
              "bowler": "JM Kerr",
              "non_striker": "BL Mooney",
              "runs": {
                "batter": 2,
                "extras": 0,
                "total": 2
              }
            },
            {
              "batter": "AJ Healy",
              "bowler": "JM Kerr",
              "non_striker": "BL Mooney",
              "runs": {
                "batter": 1,
                "extras": 0,
                "total": 1
              }
            },
            {
              "batter": "BL Mooney",
              "bowler": "JM Kerr",
              "non_striker": "AJ Healy",
              "runs": {
                "batter": 1,
                "extras": 0,
                "total": 1
              }
            },
            {
              "batter": "AJ Healy",
              "bowler": "JM Kerr",
              "non_striker": "BL Mooney",
              "runs": {
                "batter": 1,
                "extras": 0,
                "total": 1
              }
            },
            {
              "batter": "BL Mooney",
              "bowler": "JM Kerr",
              "non_striker": "AJ Healy",
              "runs": {
                "batter": 1,
                "extras": 0,
                "total": 1
              }
            }
          ]
        },
        {
          "over": 10,
          "deliveries": [
            {
              "batter": "BL Mooney",
              "bowler": "LMM Tahuhu",
              "non_striker": "AJ Healy",
              "runs": {
                "batter": 0,
                "extras": 0,
                "total": 0
              }
            },
            {
              "batter": "BL Mooney",
              "bowler": "LMM Tahuhu",
              "non_striker": "AJ Healy",
              "runs": {
                "batter": 0,
                "extras": 0,
                "total": 0
              },
              "wickets": [
                {
                  "player_out": "BL Mooney",
                  "fielders": [
                    {
                      "name": "LM Kasperek"
                    }
                  ],
                  "kind": "caught"
                }
              ]
            },
            {
              "batter": "A Gardner",
              "bowler": "LMM Tahuhu",
              "extras": {
                "wides": 1
              },
              "non_striker": "AJ Healy",
              "runs": {
                "batter": 0,
                "extras": 1,
                "total": 1
              }
            },
            {
              "batter": "A Gardner",
              "bowler": "LMM Tahuhu",
              "non_striker": "AJ Healy",
              "runs": {
                "batter": 1,
                "extras": 0,
                "total": 1
              }
            },
            {
              "batter": "AJ Healy",
              "bowler": "LMM Tahuhu",
              "non_striker": "A Gardner",
              "runs": {
                "batter": 4,
                "extras": 0,
                "total": 4
              }
            },
            {
              "batter": "AJ Healy",
              "bowler": "LMM Tahuhu",
              "extras": {
                "legbyes": 1
              },
              "non_striker": "A Gardner",
              "runs": {
                "batter": 0,
                "extras": 1,
                "total": 1
              }
            },
            {
              "batter": "A Gardner",
              "bowler": "LMM Tahuhu",
              "non_striker": "AJ Healy",
              "runs": {
                "batter": 0,
                "extras": 0,
                "total": 0
              }
            }
          ]
        },
        {
          "over": 11,
          "deliveries": [
            {
              "batter": "AJ Healy",
              "bowler": "LM Kasperek",
              "non_striker": "A Gardner",
              "runs": {
                "batter": 0,
                "extras": 0,
                "total": 0
              },
              "wickets": [
                {
                  "player_out": "AJ Healy",
                  "fielders": [
                    {
                      "name": "AC Kerr"
                    }
                  ],
                  "kind": "caught"
                }
              ]
            },
            {
              "batter": "A Gardner",
              "bowler": "LM Kasperek",
              "non_striker": "MM Lanning",
              "runs": {
                "batter": 0,
                "extras": 0,
                "total": 0
              }
            },
            {
              "batter": "A Gardner",
              "bowler": "LM Kasperek",
              "non_striker": "MM Lanning",
              "runs": {
                "batter": 0,
                "extras": 0,
                "total": 0
              }
            },
            {
              "batter": "A Gardner",
              "bowler": "LM Kasperek",
              "non_striker": "MM Lanning",
              "runs": {
                "batter": 0,
                "extras": 0,
                "total": 0
              },
              "wickets": [
                {
                  "player_out": "A Gardner",
                  "fielders": [
                    {
                      "name": "KJ Martin"
                    }
                  ],
                  "kind": "stumped"
                }
              ]
            },
            {
              "batter": "RL Haynes",
              "bowler": "LM Kasperek",
              "non_striker": "MM Lanning",
              "runs": {
                "batter": 0,
                "extras": 0,
                "total": 0
              },
              "wickets": [
                {
                  "player_out": "RL Haynes",
                  "kind": "bowled"
                }
              ]
            },
            {
              "batter": "EA Perry",
              "bowler": "LM Kasperek",
              "non_striker": "MM Lanning",
              "runs": {
                "batter": 0,
                "extras": 0,
                "total": 0
              }
            }
          ]
        },
        {
          "over": 12,
          "deliveries": [
            {
              "batter": "MM Lanning",
              "bowler": "LMM Tahuhu",
              "non_striker": "EA Perry",
              "runs": {
                "batter": 0,
                "extras": 0,
                "total": 0
              }
            },
            {
              "batter": "MM Lanning",
              "bowler": "LMM Tahuhu",
              "non_striker": "EA Perry",
              "runs": {
                "batter": 1,
                "extras": 0,
                "total": 1
              }
            },
            {
              "batter": "EA Perry",
              "bowler": "LMM Tahuhu",
              "non_striker": "MM Lanning",
              "runs": {
                "batter": 1,
                "extras": 0,
                "total": 1
              }
            },
            {
              "batter": "MM Lanning",
              "bowler": "LMM Tahuhu",
              "non_striker": "EA Perry",
              "runs": {
                "batter": 2,
                "extras": 0,
                "total": 2
              }
            },
            {
              "batter": "MM Lanning",
              "bowler": "LMM Tahuhu",
              "non_striker": "EA Perry",
              "runs": {
                "batter": 1,
                "extras": 0,
                "total": 1
              }
            },
            {
              "batter": "EA Perry",
              "bowler": "LMM Tahuhu",
              "non_striker": "MM Lanning",
              "runs": {
                "batter": 1,
                "extras": 0,
                "total": 1
              }
            }
          ]
        },
        {
          "over": 13,
          "deliveries": [
            {
              "batter": "EA Perry",
              "bowler": "LM Kasperek",
              "non_striker": "MM Lanning",
              "runs": {
                "batter": 1,
                "extras": 0,
                "total": 1
              }
            },
            {
              "batter": "MM Lanning",
              "bowler": "LM Kasperek",
              "non_striker": "EA Perry",
              "runs": {
                "batter": 0,
                "extras": 0,
                "total": 0
              }
            },
            {
              "batter": "MM Lanning",
              "bowler": "LM Kasperek",
              "non_striker": "EA Perry",
              "runs": {
                "batter": 0,
                "extras": 0,
                "total": 0
              }
            },
            {
              "batter": "MM Lanning",
              "bowler": "LM Kasperek",
              "non_striker": "EA Perry",
              "runs": {
                "batter": 0,
                "extras": 0,
                "total": 0
              }
            },
            {
              "batter": "MM Lanning",
              "bowler": "LM Kasperek",
              "non_striker": "EA Perry",
              "runs": {
                "batter": 0,
                "extras": 0,
                "total": 0
              }
            },
            {
              "batter": "MM Lanning",
              "bowler": "LM Kasperek",
              "non_striker": "EA Perry",
              "runs": {
                "batter": 2,
                "extras": 0,
                "total": 2
              }
            }
          ]
        },
        {
          "over": 14,
          "deliveries": [
            {
              "batter": "EA Perry",
              "bowler": "AC Kerr",
              "non_striker": "MM Lanning",
              "runs": {
                "batter": 0,
                "extras": 0,
                "total": 0
              }
            },
            {
              "batter": "EA Perry",
              "bowler": "AC Kerr",
              "non_striker": "MM Lanning",
              "runs": {
                "batter": 0,
                "extras": 0,
                "total": 0
              }
            },
            {
              "batter": "EA Perry",
              "bowler": "AC Kerr",
              "non_striker": "MM Lanning",
              "runs": {
                "batter": 2,
                "extras": 0,
                "total": 2
              }
            },
            {
              "batter": "EA Perry",
              "bowler": "AC Kerr",
              "non_striker": "MM Lanning",
              "runs": {
                "batter": 4,
                "extras": 0,
                "total": 4
              }
            },
            {
              "batter": "EA Perry",
              "bowler": "AC Kerr",
              "non_striker": "MM Lanning",
              "runs": {
                "batter": 1,
                "extras": 0,
                "total": 1
              }
            },
            {
              "batter": "MM Lanning",
              "bowler": "AC Kerr",
              "non_striker": "EA Perry",
              "runs": {
                "batter": 0,
                "extras": 0,
                "total": 0
              }
            }
          ]
        },
        {
          "over": 15,
          "deliveries": [
            {
              "batter": "EA Perry",
              "bowler": "RA Mair",
              "non_striker": "MM Lanning",
              "runs": {
                "batter": 0,
                "extras": 0,
                "total": 0
              }
            },
            {
              "batter": "EA Perry",
              "bowler": "RA Mair",
              "non_striker": "MM Lanning",
              "runs": {
                "batter": 1,
                "extras": 0,
                "total": 1
              }
            },
            {
              "batter": "MM Lanning",
              "bowler": "RA Mair",
              "non_striker": "EA Perry",
              "runs": {
                "batter": 1,
                "extras": 0,
                "total": 1
              }
            },
            {
              "batter": "EA Perry",
              "bowler": "RA Mair",
              "non_striker": "MM Lanning",
              "runs": {
                "batter": 1,
                "extras": 0,
                "total": 1
              }
            },
            {
              "batter": "MM Lanning",
              "bowler": "RA Mair",
              "non_striker": "EA Perry",
              "runs": {
                "batter": 1,
                "extras": 0,
                "total": 1
              }
            },
            {
              "batter": "EA Perry",
              "bowler": "RA Mair",
              "non_striker": "MM Lanning",
              "runs": {
                "batter": 0,
                "extras": 0,
                "total": 0
              }
            }
          ]
        },
        {
          "over": 16,
          "deliveries": [
            {
              "batter": "MM Lanning",
              "bowler": "AC Kerr",
              "non_striker": "EA Perry",
              "runs": {
                "batter": 1,
                "extras": 0,
                "total": 1
              }
            },
            {
              "batter": "EA Perry",
              "bowler": "AC Kerr",
              "non_striker": "MM Lanning",
              "runs": {
                "batter": 1,
                "extras": 0,
                "total": 1
              }
            },
            {
              "batter": "MM Lanning",
              "bowler": "AC Kerr",
              "non_striker": "EA Perry",
              "runs": {
                "batter": 0,
                "extras": 0,
                "total": 0
              }
            },
            {
              "batter": "MM Lanning",
              "bowler": "AC Kerr",
              "non_striker": "EA Perry",
              "runs": {
                "batter": 0,
                "extras": 0,
                "total": 0
              }
            },
            {
              "batter": "MM Lanning",
              "bowler": "AC Kerr",
              "non_striker": "EA Perry",
              "runs": {
                "batter": 1,
                "extras": 0,
                "total": 1
              }
            },
            {
              "batter": "EA Perry",
              "bowler": "AC Kerr",
              "non_striker": "MM Lanning",
              "runs": {
                "batter": 0,
                "extras": 0,
                "total": 0
              },
              "wickets": [
                {
                  "player_out": "EA Perry",
                  "fielders": [
                    {
                      "name": "LM Kasperek"
                    }
                  ],
                  "kind": "caught"
                }
              ]
            }
          ]
        },
        {
          "over": 17,
          "deliveries": [
            {
              "batter": "MM Lanning",
              "bowler": "LM Kasperek",
              "non_striker": "NJ Carey",
              "runs": {
                "batter": 2,
                "extras": 0,
                "total": 2
              }
            },
            {
              "batter": "MM Lanning",
              "bowler": "LM Kasperek",
              "non_striker": "NJ Carey",
              "runs": {
                "batter": 1,
                "extras": 0,
                "total": 1
              }
            },
            {
              "batter": "NJ Carey",
              "bowler": "LM Kasperek",
              "non_striker": "MM Lanning",
              "runs": {
                "batter": 0,
                "extras": 0,
                "total": 0
              }
            },
            {
              "batter": "NJ Carey",
              "bowler": "LM Kasperek",
              "non_striker": "MM Lanning",
              "runs": {
                "batter": 1,
                "extras": 0,
                "total": 1
              }
            },
            {
              "batter": "MM Lanning",
              "bowler": "LM Kasperek",
              "extras": {
                "wides": 1
              },
              "non_striker": "NJ Carey",
              "runs": {
                "batter": 0,
                "extras": 1,
                "total": 1
              }
            },
            {
              "batter": "MM Lanning",
              "bowler": "LM Kasperek",
              "non_striker": "NJ Carey",
              "runs": {
                "batter": 1,
                "extras": 0,
                "total": 1
              }
            },
            {
              "batter": "NJ Carey",
              "bowler": "LM Kasperek",
              "non_striker": "MM Lanning",
              "runs": {
                "batter": 1,
                "extras": 0,
                "total": 1
              }
            }
          ]
        },
        {
          "over": 18,
          "deliveries": [
            {
              "batter": "NJ Carey",
              "bowler": "LMM Tahuhu",
              "non_striker": "MM Lanning",
              "runs": {
                "batter": 1,
                "extras": 0,
                "total": 1
              }
            },
            {
              "batter": "MM Lanning",
              "bowler": "LMM Tahuhu",
              "non_striker": "NJ Carey",
              "runs": {
                "batter": 0,
                "extras": 0,
                "total": 0
              }
            },
            {
              "batter": "MM Lanning",
              "bowler": "LMM Tahuhu",
              "non_striker": "NJ Carey",
              "runs": {
                "batter": 1,
                "extras": 0,
                "total": 1
              }
            },
            {
              "batter": "NJ Carey",
              "bowler": "LMM Tahuhu",
              "non_striker": "MM Lanning",
              "runs": {
                "batter": 1,
                "extras": 0,
                "total": 1
              }
            },
            {
              "batter": "MM Lanning",
              "bowler": "LMM Tahuhu",
              "non_striker": "NJ Carey",
              "runs": {
                "batter": 0,
                "extras": 0,
                "total": 0
              }
            },
            {
              "batter": "MM Lanning",
              "bowler": "LMM Tahuhu",
              "non_striker": "NJ Carey",
              "runs": {
                "batter": 0,
                "extras": 0,
                "total": 0
              },
              "wickets": [
                {
                  "player_out": "MM Lanning",
                  "fielders": [
                    {
                      "name": "ML Green"
                    }
                  ],
                  "kind": "caught"
                }
              ]
            }
          ]
        },
        {
          "over": 19,
          "deliveries": [
            {
              "batter": "G Wareham",
              "bowler": "JM Kerr",
              "non_striker": "NJ Carey",
              "runs": {
                "batter": 0,
                "extras": 0,
                "total": 0
              }
            },
            {
              "batter": "G Wareham",
              "bowler": "JM Kerr",
              "non_striker": "NJ Carey",
              "runs": {
                "batter": 0,
                "extras": 0,
                "total": 0
              }
            },
            {
              "batter": "G Wareham",
              "bowler": "JM Kerr",
              "non_striker": "NJ Carey",
              "runs": {
                "batter": 1,
                "extras": 0,
                "total": 1
              }
            },
            {
              "batter": "NJ Carey",
              "bowler": "JM Kerr",
              "non_striker": "G Wareham",
              "runs": {
                "batter": 1,
                "extras": 0,
                "total": 1
              }
            },
            {
              "batter": "G Wareham",
              "bowler": "JM Kerr",
              "non_striker": "NJ Carey",
              "runs": {
                "batter": 1,
                "extras": 0,
                "total": 1
              }
            },
            {
              "batter": "NJ Carey",
              "bowler": "JM Kerr",
              "non_striker": "G Wareham",
              "runs": {
                "batter": 0,
                "extras": 0,
                "total": 0
              }
            }
          ]
        },
        {
          "over": 20,
          "deliveries": [
            {
              "batter": "G Wareham",
              "bowler": "AC Kerr",
              "non_striker": "NJ Carey",
              "runs": {
                "batter": 1,
                "extras": 0,
                "total": 1
              }
            },
            {
              "batter": "NJ Carey",
              "bowler": "AC Kerr",
              "non_striker": "G Wareham",
              "runs": {
                "batter": 1,
                "extras": 0,
                "total": 1
              }
            },
            {
              "batter": "G Wareham",
              "bowler": "AC Kerr",
              "non_striker": "NJ Carey",
              "runs": {
                "batter": 0,
                "extras": 0,
                "total": 0
              }
            },
            {
              "batter": "G Wareham",
              "bowler": "AC Kerr",
              "non_striker": "NJ Carey",
              "runs": {
                "batter": 2,
                "extras": 0,
                "total": 2
              }
            },
            {
              "batter": "G Wareham",
              "bowler": "AC Kerr",
              "non_striker": "NJ Carey",
              "runs": {
                "batter": 1,
                "extras": 0,
                "total": 1
              }
            },
            {
              "batter": "NJ Carey",
              "bowler": "AC Kerr",
              "non_striker": "G Wareham",
              "runs": {
                "batter": 1,
                "extras": 0,
                "total": 1
              }
            }
          ]
        },
        {
          "over": 21,
          "deliveries": [
            {
              "batter": "NJ Carey",
              "bowler": "RA Mair",
              "non_striker": "G Wareham",
              "runs": {
                "batter": 1,
                "extras": 0,
                "total": 1
              }
            },
            {
              "batter": "G Wareham",
              "bowler": "RA Mair",
              "non_striker": "NJ Carey",
              "runs": {
                "batter": 0,
                "extras": 0,
                "total": 0
              }
            },
            {
              "batter": "G Wareham",
              "bowler": "RA Mair",
              "non_striker": "NJ Carey",
              "runs": {
                "batter": 4,
                "extras": 0,
                "total": 4
              }
            },
            {
              "batter": "G Wareham",
              "bowler": "RA Mair",
              "non_striker": "NJ Carey",
              "runs": {
                "batter": 1,
                "extras": 0,
                "total": 1
              }
            },
            {
              "batter": "NJ Carey",
              "bowler": "RA Mair",
              "non_striker": "G Wareham",
              "runs": {
                "batter": 0,
                "extras": 0,
                "total": 0
              }
            },
            {
              "batter": "NJ Carey",
              "bowler": "RA Mair",
              "non_striker": "G Wareham",
              "runs": {
                "batter": 1,
                "extras": 0,
                "total": 1
              }
            }
          ]
        },
        {
          "over": 22,
          "deliveries": [
            {
              "batter": "NJ Carey",
              "bowler": "LMM Tahuhu",
              "non_striker": "G Wareham",
              "runs": {
                "batter": 1,
                "extras": 0,
                "total": 1
              }
            },
            {
              "batter": "G Wareham",
              "bowler": "LMM Tahuhu",
              "non_striker": "NJ Carey",
              "runs": {
                "batter": 1,
                "extras": 0,
                "total": 1
              }
            },
            {
              "batter": "NJ Carey",
              "bowler": "LMM Tahuhu",
              "non_striker": "G Wareham",
              "runs": {
                "batter": 2,
                "extras": 0,
                "total": 2
              }
            },
            {
              "batter": "NJ Carey",
              "bowler": "LMM Tahuhu",
              "non_striker": "G Wareham",
              "runs": {
                "batter": 1,
                "extras": 0,
                "total": 1
              }
            },
            {
              "batter": "G Wareham",
              "bowler": "LMM Tahuhu",
              "non_striker": "NJ Carey",
              "runs": {
                "batter": 1,
                "extras": 0,
                "total": 1
              }
            },
            {
              "batter": "NJ Carey",
              "bowler": "LMM Tahuhu",
              "non_striker": "G Wareham",
              "runs": {
                "batter": 0,
                "extras": 0,
                "total": 0
              }
            }
          ]
        },
        {
          "over": 23,
          "deliveries": [
            {
              "batter": "G Wareham",
              "bowler": "JM Kerr",
              "non_striker": "NJ Carey",
              "runs": {
                "batter": 1,
                "extras": 0,
                "total": 1
              }
            },
            {
              "batter": "NJ Carey",
              "bowler": "JM Kerr",
              "non_striker": "G Wareham",
              "runs": {
                "batter": 0,
                "extras": 0,
                "total": 0
              },
              "wickets": [
                {
                  "player_out": "NJ Carey",
                  "fielders": [
                    {
                      "name": "KJ Martin"
                    }
                  ],
                  "kind": "caught"
                }
              ]
            },
            {
              "batter": "JL Jonassen",
              "bowler": "JM Kerr",
              "non_striker": "G Wareham",
              "runs": {
                "batter": 1,
                "extras": 0,
                "total": 1
              }
            },
            {
              "batter": "G Wareham",
              "bowler": "JM Kerr",
              "non_striker": "JL Jonassen",
              "runs": {
                "batter": 1,
                "extras": 0,
                "total": 1
              }
            },
            {
              "batter": "JL Jonassen",
              "bowler": "JM Kerr",
              "non_striker": "G Wareham",
              "runs": {
                "batter": 1,
                "extras": 0,
                "total": 1
              }
            },
            {
              "batter": "G Wareham",
              "bowler": "JM Kerr",
              "non_striker": "JL Jonassen",
              "runs": {
                "batter": 2,
                "extras": 0,
                "total": 2
              }
            }
          ]
        },
        {
          "over": 24,
          "deliveries": [
            {
              "batter": "JL Jonassen",
              "bowler": "RA Mair",
              "non_striker": "G Wareham",
              "runs": {
                "batter": 0,
                "extras": 0,
                "total": 0
              }
            },
            {
              "batter": "JL Jonassen",
              "bowler": "RA Mair",
              "non_striker": "G Wareham",
              "runs": {
                "batter": 0,
                "extras": 0,
                "total": 0
              }
            },
            {
              "batter": "JL Jonassen",
              "bowler": "RA Mair",
              "non_striker": "G Wareham",
              "runs": {
                "batter": 1,
                "extras": 0,
                "total": 1
              }
            },
            {
              "batter": "G Wareham",
              "bowler": "RA Mair",
              "non_striker": "JL Jonassen",
              "runs": {
                "batter": 1,
                "extras": 0,
                "total": 1
              }
            },
            {
              "batter": "JL Jonassen",
              "bowler": "RA Mair",
              "non_striker": "G Wareham",
              "runs": {
                "batter": 2,
                "extras": 0,
                "total": 2
              }
            },
            {
              "batter": "JL Jonassen",
              "bowler": "RA Mair",
              "non_striker": "G Wareham",
              "runs": {
                "batter": 4,
                "extras": 0,
                "total": 4
              }
            }
          ]
        }
      ],
      "powerplays": [
        {
          "from": 0.1,
          "to": 4.7,
          "type": "mandatory"
        }
      ]
    },
    {
      "team": "New Zealand",
      "overs": [
        {
          "over": 0,
          "deliveries": [
            {
              "batter": "KJ Martin",
              "bowler": "D Brown",
              "extras": {
                "wides": 1
              },
              "non_striker": "HNK Jensen",
              "runs": {
                "batter": 0,
                "extras": 1,
                "total": 1
              }
            },
            {
              "batter": "KJ Martin",
              "bowler": "D Brown",
              "non_striker": "HNK Jensen",
              "runs": {
                "batter": 0,
                "extras": 0,
                "total": 0
              }
            },
            {
              "batter": "KJ Martin",
              "bowler": "D Brown",
              "non_striker": "HNK Jensen",
              "runs": {
                "batter": 0,
                "extras": 0,
                "total": 0
              }
            },
            {
              "batter": "KJ Martin",
              "bowler": "D Brown",
              "extras": {
                "wides": 1
              },
              "non_striker": "HNK Jensen",
              "runs": {
                "batter": 0,
                "extras": 1,
                "total": 1
              }
            },
            {
              "batter": "KJ Martin",
              "bowler": "D Brown",
              "non_striker": "HNK Jensen",
              "runs": {
                "batter": 0,
                "extras": 0,
                "total": 0
              }
            },
            {
              "batter": "KJ Martin",
              "bowler": "D Brown",
              "non_striker": "HNK Jensen",
              "runs": {
                "batter": 0,
                "extras": 0,
                "total": 0
              }
            },
            {
              "batter": "KJ Martin",
              "bowler": "D Brown",
              "non_striker": "HNK Jensen",
              "runs": {
                "batter": 0,
                "extras": 0,
                "total": 0
              }
            },
            {
              "batter": "KJ Martin",
              "bowler": "D Brown",
              "non_striker": "HNK Jensen",
              "runs": {
                "batter": 4,
                "extras": 0,
                "total": 4
              }
            }
          ]
        },
        {
          "over": 1,
          "deliveries": [
            {
              "batter": "HNK Jensen",
              "bowler": "ML Schutt",
              "non_striker": "KJ Martin",
              "runs": {
                "batter": 0,
                "extras": 0,
                "total": 0
              }
            },
            {
              "batter": "HNK Jensen",
              "bowler": "ML Schutt",
              "non_striker": "KJ Martin",
              "runs": {
                "batter": 0,
                "extras": 0,
                "total": 0
              }
            },
            {
              "batter": "HNK Jensen",
              "bowler": "ML Schutt",
              "non_striker": "KJ Martin",
              "runs": {
                "batter": 0,
                "extras": 0,
                "total": 0
              }
            },
            {
              "batter": "HNK Jensen",
              "bowler": "ML Schutt",
              "non_striker": "KJ Martin",
              "runs": {
                "batter": 0,
                "extras": 0,
                "total": 0
              }
            },
            {
              "batter": "HNK Jensen",
              "bowler": "ML Schutt",
              "non_striker": "KJ Martin",
              "runs": {
                "batter": 0,
                "extras": 0,
                "total": 0
              }
            },
            {
              "batter": "HNK Jensen",
              "bowler": "ML Schutt",
              "non_striker": "KJ Martin",
              "runs": {
                "batter": 0,
                "extras": 0,
                "total": 0
              }
            }
          ]
        },
        {
          "over": 2,
          "deliveries": [
            {
              "batter": "KJ Martin",
              "bowler": "JL Jonassen",
              "non_striker": "HNK Jensen",
              "runs": {
                "batter": 0,
                "extras": 0,
                "total": 0
              }
            },
            {
              "batter": "KJ Martin",
              "bowler": "JL Jonassen",
              "non_striker": "HNK Jensen",
              "runs": {
                "batter": 0,
                "extras": 0,
                "total": 0
              }
            },
            {
              "batter": "KJ Martin",
              "bowler": "JL Jonassen",
              "non_striker": "HNK Jensen",
              "runs": {
                "batter": 1,
                "extras": 0,
                "total": 1
              }
            },
            {
              "batter": "HNK Jensen",
              "bowler": "JL Jonassen",
              "non_striker": "KJ Martin",
              "runs": {
                "batter": 0,
                "extras": 0,
                "total": 0
              }
            },
            {
              "batter": "HNK Jensen",
              "bowler": "JL Jonassen",
              "non_striker": "KJ Martin",
              "runs": {
                "batter": 0,
                "extras": 0,
                "total": 0
              }
            },
            {
              "batter": "HNK Jensen",
              "bowler": "JL Jonassen",
              "non_striker": "KJ Martin",
              "runs": {
                "batter": 4,
                "extras": 0,
                "total": 4
              }
            }
          ]
        },
        {
          "over": 3,
          "deliveries": [
            {
              "batter": "KJ Martin",
              "bowler": "ML Schutt",
              "non_striker": "HNK Jensen",
              "runs": {
                "batter": 0,
                "extras": 0,
                "total": 0
              }
            },
            {
              "batter": "KJ Martin",
              "bowler": "ML Schutt",
              "non_striker": "HNK Jensen",
              "runs": {
                "batter": 0,
                "extras": 0,
                "total": 0
              }
            },
            {
              "batter": "KJ Martin",
              "bowler": "ML Schutt",
              "extras": {
                "legbyes": 1
              },
              "non_striker": "HNK Jensen",
              "runs": {
                "batter": 0,
                "extras": 1,
                "total": 1
              }
            },
            {
              "batter": "HNK Jensen",
              "bowler": "ML Schutt",
              "non_striker": "KJ Martin",
              "runs": {
                "batter": 1,
                "extras": 0,
                "total": 1
              }
            },
            {
              "batter": "KJ Martin",
              "bowler": "ML Schutt",
              "non_striker": "HNK Jensen",
              "runs": {
                "batter": 0,
                "extras": 0,
                "total": 0
              }
            },
            {
              "batter": "KJ Martin",
              "bowler": "ML Schutt",
              "non_striker": "HNK Jensen",
              "runs": {
                "batter": 0,
                "extras": 0,
                "total": 0
              },
              "wickets": [
                {
                  "player_out": "KJ Martin",
                  "fielders": [
                    {
                      "name": "EA Perry"
                    }
                  ],
                  "kind": "caught"
                }
              ]
            }
          ]
        },
        {
          "over": 4,
          "deliveries": [
            {
              "batter": "AE Satterthwaite",
              "bowler": "JL Jonassen",
              "non_striker": "HNK Jensen",
              "runs": {
                "batter": 0,
                "extras": 0,
                "total": 0
              }
            },
            {
              "batter": "AE Satterthwaite",
              "bowler": "JL Jonassen",
              "non_striker": "HNK Jensen",
              "runs": {
                "batter": 0,
                "extras": 0,
                "total": 0
              }
            },
            {
              "batter": "AE Satterthwaite",
              "bowler": "JL Jonassen",
              "non_striker": "HNK Jensen",
              "runs": {
                "batter": 0,
                "extras": 0,
                "total": 0
              }
            },
            {
              "batter": "AE Satterthwaite",
              "bowler": "JL Jonassen",
              "non_striker": "HNK Jensen",
              "runs": {
                "batter": 2,
                "extras": 0,
                "total": 2
              }
            },
            {
              "batter": "AE Satterthwaite",
              "bowler": "JL Jonassen",
              "non_striker": "HNK Jensen",
              "runs": {
                "batter": 0,
                "extras": 0,
                "total": 0
              }
            },
            {
              "batter": "AE Satterthwaite",
              "bowler": "JL Jonassen",
              "non_striker": "HNK Jensen",
              "runs": {
                "batter": 0,
                "extras": 0,
                "total": 0
              }
            }
          ]
        },
        {
          "over": 5,
          "deliveries": [
            {
              "batter": "HNK Jensen",
              "bowler": "NJ Carey",
              "non_striker": "AE Satterthwaite",
              "runs": {
                "batter": 0,
                "extras": 0,
                "total": 0
              }
            },
            {
              "batter": "HNK Jensen",
              "bowler": "NJ Carey",
              "non_striker": "AE Satterthwaite",
              "runs": {
                "batter": 1,
                "extras": 0,
                "total": 1
              }
            },
            {
              "batter": "AE Satterthwaite",
              "bowler": "NJ Carey",
              "non_striker": "HNK Jensen",
              "runs": {
                "batter": 1,
                "extras": 0,
                "total": 1
              }
            },
            {
              "batter": "HNK Jensen",
              "bowler": "NJ Carey",
              "non_striker": "AE Satterthwaite",
              "runs": {
                "batter": 0,
                "extras": 0,
                "total": 0
              }
            },
            {
              "batter": "HNK Jensen",
              "bowler": "NJ Carey",
              "non_striker": "AE Satterthwaite",
              "runs": {
                "batter": 0,
                "extras": 0,
                "total": 0
              }
            },
            {
              "batter": "HNK Jensen",
              "bowler": "NJ Carey",
              "non_striker": "AE Satterthwaite",
              "runs": {
                "batter": 0,
                "extras": 0,
                "total": 0
              }
            }
          ]
        },
        {
          "over": 6,
          "deliveries": [
            {
              "batter": "AE Satterthwaite",
              "bowler": "A Gardner",
              "non_striker": "HNK Jensen",
              "runs": {
                "batter": 1,
                "extras": 0,
                "total": 1
              }
            },
            {
              "batter": "HNK Jensen",
              "bowler": "A Gardner",
              "non_striker": "AE Satterthwaite",
              "runs": {
                "batter": 0,
                "extras": 0,
                "total": 0
              }
            },
            {
              "batter": "HNK Jensen",
              "bowler": "A Gardner",
              "non_striker": "AE Satterthwaite",
              "runs": {
                "batter": 0,
                "extras": 0,
                "total": 0
              }
            },
            {
              "batter": "HNK Jensen",
              "bowler": "A Gardner",
              "non_striker": "AE Satterthwaite",
              "runs": {
                "batter": 2,
                "extras": 0,
                "total": 2
              }
            },
            {
              "batter": "HNK Jensen",
              "bowler": "A Gardner",
              "non_striker": "AE Satterthwaite",
              "runs": {
                "batter": 1,
                "extras": 0,
                "total": 1
              }
            },
            {
              "batter": "AE Satterthwaite",
              "bowler": "A Gardner",
              "non_striker": "HNK Jensen",
              "runs": {
                "batter": 0,
                "extras": 0,
                "total": 0
              }
            }
          ]
        },
        {
          "over": 7,
          "deliveries": [
            {
              "batter": "HNK Jensen",
              "bowler": "NJ Carey",
              "non_striker": "AE Satterthwaite",
              "runs": {
                "batter": 0,
                "extras": 0,
                "total": 0
              }
            },
            {
              "batter": "HNK Jensen",
              "bowler": "NJ Carey",
              "non_striker": "AE Satterthwaite",
              "runs": {
                "batter": 0,
                "extras": 0,
                "total": 0
              }
            },
            {
              "batter": "HNK Jensen",
              "bowler": "NJ Carey",
              "non_striker": "AE Satterthwaite",
              "runs": {
                "batter": 0,
                "extras": 0,
                "total": 0
              }
            },
            {
              "batter": "HNK Jensen",
              "bowler": "NJ Carey",
              "extras": {
                "legbyes": 1
              },
              "non_striker": "AE Satterthwaite",
              "runs": {
                "batter": 0,
                "extras": 1,
                "total": 1
              }
            },
            {
              "batter": "AE Satterthwaite",
              "bowler": "NJ Carey",
              "non_striker": "HNK Jensen",
              "runs": {
                "batter": 1,
                "extras": 0,
                "total": 1
              }
            },
            {
              "batter": "HNK Jensen",
              "bowler": "NJ Carey",
              "non_striker": "AE Satterthwaite",
              "runs": {
                "batter": 0,
                "extras": 0,
                "total": 0
              }
            }
          ]
        },
        {
          "over": 8,
          "deliveries": [
            {
              "batter": "AE Satterthwaite",
              "bowler": "A Gardner",
              "non_striker": "HNK Jensen",
              "runs": {
                "batter": 0,
                "extras": 0,
                "total": 0
              }
            },
            {
              "batter": "AE Satterthwaite",
              "bowler": "A Gardner",
              "non_striker": "HNK Jensen",
              "runs": {
                "batter": 1,
                "extras": 0,
                "total": 1
              }
            },
            {
              "batter": "HNK Jensen",
              "bowler": "A Gardner",
              "non_striker": "AE Satterthwaite",
              "runs": {
                "batter": 1,
                "extras": 0,
                "total": 1
              }
            },
            {
              "batter": "AE Satterthwaite",
              "bowler": "A Gardner",
              "non_striker": "HNK Jensen",
              "runs": {
                "batter": 1,
                "extras": 0,
                "total": 1
              }
            },
            {
              "batter": "HNK Jensen",
              "bowler": "A Gardner",
              "non_striker": "AE Satterthwaite",
              "runs": {
                "batter": 1,
                "extras": 0,
                "total": 1
              }
            },
            {
              "batter": "AE Satterthwaite",
              "bowler": "A Gardner",
              "non_striker": "HNK Jensen",
              "runs": {
                "batter": 0,
                "extras": 0,
                "total": 0
              }
            }
          ]
        },
        {
          "over": 9,
          "deliveries": [
            {
              "batter": "HNK Jensen",
              "bowler": "NJ Carey",
              "non_striker": "AE Satterthwaite",
              "runs": {
                "batter": 1,
                "extras": 0,
                "total": 1
              }
            },
            {
              "batter": "AE Satterthwaite",
              "bowler": "NJ Carey",
              "non_striker": "HNK Jensen",
              "runs": {
                "batter": 2,
                "extras": 0,
                "total": 2
              }
            },
            {
              "batter": "AE Satterthwaite",
              "bowler": "NJ Carey",
              "non_striker": "HNK Jensen",
              "runs": {
                "batter": 4,
                "extras": 0,
                "total": 4
              }
            },
            {
              "batter": "AE Satterthwaite",
              "bowler": "NJ Carey",
              "non_striker": "HNK Jensen",
              "runs": {
                "batter": 0,
                "extras": 0,
                "total": 0
              }
            },
            {
              "batter": "AE Satterthwaite",
              "bowler": "NJ Carey",
              "non_striker": "HNK Jensen",
              "runs": {
                "batter": 1,
                "extras": 0,
                "total": 1
              }
            },
            {
              "batter": "HNK Jensen",
              "bowler": "NJ Carey",
              "non_striker": "AE Satterthwaite",
              "runs": {
                "batter": 1,
                "extras": 0,
                "total": 1
              }
            }
          ]
        },
        {
          "over": 10,
          "deliveries": [
            {
              "batter": "HNK Jensen",
              "bowler": "G Wareham",
              "non_striker": "AE Satterthwaite",
              "runs": {
                "batter": 0,
                "extras": 0,
                "total": 0
              },
              "wickets": [
                {
                  "player_out": "HNK Jensen",
                  "fielders": [
                    {
                      "name": "D Brown"
                    }
                  ],
                  "kind": "caught"
                }
              ]
            },
            {
              "batter": "AC Kerr",
              "bowler": "G Wareham",
              "non_striker": "AE Satterthwaite",
              "runs": {
                "batter": 1,
                "extras": 0,
                "total": 1
              }
            },
            {
              "batter": "AE Satterthwaite",
              "bowler": "G Wareham",
              "non_striker": "AC Kerr",
              "runs": {
                "batter": 1,
                "extras": 0,
                "total": 1
              }
            },
            {
              "batter": "AC Kerr",
              "bowler": "G Wareham",
              "non_striker": "AE Satterthwaite",
              "runs": {
                "batter": 1,
                "extras": 0,
                "total": 1
              }
            },
            {
              "batter": "AE Satterthwaite",
              "bowler": "G Wareham",
              "non_striker": "AC Kerr",
              "runs": {
                "batter": 0,
                "extras": 0,
                "total": 0
              }
            },
            {
              "batter": "AE Satterthwaite",
              "bowler": "G Wareham",
              "non_striker": "AC Kerr",
              "runs": {
                "batter": 1,
                "extras": 0,
                "total": 1
              }
            }
          ]
        },
        {
          "over": 11,
          "deliveries": [
            {
              "batter": "AE Satterthwaite",
              "bowler": "ML Schutt",
              "non_striker": "AC Kerr",
              "runs": {
                "batter": 1,
                "extras": 0,
                "total": 1
              }
            },
            {
              "batter": "AC Kerr",
              "bowler": "ML Schutt",
              "extras": {
                "byes": 4
              },
              "non_striker": "AE Satterthwaite",
              "runs": {
                "batter": 0,
                "extras": 4,
                "total": 4
              }
            },
            {
              "batter": "AC Kerr",
              "bowler": "ML Schutt",
              "non_striker": "AE Satterthwaite",
              "runs": {
                "batter": 1,
                "extras": 0,
                "total": 1
              }
            },
            {
              "batter": "AE Satterthwaite",
              "bowler": "ML Schutt",
              "non_striker": "AC Kerr",
              "runs": {
                "batter": 1,
                "extras": 0,
                "total": 1
              }
            },
            {
              "batter": "AC Kerr",
              "bowler": "ML Schutt",
              "non_striker": "AE Satterthwaite",
              "runs": {
                "batter": 1,
                "extras": 0,
                "total": 1
              }
            },
            {
              "batter": "AE Satterthwaite",
              "bowler": "ML Schutt",
              "non_striker": "AC Kerr",
              "runs": {
                "batter": 1,
                "extras": 0,
                "total": 1
              },
              "wickets": [
                {
                  "player_out": "AC Kerr",
                  "kind": "run out"
                }
              ]
            }
          ]
        },
        {
          "over": 12,
          "deliveries": [
            {
              "batter": "AE Satterthwaite",
              "bowler": "A Gardner",
              "non_striker": "BM Halliday",
              "runs": {
                "batter": 1,
                "extras": 0,
                "total": 1
              }
            },
            {
              "batter": "BM Halliday",
              "bowler": "A Gardner",
              "non_striker": "AE Satterthwaite",
              "runs": {
                "batter": 0,
                "extras": 0,
                "total": 0
              }
            },
            {
              "batter": "BM Halliday",
              "bowler": "A Gardner",
              "non_striker": "AE Satterthwaite",
              "runs": {
                "batter": 0,
                "extras": 0,
                "total": 0
              }
            },
            {
              "batter": "BM Halliday",
              "bowler": "A Gardner",
              "non_striker": "AE Satterthwaite",
              "runs": {
                "batter": 1,
                "extras": 0,
                "total": 1
              }
            },
            {
              "batter": "AE Satterthwaite",
              "bowler": "A Gardner",
              "non_striker": "BM Halliday",
              "runs": {
                "batter": 0,
                "extras": 0,
                "total": 0
              }
            },
            {
              "batter": "AE Satterthwaite",
              "bowler": "A Gardner",
              "non_striker": "BM Halliday",
              "runs": {
                "batter": 0,
                "extras": 0,
                "total": 0
              },
              "wickets": [
                {
                  "player_out": "AE Satterthwaite",
                  "fielders": [
                    {
                      "name": "MM Lanning"
                    }
                  ],
                  "kind": "caught"
                }
              ]
            }
          ]
        },
        {
          "over": 13,
          "deliveries": [
            {
              "batter": "BM Halliday",
              "bowler": "JL Jonassen",
              "non_striker": "ML Green",
              "runs": {
                "batter": 0,
                "extras": 0,
                "total": 0
              }
            },
            {
              "batter": "BM Halliday",
              "bowler": "JL Jonassen",
              "non_striker": "ML Green",
              "runs": {
                "batter": 1,
                "extras": 0,
                "total": 1
              }
            },
            {
              "batter": "ML Green",
              "bowler": "JL Jonassen",
              "extras": {
                "wides": 1
              },
              "non_striker": "BM Halliday",
              "runs": {
                "batter": 0,
                "extras": 1,
                "total": 1
              }
            },
            {
              "batter": "ML Green",
              "bowler": "JL Jonassen",
              "non_striker": "BM Halliday",
              "runs": {
                "batter": 1,
                "extras": 0,
                "total": 1
              }
            },
            {
              "batter": "BM Halliday",
              "bowler": "JL Jonassen",
              "non_striker": "ML Green",
              "runs": {
                "batter": 0,
                "extras": 0,
                "total": 0
              }
            },
            {
              "batter": "BM Halliday",
              "bowler": "JL Jonassen",
              "non_striker": "ML Green",
              "runs": {
                "batter": 0,
                "extras": 0,
                "total": 0
              }
            },
            {
              "batter": "BM Halliday",
              "bowler": "JL Jonassen",
              "non_striker": "ML Green",
              "runs": {
                "batter": 0,
                "extras": 0,
                "total": 0
              }
            }
          ]
        },
        {
          "over": 14,
          "deliveries": [
            {
              "batter": "ML Green",
              "bowler": "A Gardner",
              "non_striker": "BM Halliday",
              "runs": {
                "batter": 1,
                "extras": 0,
                "total": 1
              }
            },
            {
              "batter": "BM Halliday",
              "bowler": "A Gardner",
              "non_striker": "ML Green",
              "runs": {
                "batter": 1,
                "extras": 0,
                "total": 1
              }
            },
            {
              "batter": "ML Green",
              "bowler": "A Gardner",
              "non_striker": "BM Halliday",
              "runs": {
                "batter": 0,
                "extras": 0,
                "total": 0
              }
            },
            {
              "batter": "ML Green",
              "bowler": "A Gardner",
              "non_striker": "BM Halliday",
              "runs": {
                "batter": 1,
                "extras": 0,
                "total": 1
              }
            },
            {
              "batter": "BM Halliday",
              "bowler": "A Gardner",
              "non_striker": "ML Green",
              "runs": {
                "batter": 1,
                "extras": 0,
                "total": 1
              }
            },
            {
              "batter": "ML Green",
              "bowler": "A Gardner",
              "non_striker": "BM Halliday",
              "runs": {
                "batter": 0,
                "extras": 0,
                "total": 0
              }
            }
          ]
        },
        {
          "over": 15,
          "deliveries": [
            {
              "batter": "BM Halliday",
              "bowler": "JL Jonassen",
              "non_striker": "ML Green",
              "runs": {
                "batter": 0,
                "extras": 0,
                "total": 0
              }
            },
            {
              "batter": "BM Halliday",
              "bowler": "JL Jonassen",
              "non_striker": "ML Green",
              "runs": {
                "batter": 1,
                "extras": 0,
                "total": 1
              }
            },
            {
              "batter": "ML Green",
              "bowler": "JL Jonassen",
              "non_striker": "BM Halliday",
              "runs": {
                "batter": 1,
                "extras": 0,
                "total": 1
              }
            },
            {
              "batter": "BM Halliday",
              "bowler": "JL Jonassen",
              "non_striker": "ML Green",
              "runs": {
                "batter": 0,
                "extras": 0,
                "total": 0
              }
            },
            {
              "batter": "BM Halliday",
              "bowler": "JL Jonassen",
              "non_striker": "ML Green",
              "runs": {
                "batter": 0,
                "extras": 0,
                "total": 0
              }
            },
            {
              "batter": "BM Halliday",
              "bowler": "JL Jonassen",
              "non_striker": "ML Green",
              "runs": {
                "batter": 1,
                "extras": 0,
                "total": 1
              }
            }
          ]
        },
        {
          "over": 16,
          "deliveries": [
            {
              "batter": "BM Halliday",
              "bowler": "G Wareham",
              "non_striker": "ML Green",
              "runs": {
                "batter": 1,
                "extras": 0,
                "total": 1
              }
            },
            {
              "batter": "ML Green",
              "bowler": "G Wareham",
              "non_striker": "BM Halliday",
              "runs": {
                "batter": 0,
                "extras": 0,
                "total": 0
              }
            },
            {
              "batter": "ML Green",
              "bowler": "G Wareham",
              "non_striker": "BM Halliday",
              "runs": {
                "batter": 0,
                "extras": 0,
                "total": 0
              }
            },
            {
              "batter": "ML Green",
              "bowler": "G Wareham",
              "non_striker": "BM Halliday",
              "runs": {
                "batter": 0,
                "extras": 0,
                "total": 0
              }
            },
            {
              "batter": "ML Green",
              "bowler": "G Wareham",
              "non_striker": "BM Halliday",
              "runs": {
                "batter": 1,
                "extras": 0,
                "total": 1
              }
            },
            {
              "batter": "BM Halliday",
              "bowler": "G Wareham",
              "non_striker": "ML Green",
              "runs": {
                "batter": 0,
                "extras": 0,
                "total": 0
              }
            }
          ]
        },
        {
          "over": 17,
          "deliveries": [
            {
              "batter": "ML Green",
              "bowler": "NJ Carey",
              "non_striker": "BM Halliday",
              "runs": {
                "batter": 1,
                "extras": 0,
                "total": 1
              }
            },
            {
              "batter": "BM Halliday",
              "bowler": "NJ Carey",
              "non_striker": "ML Green",
              "runs": {
                "batter": 1,
                "extras": 0,
                "total": 1
              }
            },
            {
              "batter": "ML Green",
              "bowler": "NJ Carey",
              "non_striker": "BM Halliday",
              "runs": {
                "batter": 1,
                "extras": 0,
                "total": 1
              }
            },
            {
              "batter": "BM Halliday",
              "bowler": "NJ Carey",
              "non_striker": "ML Green",
              "runs": {
                "batter": 0,
                "extras": 0,
                "total": 0
              }
            },
            {
              "batter": "BM Halliday",
              "bowler": "NJ Carey",
              "non_striker": "ML Green",
              "runs": {
                "batter": 1,
                "extras": 0,
                "total": 1
              }
            },
            {
              "batter": "ML Green",
              "bowler": "NJ Carey",
              "non_striker": "BM Halliday",
              "runs": {
                "batter": 0,
                "extras": 0,
                "total": 0
              }
            }
          ]
        },
        {
          "over": 18,
          "deliveries": [
            {
              "batter": "BM Halliday",
              "bowler": "G Wareham",
              "non_striker": "ML Green",
              "runs": {
                "batter": 6,
                "extras": 0,
                "total": 6
              }
            },
            {
              "batter": "BM Halliday",
              "bowler": "G Wareham",
              "non_striker": "ML Green",
              "runs": {
                "batter": 0,
                "extras": 0,
                "total": 0
              },
              "wickets": [
                {
                  "player_out": "BM Halliday",
                  "fielders": [
                    {
                      "name": "A Gardner"
                    }
                  ],
                  "kind": "caught"
                }
              ]
            },
            {
              "batter": "LR Down",
              "bowler": "G Wareham",
              "non_striker": "ML Green",
              "runs": {
                "batter": 1,
                "extras": 0,
                "total": 1
              }
            },
            {
              "batter": "ML Green",
              "bowler": "G Wareham",
              "non_striker": "LR Down",
              "runs": {
                "batter": 1,
                "extras": 0,
                "total": 1
              }
            },
            {
              "batter": "LR Down",
              "bowler": "G Wareham",
              "non_striker": "ML Green",
              "runs": {
                "batter": 1,
                "extras": 0,
                "total": 1
              }
            },
            {
              "batter": "ML Green",
              "bowler": "G Wareham",
              "non_striker": "LR Down",
              "runs": {
                "batter": 0,
                "extras": 0,
                "total": 0
              }
            }
          ]
        },
        {
          "over": 19,
          "deliveries": [
            {
              "batter": "LR Down",
              "bowler": "JL Jonassen",
              "non_striker": "ML Green",
              "runs": {
                "batter": 0,
                "extras": 0,
                "total": 0
              }
            },
            {
              "batter": "LR Down",
              "bowler": "JL Jonassen",
              "non_striker": "ML Green",
              "runs": {
                "batter": 1,
                "extras": 0,
                "total": 1
              }
            },
            {
              "batter": "ML Green",
              "bowler": "JL Jonassen",
              "non_striker": "LR Down",
              "runs": {
                "batter": 0,
                "extras": 0,
                "total": 0
              }
            },
            {
              "batter": "ML Green",
              "bowler": "JL Jonassen",
              "non_striker": "LR Down",
              "runs": {
                "batter": 0,
                "extras": 0,
                "total": 0
              },
              "wickets": [
                {
                  "player_out": "ML Green",
                  "fielders": [
                    {
                      "name": "A Gardner"
                    }
                  ],
                  "kind": "caught"
                }
              ]
            },
            {
              "batter": "LR Down",
              "bowler": "JL Jonassen",
              "non_striker": "JM Kerr",
              "runs": {
                "batter": 0,
                "extras": 0,
                "total": 0
              }
            },
            {
              "batter": "LR Down",
              "bowler": "JL Jonassen",
              "non_striker": "JM Kerr",
              "runs": {
                "batter": 0,
                "extras": 0,
                "total": 0
              }
            }
          ]
        },
        {
          "over": 20,
          "deliveries": [
            {
              "batter": "JM Kerr",
              "bowler": "G Wareham",
              "non_striker": "LR Down",
              "runs": {
                "batter": 1,
                "extras": 0,
                "total": 1
              }
            },
            {
              "batter": "LR Down",
              "bowler": "G Wareham",
              "non_striker": "JM Kerr",
              "runs": {
                "batter": 4,
                "extras": 0,
                "total": 4
              }
            },
            {
              "batter": "LR Down",
              "bowler": "G Wareham",
              "non_striker": "JM Kerr",
              "runs": {
                "batter": 1,
                "extras": 0,
                "total": 1
              }
            },
            {
              "batter": "JM Kerr",
              "bowler": "G Wareham",
              "non_striker": "LR Down",
              "runs": {
                "batter": 4,
                "extras": 0,
                "total": 4
              }
            },
            {
              "batter": "JM Kerr",
              "bowler": "G Wareham",
              "non_striker": "LR Down",
              "runs": {
                "batter": 0,
                "extras": 0,
                "total": 0
              }
            },
            {
              "batter": "JM Kerr",
              "bowler": "G Wareham",
              "non_striker": "LR Down",
              "runs": {
                "batter": 0,
                "extras": 0,
                "total": 0
              }
            }
          ]
        },
        {
          "over": 21,
          "deliveries": [
            {
              "batter": "LR Down",
              "bowler": "NJ Carey",
              "non_striker": "JM Kerr",
              "runs": {
                "batter": 1,
                "extras": 0,
                "total": 1
              }
            },
            {
              "batter": "JM Kerr",
              "bowler": "NJ Carey",
              "non_striker": "LR Down",
              "runs": {
                "batter": 4,
                "extras": 0,
                "total": 4
              }
            },
            {
              "batter": "JM Kerr",
              "bowler": "NJ Carey",
              "non_striker": "LR Down",
              "runs": {
                "batter": 6,
                "extras": 0,
                "total": 6
              }
            },
            {
              "batter": "JM Kerr",
              "bowler": "NJ Carey",
              "non_striker": "LR Down",
              "runs": {
                "batter": 2,
                "extras": 0,
                "total": 2
              }
            },
            {
              "batter": "JM Kerr",
              "bowler": "NJ Carey",
              "non_striker": "LR Down",
              "runs": {
                "batter": 0,
                "extras": 0,
                "total": 0
              },
              "wickets": [
                {
                  "player_out": "JM Kerr",
                  "kind": "bowled"
                }
              ]
            },
            {
              "batter": "LMM Tahuhu",
              "bowler": "NJ Carey",
              "non_striker": "LR Down",
              "runs": {
                "batter": 0,
                "extras": 0,
                "total": 0
              }
            }
          ]
        },
        {
          "over": 22,
          "deliveries": [
            {
              "batter": "LR Down",
              "bowler": "ML Schutt",
              "non_striker": "LMM Tahuhu",
              "runs": {
                "batter": 1,
                "extras": 0,
                "total": 1
              }
            },
            {
              "batter": "LMM Tahuhu",
              "bowler": "ML Schutt",
              "non_striker": "LR Down",
              "runs": {
                "batter": 0,
                "extras": 0,
                "total": 0
              }
            },
            {
              "batter": "LMM Tahuhu",
              "bowler": "ML Schutt",
              "non_striker": "LR Down",
              "runs": {
                "batter": 1,
                "extras": 0,
                "total": 1
              }
            },
            {
              "batter": "LR Down",
              "bowler": "ML Schutt",
              "non_striker": "LMM Tahuhu",
              "runs": {
                "batter": 1,
                "extras": 0,
                "total": 1
              }
            },
            {
              "batter": "LMM Tahuhu",
              "bowler": "ML Schutt",
              "non_striker": "LR Down",
              "runs": {
                "batter": 6,
                "extras": 0,
                "total": 6
              }
            },
            {
              "batter": "LMM Tahuhu",
              "bowler": "ML Schutt",
              "non_striker": "LR Down",
              "runs": {
                "batter": 0,
                "extras": 0,
                "total": 0
              }
            }
          ]
        },
        {
          "over": 23,
          "deliveries": [
            {
              "batter": "LR Down",
              "bowler": "A Gardner",
              "non_striker": "LMM Tahuhu",
              "runs": {
                "batter": 0,
                "extras": 0,
                "total": 0
              }
            },
            {
              "batter": "LR Down",
              "bowler": "A Gardner",
              "non_striker": "LMM Tahuhu",
              "runs": {
                "batter": 1,
                "extras": 0,
                "total": 1
              }
            },
            {
              "batter": "LMM Tahuhu",
              "bowler": "A Gardner",
              "non_striker": "LR Down",
              "runs": {
                "batter": 0,
                "extras": 0,
                "total": 0
              }
            },
            {
              "batter": "LMM Tahuhu",
              "bowler": "A Gardner",
              "non_striker": "LR Down",
              "runs": {
                "batter": 4,
                "extras": 0,
                "total": 4
              }
            },
            {
              "batter": "LMM Tahuhu",
              "bowler": "A Gardner",
              "non_striker": "LR Down",
              "runs": {
                "batter": 6,
                "extras": 0,
                "total": 6
              }
            },
            {
              "batter": "LMM Tahuhu",
              "bowler": "A Gardner",
              "non_striker": "LR Down",
              "runs": {
                "batter": 1,
                "extras": 0,
                "total": 1
              }
            }
          ]
        },
        {
          "over": 24,
          "deliveries": [
            {
              "batter": "LMM Tahuhu",
              "bowler": "ML Schutt",
              "non_striker": "LR Down",
              "runs": {
                "batter": 1,
                "extras": 0,
                "total": 1
              }
            },
            {
              "batter": "LR Down",
              "bowler": "ML Schutt",
              "non_striker": "LMM Tahuhu",
              "runs": {
                "batter": 4,
                "extras": 0,
                "total": 4
              }
            },
            {
              "batter": "LR Down",
              "bowler": "ML Schutt",
              "non_striker": "LMM Tahuhu",
              "runs": {
                "batter": 0,
                "extras": 0,
                "total": 0
              },
              "wickets": [
                {
                  "player_out": "LR Down",
                  "fielders": [
                    {
                      "name": "RL Haynes"
                    }
                  ],
                  "kind": "caught"
                }
              ]
            },
            {
              "batter": "LMM Tahuhu",
              "bowler": "ML Schutt",
              "non_striker": "LM Kasperek",
              "runs": {
                "batter": 1,
                "extras": 0,
                "total": 1
              },
              "wickets": [
                {
                  "player_out": "LM Kasperek",
                  "kind": "run out"
                }
              ]
            },
            {
              "batter": "LMM Tahuhu",
              "bowler": "ML Schutt",
              "non_striker": "RA Mair",
              "runs": {
                "batter": 0,
                "extras": 0,
                "total": 0
              }
            },
            {
              "batter": "LMM Tahuhu",
              "bowler": "ML Schutt",
              "non_striker": "RA Mair",
              "runs": {
                "batter": 1,
                "extras": 0,
                "total": 1
              }
            }
          ]
        }
      ],
      "powerplays": [
        {
          "from": 0.1,
          "to": 4.6,
          "type": "mandatory"
        }
      ],
      "target": {
        "overs": 25,
        "runs": 150
      }
    }
  ]
}