{
  "meta": {
    "data_version": "1.1.0",
    "created": "2021-11-15",
    "revision": 2
  },
  "info": {
    "balls_per_over": 6,
    "city": "Bulawayo",
    "dates": [
      "2021-11-15"
    ],
    "event": {
      "name": "Bangladesh Women in Zimbabwe ODI Series",
      "match_number": 3
    },
    "gender": "female",
    "match_type": "ODI",
    "match_type_number": 1228,
    "officials": {
      "match_referees": [
        "ET Dube"
      ],
      "reserve_umpires": [
        "T Musakwa"
      ],
      "umpires": [
        "P Sizara",
        "S Gogwe"
      ]
    },
    "outcome": {
      "winner": "Bangladesh",
      "by": {
        "wickets": 7
      }
    },
    "overs": 50,
    "player_of_match": [
      "Nahida Akter"
    ],
    "players": {
      "Zimbabwe": [
        "M Mupachikwa",
        "SM Mayers",
        "A Ndiraya",
        "M Musonda",
        "C Chatonzwa",
        "J Nkomo",
        "T Granger",
        "L Phiri",
        "E Mbofana",
        "N Sibanda",
        "F Chipare"
      ],
      "Bangladesh": [
        "Murshida Khatun",
        "Nuzhat Tasnia",
        "Nigar Sultana",
        "S Mostary",
        "Fargana Hoque",
        "Rumana Ahmed",
        "Lata Mondal",
        "Fahima Khatun",
        "Nahida Akter",
        "Khadija Tul Kubra",
        "Fariha Trisna"
      ]
    },
    "registry": {
      "people": {
        "A Ndiraya": "c8e6bddd",
        "C Chatonzwa": "da61a9af",
        "E Mbofana": "657da2f4",
        "ET Dube": "4c0891bc",
        "F Chipare": "c0dc015b",
        "Fahima Khatun": "558cdd64",
        "Fargana Hoque": "6e96c956",
        "Fariha Trisna": "7b51bfa4",
        "J Nkomo": "36dfa62e",
        "Khadija Tul Kubra": "bec997fc",
        "L Phiri": "cca8bdca",
        "Lata Mondal": "5bf87532",
        "M Mupachikwa": "6657b319",
        "M Musonda": "94b52754",
        "Murshida Khatun": "712bbd92",
        "N Sibanda": "edf62a25",
        "Nahida Akter": "66078174",
        "Nigar Sultana": "3827f6a2",
        "Nuzhat Tasnia": "6ce57e02",
        "P Sizara": "5d45bb7f",
        "Rumana Ahmed": "a92763ea",
        "S Gogwe": "fa6ba429",
        "S Mostary": "94de63bf",
        "SM Mayers": "91d9613e",
        "T Granger": "2beae660",
        "T Musakwa": "5f925536"
      }
    },
    "season": "2021/22",
    "team_type": "international",
    "teams": [
      "Zimbabwe",
      "Bangladesh"
    ],
    "toss": {
      "decision": "bat",
      "winner": "Zimbabwe"
    },
    "venue": "Queens Sports Club, Bulawayo"
  },
  "innings": [
    {
      "team": "Zimbabwe",
      "overs": [
        {
          "over": 0,
          "deliveries": [
            {
              "batter": "M Mupachikwa",
              "bowler": "Fariha Trisna",
              "non_striker": "SM Mayers",
              "runs": {
                "batter": 0,
                "extras": 0,
                "total": 0
              }
            },
            {
              "batter": "M Mupachikwa",
              "bowler": "Fariha Trisna",
              "non_striker": "SM Mayers",
              "runs": {
                "batter": 2,
                "extras": 0,
                "total": 2
              }
            },
            {
              "batter": "M Mupachikwa",
              "bowler": "Fariha Trisna",
              "extras": {
                "wides": 1
              },
              "non_striker": "SM Mayers",
              "runs": {
                "batter": 0,
                "extras": 1,
                "total": 1
              }
            },
            {
              "batter": "M Mupachikwa",
              "bowler": "Fariha Trisna",
              "non_striker": "SM Mayers",
              "runs": {
                "batter": 2,
                "extras": 0,
                "total": 2
              }
            },
            {
              "batter": "M Mupachikwa",
              "bowler": "Fariha Trisna",
              "non_striker": "SM Mayers",
              "runs": {
                "batter": 1,
                "extras": 0,
                "total": 1
              }
            },
            {
              "batter": "SM Mayers",
              "bowler": "Fariha Trisna",
              "non_striker": "M Mupachikwa",
              "runs": {
                "batter": 4,
                "extras": 0,
                "total": 4
              }
            },
            {
              "batter": "SM Mayers",
              "bowler": "Fariha Trisna",
              "non_striker": "M Mupachikwa",
              "runs": {
                "batter": 0,
                "extras": 0,
                "total": 0
              }
            }
          ]
        },
        {
          "over": 1,
          "deliveries": [
            {
              "batter": "M Mupachikwa",
              "bowler": "Nahida Akter",
              "non_striker": "SM Mayers",
              "runs": {
                "batter": 0,
                "extras": 0,
                "total": 0
              }
            },
            {
              "batter": "M Mupachikwa",
              "bowler": "Nahida Akter",
              "non_striker": "SM Mayers",
              "runs": {
                "batter": 0,
                "extras": 0,
                "total": 0
              }
            },
            {
              "batter": "M Mupachikwa",
              "bowler": "Nahida Akter",
              "non_striker": "SM Mayers",
              "runs": {
                "batter": 0,
                "extras": 0,
                "total": 0
              }
            },
            {
              "batter": "M Mupachikwa",
              "bowler": "Nahida Akter",
              "non_striker": "SM Mayers",
              "runs": {
                "batter": 0,
                "extras": 0,
                "total": 0
              }
            },
            {
              "batter": "M Mupachikwa",
              "bowler": "Nahida Akter",
              "non_striker": "SM Mayers",
              "runs": {
                "batter": 1,
                "extras": 0,
                "total": 1
              }
            },
            {
              "batter": "SM Mayers",
              "bowler": "Nahida Akter",
              "non_striker": "M Mupachikwa",
              "runs": {
                "batter": 4,
                "extras": 0,
                "total": 4
              }
            }
          ]
        },
        {
          "over": 2,
          "deliveries": [
            {
              "batter": "M Mupachikwa",
              "bowler": "Fariha Trisna",
              "non_striker": "SM Mayers",
              "runs": {
                "batter": 0,
                "extras": 0,
                "total": 0
              }
            },
            {
              "batter": "M Mupachikwa",
              "bowler": "Fariha Trisna",
              "non_striker": "SM Mayers",
              "runs": {
                "batter": 0,
                "extras": 0,
                "total": 0
              }
            },
            {
              "batter": "M Mupachikwa",
              "bowler": "Fariha Trisna",
              "non_striker": "SM Mayers",
              "runs": {
                "batter": 0,
                "extras": 0,
                "total": 0
              }
            },
            {
              "batter": "M Mupachikwa",
              "bowler": "Fariha Trisna",
              "non_striker": "SM Mayers",
              "runs": {
                "batter": 0,
                "extras": 0,
                "total": 0
              }
            },
            {
              "batter": "M Mupachikwa",
              "bowler": "Fariha Trisna",
              "non_striker": "SM Mayers",
              "runs": {
                "batter": 0,
                "extras": 0,
                "total": 0
              }
            },
            {
              "batter": "M Mupachikwa",
              "bowler": "Fariha Trisna",
              "non_striker": "SM Mayers",
              "runs": {
                "batter": 1,
                "extras": 0,
                "total": 1
              }
            }
          ]
        },
        {
          "over": 3,
          "deliveries": [
            {
              "batter": "M Mupachikwa",
              "bowler": "Nahida Akter",
              "non_striker": "SM Mayers",
              "runs": {
                "batter": 0,
                "extras": 0,
                "total": 0
              }
            },
            {
              "batter": "M Mupachikwa",
              "bowler": "Nahida Akter",
              "non_striker": "SM Mayers",
              "runs": {
                "batter": 0,
                "extras": 0,
                "total": 0
              }
            },
            {
              "batter": "M Mupachikwa",
              "bowler": "Nahida Akter",
              "non_striker": "SM Mayers",
              "runs": {
                "batter": 0,
                "extras": 0,
                "total": 0
              }
            },
            {
              "batter": "M Mupachikwa",
              "bowler": "Nahida Akter",
              "non_striker": "SM Mayers",
              "runs": {
                "batter": 0,
                "extras": 0,
                "total": 0
              }
            },
            {
              "batter": "M Mupachikwa",
              "bowler": "Nahida Akter",
              "non_striker": "SM Mayers",
              "runs": {
                "batter": 0,
                "extras": 0,
                "total": 0
              }
            },
            {
              "batter": "M Mupachikwa",
              "bowler": "Nahida Akter",
              "non_striker": "SM Mayers",
              "runs": {
                "batter": 0,
                "extras": 0,
                "total": 0
              }
            }
          ]
        },
        {
          "over": 4,
          "deliveries": [
            {
              "batter": "SM Mayers",
              "bowler": "Fariha Trisna",
              "non_striker": "M Mupachikwa",
              "runs": {
                "batter": 0,
                "extras": 0,
                "total": 0
              }
            },
            {
              "batter": "SM Mayers",
              "bowler": "Fariha Trisna",
              "non_striker": "M Mupachikwa",
              "runs": {
                "batter": 1,
                "extras": 0,
                "total": 1
              }
            },
            {
              "batter": "M Mupachikwa",
              "bowler": "Fariha Trisna",
              "non_striker": "SM Mayers",
              "runs": {
                "batter": 1,
                "extras": 0,
                "total": 1
              }
            },
            {
              "batter": "SM Mayers",
              "bowler": "Fariha Trisna",
              "non_striker": "M Mupachikwa",
              "runs": {
                "batter": 4,
                "extras": 0,
                "total": 4
              }
            },
            {
              "batter": "SM Mayers",
              "bowler": "Fariha Trisna",
              "non_striker": "M Mupachikwa",
              "runs": {
                "batter": 0,
                "extras": 0,
                "total": 0
              }
            },
            {
              "batter": "SM Mayers",
              "bowler": "Fariha Trisna",
              "non_striker": "M Mupachikwa",
              "runs": {
                "batter": 0,
                "extras": 0,
                "total": 0
              }
            }
          ]
        },
        {
          "over": 5,
          "deliveries": [
            {
              "batter": "M Mupachikwa",
              "bowler": "Nahida Akter",
              "non_striker": "SM Mayers",
              "runs": {
                "batter": 0,
                "extras": 0,
                "total": 0
              }
            },
            {
              "batter": "M Mupachikwa",
              "bowler": "Nahida Akter",
              "non_striker": "SM Mayers",
              "runs": {
                "batter": 0,
                "extras": 0,
                "total": 0
              }
            },
            {
              "batter": "M Mupachikwa",
              "bowler": "Nahida Akter",
              "non_striker": "SM Mayers",
              "runs": {
                "batter": 0,
                "extras": 0,
                "total": 0
              }
            },
            {
              "batter": "M Mupachikwa",
              "bowler": "Nahida Akter",
              "non_striker": "SM Mayers",
              "runs": {
                "batter": 0,
                "extras": 0,
                "total": 0
              }
            },
            {
              "batter": "M Mupachikwa",
              "bowler": "Nahida Akter",
              "non_striker": "SM Mayers",
              "runs": {
                "batter": 0,
                "extras": 0,
                "total": 0
              }
            },
            {
              "batter": "M Mupachikwa",
              "bowler": "Nahida Akter",
              "non_striker": "SM Mayers",
              "runs": {
                "batter": 0,
                "extras": 0,
                "total": 0
              }
            }
          ]
        },
        {
          "over": 6,
          "deliveries": [
            {
              "batter": "SM Mayers",
              "bowler": "Khadija Tul Kubra",
              "non_striker": "M Mupachikwa",
              "runs": {
                "batter": 0,
                "extras": 0,
                "total": 0
              }
            },
            {
              "batter": "SM Mayers",
              "bowler": "Khadija Tul Kubra",
              "non_striker": "M Mupachikwa",
              "runs": {
                "batter": 1,
                "extras": 0,
                "total": 1
              }
            },
            {
              "batter": "M Mupachikwa",
              "bowler": "Khadija Tul Kubra",
              "non_striker": "SM Mayers",
              "runs": {
                "batter": 1,
                "extras": 0,
                "total": 1
              },
              "wickets": [
                {
                  "player_out": "M Mupachikwa",
                  "fielders": [
                    {
                      "name": "Nuzhat Tasnia"
                    },
                    {
                      "name": "Nahida Akter"
                    }
                  ],
                  "kind": "run out"
                }
              ]
            },
            {
              "batter": "A Ndiraya",
              "bowler": "Khadija Tul Kubra",
              "non_striker": "SM Mayers",
              "runs": {
                "batter": 0,
                "extras": 0,
                "total": 0
              }
            },
            {
              "batter": "A Ndiraya",
              "bowler": "Khadija Tul Kubra",
              "non_striker": "SM Mayers",
              "runs": {
                "batter": 0,
                "extras": 0,
                "total": 0
              }
            },
            {
              "batter": "A Ndiraya",
              "bowler": "Khadija Tul Kubra",
              "non_striker": "SM Mayers",
              "runs": {
                "batter": 1,
                "extras": 0,
                "total": 1
              }
            }
          ]
        },
        {
          "over": 7,
          "deliveries": [
            {
              "batter": "A Ndiraya",
              "bowler": "Nahida Akter",
              "non_striker": "SM Mayers",
              "runs": {
                "batter": 0,
                "extras": 0,
                "total": 0
              }
            },
            {
              "batter": "A Ndiraya",
              "bowler": "Nahida Akter",
              "non_striker": "SM Mayers",
              "runs": {
                "batter": 0,
                "extras": 0,
                "total": 0
              }
            },
            {
              "batter": "A Ndiraya",
              "bowler": "Nahida Akter",
              "non_striker": "SM Mayers",
              "runs": {
                "batter": 4,
                "extras": 0,
                "total": 4
              }
            },
            {
              "batter": "A Ndiraya",
              "bowler": "Nahida Akter",
              "non_striker": "SM Mayers",
              "runs": {
                "batter": 0,
                "extras": 0,
                "total": 0
              }
            },
            {
              "batter": "A Ndiraya",
              "bowler": "Nahida Akter",
              "non_striker": "SM Mayers",
              "runs": {
                "batter": 0,
                "extras": 0,
                "total": 0
              }
            },
            {
              "batter": "A Ndiraya",
              "bowler": "Nahida Akter",
              "non_striker": "SM Mayers",
              "runs": {
                "batter": 0,
                "extras": 0,
                "total": 0
              }
            }
          ]
        },
        {
          "over": 8,
          "deliveries": [
            {
              "batter": "SM Mayers",
              "bowler": "Khadija Tul Kubra",
              "non_striker": "A Ndiraya",
              "runs": {
                "batter": 0,
                "extras": 0,
                "total": 0
              }
            },
            {
              "batter": "SM Mayers",
              "bowler": "Khadija Tul Kubra",
              "non_striker": "A Ndiraya",
              "runs": {
                "batter": 0,
                "extras": 0,
                "total": 0
              }
            },
            {
              "batter": "SM Mayers",
              "bowler": "Khadija Tul Kubra",
              "non_striker": "A Ndiraya",
              "runs": {
                "batter": 0,
                "extras": 0,
                "total": 0
              }
            },
            {
              "batter": "SM Mayers",
              "bowler": "Khadija Tul Kubra",
              "non_striker": "A Ndiraya",
              "runs": {
                "batter": 1,
                "extras": 0,
                "total": 1
              }
            },
            {
              "batter": "A Ndiraya",
              "bowler": "Khadija Tul Kubra",
              "non_striker": "SM Mayers",
              "runs": {
                "batter": 0,
                "extras": 0,
                "total": 0
              }
            },
            {
              "batter": "A Ndiraya",
              "bowler": "Khadija Tul Kubra",
              "non_striker": "SM Mayers",
              "runs": {
                "batter": 0,
                "extras": 0,
                "total": 0
              }
            }
          ]
        },
        {
          "over": 9,
          "deliveries": [
            {
              "batter": "SM Mayers",
              "bowler": "Nahida Akter",
              "non_striker": "A Ndiraya",
              "runs": {
                "batter": 1,
                "extras": 0,
                "total": 1
              }
            },
            {
              "batter": "A Ndiraya",
              "bowler": "Nahida Akter",
              "non_striker": "SM Mayers",
              "runs": {
                "batter": 4,
                "extras": 0,
                "total": 4
              }
            },
            {
              "batter": "A Ndiraya",
              "bowler": "Nahida Akter",
              "non_striker": "SM Mayers",
              "runs": {
                "batter": 0,
                "extras": 0,
                "total": 0
              },
              "wickets": [
                {
                  "player_out": "A Ndiraya",
                  "kind": "lbw"
                }
              ]
            },
            {
              "batter": "M Musonda",
              "bowler": "Nahida Akter",
              "non_striker": "SM Mayers",
              "runs": {
                "batter": 0,
                "extras": 0,
                "total": 0
              }
            },
            {
              "batter": "M Musonda",
              "bowler": "Nahida Akter",
              "non_striker": "SM Mayers",
              "runs": {
                "batter": 0,
                "extras": 0,
                "total": 0
              }
            },
            {
              "batter": "M Musonda",
              "bowler": "Nahida Akter",
              "non_striker": "SM Mayers",
              "runs": {
                "batter": 0,
                "extras": 0,
                "total": 0
              },
              "wickets": [
                {
                  "player_out": "M Musonda",
                  "kind": "lbw"
                }
              ]
            }
          ]
        },
        {
          "over": 10,
          "deliveries": [
            {
              "batter": "SM Mayers",
              "bowler": "Khadija Tul Kubra",
              "non_striker": "C Chatonzwa",
              "runs": {
                "batter": 1,
                "extras": 0,
                "total": 1
              }
            },
            {
              "batter": "C Chatonzwa",
              "bowler": "Khadija Tul Kubra",
              "non_striker": "SM Mayers",
              "runs": {
                "batter": 0,
                "extras": 0,
                "total": 0
              }
            },
            {
              "batter": "C Chatonzwa",
              "bowler": "Khadija Tul Kubra",
              "non_striker": "SM Mayers",
              "runs": {
                "batter": 4,
                "extras": 0,
                "total": 4
              }
            },
            {
              "batter": "C Chatonzwa",
              "bowler": "Khadija Tul Kubra",
              "non_striker": "SM Mayers",
              "runs": {
                "batter": 0,
                "extras": 0,
                "total": 0
              }
            },
            {
              "batter": "C Chatonzwa",
              "bowler": "Khadija Tul Kubra",
              "non_striker": "SM Mayers",
              "runs": {
                "batter": 1,
                "extras": 0,
                "total": 1
              }
            },
            {
              "batter": "SM Mayers",
              "bowler": "Khadija Tul Kubra",
              "non_striker": "C Chatonzwa",
              "runs": {
                "batter": 0,
                "extras": 0,
                "total": 0
              }
            }
          ]
        },
        {
          "over": 11,
          "deliveries": [
            {
              "batter": "C Chatonzwa",
              "bowler": "Nahida Akter",
              "non_striker": "SM Mayers",
              "runs": {
                "batter": 0,
                "extras": 0,
                "total": 0
              }
            },
            {
              "batter": "C Chatonzwa",
              "bowler": "Nahida Akter",
              "non_striker": "SM Mayers",
              "runs": {
                "batter": 0,
                "extras": 0,
                "total": 0
              }
            },
            {
              "batter": "C Chatonzwa",
              "bowler": "Nahida Akter",
              "non_striker": "SM Mayers",
              "runs": {
                "batter": 0,
                "extras": 0,
                "total": 0
              },
              "wickets": [
                {
                  "player_out": "C Chatonzwa",
                  "kind": "bowled"
                }
              ]
            },
            {
              "batter": "J Nkomo",
              "bowler": "Nahida Akter",
              "non_striker": "SM Mayers",
              "runs": {
                "batter": 0,
                "extras": 0,
                "total": 0
              }
            },
            {
              "batter": "J Nkomo",
              "bowler": "Nahida Akter",
              "non_striker": "SM Mayers",
              "runs": {
                "batter": 0,
                "extras": 0,
                "total": 0
              }
            },
            {
              "batter": "J Nkomo",
              "bowler": "Nahida Akter",
              "non_striker": "SM Mayers",
              "runs": {
                "batter": 0,
                "extras": 0,
                "total": 0
              },
              "wickets": [
                {
                  "player_out": "J Nkomo",
                  "kind": "lbw"
                }
              ]
            }
          ]
        },
        {
          "over": 12,
          "deliveries": [
            {
              "batter": "SM Mayers",
              "bowler": "Lata Mondal",
              "non_striker": "T Granger",
              "runs": {
                "batter": 2,
                "extras": 0,
                "total": 2
              }
            },
            {
              "batter": "SM Mayers",
              "bowler": "Lata Mondal",
              "non_striker": "T Granger",
              "runs": {
                "batter": 0,
                "extras": 0,
                "total": 0
              }
            },
            {
              "batter": "SM Mayers",
              "bowler": "Lata Mondal",
              "non_striker": "T Granger",
              "runs": {
                "batter": 0,
                "extras": 0,
                "total": 0
              }
            },
            {
              "batter": "SM Mayers",
              "bowler": "Lata Mondal",
              "extras": {
                "wides": 5
              },
              "non_striker": "T Granger",
              "runs": {
                "batter": 0,
                "extras": 5,
                "total": 5
              }
            },
            {
              "batter": "SM Mayers",
              "bowler": "Lata Mondal",
              "non_striker": "T Granger",
              "runs": {
                "batter": 1,
                "extras": 0,
                "total": 1
              }
            },
            {
              "batter": "T Granger",
              "bowler": "Lata Mondal",
              "non_striker": "SM Mayers",
              "runs": {
                "batter": 0,
                "extras": 0,
                "total": 0
              }
            },
            {
              "batter": "T Granger",
              "bowler": "Lata Mondal",
              "extras": {
                "legbyes": 1
              },
              "non_striker": "SM Mayers",
              "runs": {
                "batter": 0,
                "extras": 1,
                "total": 1
              }
            }
          ]
        },
        {
          "over": 13,
          "deliveries": [
            {
              "batter": "T Granger",
              "bowler": "Nahida Akter",
              "non_striker": "SM Mayers",
              "runs": {
                "batter": 0,
                "extras": 0,
                "total": 0
              }
            },
            {
              "batter": "T Granger",
              "bowler": "Nahida Akter",
              "non_striker": "SM Mayers",
              "runs": {
                "batter": 0,
                "extras": 0,
                "total": 0
              }
            },
            {
              "batter": "T Granger",
              "bowler": "Nahida Akter",
              "non_striker": "SM Mayers",
              "runs": {
                "batter": 0,
                "extras": 0,
                "total": 0
              },
              "wickets": [
                {
                  "player_out": "T Granger",
                  "kind": "bowled"
                }
              ]
            },
            {
              "batter": "L Phiri",
              "bowler": "Nahida Akter",
              "non_striker": "SM Mayers",
              "runs": {
                "batter": 0,
                "extras": 0,
                "total": 0
              }
            },
            {
              "batter": "L Phiri",
              "bowler": "Nahida Akter",
              "non_striker": "SM Mayers",
              "runs": {
                "batter": 0,
                "extras": 0,
                "total": 0
              }
            },
            {
              "batter": "L Phiri",
              "bowler": "Nahida Akter",
              "non_striker": "SM Mayers",
              "runs": {
                "batter": 0,
                "extras": 0,
                "total": 0
              }
            }
          ]
        },
        {
          "over": 14,
          "deliveries": [
            {
              "batter": "SM Mayers",
              "bowler": "Lata Mondal",
              "non_striker": "L Phiri",
              "runs": {
                "batter": 0,
                "extras": 0,
                "total": 0
              }
            },
            {
              "batter": "SM Mayers",
              "bowler": "Lata Mondal",
              "non_striker": "L Phiri",
              "runs": {
                "batter": 0,
                "extras": 0,
                "total": 0
              }
            },
            {
              "batter": "SM Mayers",
              "bowler": "Lata Mondal",
              "non_striker": "L Phiri",
              "runs": {
                "batter": 0,
                "extras": 0,
                "total": 0
              }
            },
            {
              "batter": "SM Mayers",
              "bowler": "Lata Mondal",
              "non_striker": "L Phiri",
              "runs": {
                "batter": 1,
                "extras": 0,
                "total": 1
              }
            },
            {
              "batter": "L Phiri",
              "bowler": "Lata Mondal",
              "extras": {
                "wides": 1
              },
              "non_striker": "SM Mayers",
              "runs": {
                "batter": 0,
                "extras": 1,
                "total": 1
              }
            },
            {
              "batter": "L Phiri",
              "bowler": "Lata Mondal",
              "non_striker": "SM Mayers",
              "runs": {
                "batter": 0,
                "extras": 0,
                "total": 0
              }
            },
            {
              "batter": "L Phiri",
              "bowler": "Lata Mondal",
              "non_striker": "SM Mayers",
              "runs": {
                "batter": 0,
                "extras": 0,
                "total": 0
              }
            }
          ]
        },
        {
          "over": 15,
          "deliveries": [
            {
              "batter": "SM Mayers",
              "bowler": "Nahida Akter",
              "non_striker": "L Phiri",
              "runs": {
                "batter": 0,
                "extras": 0,
                "total": 0
              }
            },
            {
              "batter": "SM Mayers",
              "bowler": "Nahida Akter",
              "non_striker": "L Phiri",
              "runs": {
                "batter": 4,
                "extras": 0,
                "total": 4
              }
            },
            {
              "batter": "SM Mayers",
              "bowler": "Nahida Akter",
              "non_striker": "L Phiri",
              "runs": {
                "batter": 0,
                "extras": 0,
                "total": 0
              }
            },
            {
              "batter": "SM Mayers",
              "bowler": "Nahida Akter",
              "non_striker": "L Phiri",
              "runs": {
                "batter": 0,
                "extras": 0,
                "total": 0
              }
            },
            {
              "batter": "SM Mayers",
              "bowler": "Nahida Akter",
              "non_striker": "L Phiri",
              "runs": {
                "batter": 1,
                "extras": 0,
                "total": 1
              }
            },
            {
              "batter": "L Phiri",
              "bowler": "Nahida Akter",
              "non_striker": "SM Mayers",
              "runs": {
                "batter": 0,
                "extras": 0,
                "total": 0
              }
            }
          ]
        },
        {
          "over": 16,
          "deliveries": [
            {
              "batter": "SM Mayers",
              "bowler": "Lata Mondal",
              "non_striker": "L Phiri",
              "runs": {
                "batter": 0,
                "extras": 0,
                "total": 0
              }
            },
            {
              "batter": "SM Mayers",
              "bowler": "Lata Mondal",
              "non_striker": "L Phiri",
              "runs": {
                "batter": 0,
                "extras": 0,
                "total": 0
              }
            },
            {
              "batter": "SM Mayers",
              "bowler": "Lata Mondal",
              "non_striker": "L Phiri",
              "runs": {
                "batter": 1,
                "extras": 0,
                "total": 1
              }
            },
            {
              "batter": "L Phiri",
              "bowler": "Lata Mondal",
              "non_striker": "SM Mayers",
              "runs": {
                "batter": 0,
                "extras": 0,
                "total": 0
              }
            },
            {
              "batter": "L Phiri",
              "bowler": "Lata Mondal",
              "non_striker": "SM Mayers",
              "runs": {
                "batter": 0,
                "extras": 0,
                "total": 0
              }
            },
            {
              "batter": "L Phiri",
              "bowler": "Lata Mondal",
              "non_striker": "SM Mayers",
              "runs": {
                "batter": 0,
                "extras": 0,
                "total": 0
              }
            }
          ]
        },
        {
          "over": 17,
          "deliveries": [
            {
              "batter": "SM Mayers",
              "bowler": "Nahida Akter",
              "non_striker": "L Phiri",
              "runs": {
                "batter": 1,
                "extras": 0,
                "total": 1
              }
            },
            {
              "batter": "L Phiri",
              "bowler": "Nahida Akter",
              "non_striker": "SM Mayers",
              "runs": {
                "batter": 0,
                "extras": 0,
                "total": 0
              }
            },
            {
              "batter": "L Phiri",
              "bowler": "Nahida Akter",
              "non_striker": "SM Mayers",
              "runs": {
                "batter": 0,
                "extras": 0,
                "total": 0
              }
            },
            {
              "batter": "L Phiri",
              "bowler": "Nahida Akter",
              "non_striker": "SM Mayers",
              "runs": {
                "batter": 0,
                "extras": 0,
                "total": 0
              }
            },
            {
              "batter": "L Phiri",
              "bowler": "Nahida Akter",
              "non_striker": "SM Mayers",
              "runs": {
                "batter": 0,
                "extras": 0,
                "total": 0
              }
            },
            {
              "batter": "L Phiri",
              "bowler": "Nahida Akter",
              "non_striker": "SM Mayers",
              "runs": {
                "batter": 0,
                "extras": 0,
                "total": 0
              }
            }
          ]
        },
        {
          "over": 18,
          "deliveries": [
            {
              "batter": "SM Mayers",
              "bowler": "Lata Mondal",
              "non_striker": "L Phiri",
              "runs": {
                "batter": 0,
                "extras": 0,
                "total": 0
              }
            },
            {
              "batter": "SM Mayers",
              "bowler": "Lata Mondal",
              "non_striker": "L Phiri",
              "runs": {
                "batter": 0,
                "extras": 0,
                "total": 0
              }
            },
            {
              "batter": "SM Mayers",
              "bowler": "Lata Mondal",
              "non_striker": "L Phiri",
              "runs": {
                "batter": 0,
                "extras": 0,
                "total": 0
              }
            },
            {
              "batter": "SM Mayers",
              "bowler": "Lata Mondal",
              "non_striker": "L Phiri",
              "runs": {
                "batter": 1,
                "extras": 0,
                "total": 1
              }
            },
            {
              "batter": "L Phiri",
              "bowler": "Lata Mondal",
              "non_striker": "SM Mayers",
              "runs": {
                "batter": 0,
                "extras": 0,
                "total": 0
              }
            },
            {
              "batter": "L Phiri",
              "bowler": "Lata Mondal",
              "non_striker": "SM Mayers",
              "runs": {
                "batter": 0,
                "extras": 0,
                "total": 0
              }
            }
          ]
        },
        {
          "over": 19,
          "deliveries": [
            {
              "batter": "SM Mayers",
              "bowler": "Nahida Akter",
              "non_striker": "L Phiri",
              "runs": {
                "batter": 1,
                "extras": 0,
                "total": 1
              }
            },
            {
              "batter": "L Phiri",
              "bowler": "Nahida Akter",
              "non_striker": "SM Mayers",
              "runs": {
                "batter": 0,
                "extras": 0,
                "total": 0
              }
            },
            {
              "batter": "L Phiri",
              "bowler": "Nahida Akter",
              "non_striker": "SM Mayers",
              "runs": {
                "batter": 0,
                "extras": 0,
                "total": 0
              }
            },
            {
              "batter": "L Phiri",
              "bowler": "Nahida Akter",
              "non_striker": "SM Mayers",
              "runs": {
                "batter": 0,
                "extras": 0,
                "total": 0
              }
            },
            {
              "batter": "L Phiri",
              "bowler": "Nahida Akter",
              "non_striker": "SM Mayers",
              "runs": {
                "batter": 0,
                "extras": 0,
                "total": 0
              }
            },
            {
              "batter": "L Phiri",
              "bowler": "Nahida Akter",
              "non_striker": "SM Mayers",
              "runs": {
                "batter": 0,
                "extras": 0,
                "total": 0
              }
            }
          ]
        },
        {
          "over": 20,
          "deliveries": [
            {
              "batter": "SM Mayers",
              "bowler": "Rumana Ahmed",
              "non_striker": "L Phiri",
              "runs": {
                "batter": 0,
                "extras": 0,
                "total": 0
              }
            },
            {
              "batter": "SM Mayers",
              "bowler": "Rumana Ahmed",
              "non_striker": "L Phiri",
              "runs": {
                "batter": 1,
                "extras": 0,
                "total": 1
              }
            },
            {
              "batter": "L Phiri",
              "bowler": "Rumana Ahmed",
              "non_striker": "SM Mayers",
              "runs": {
                "batter": 0,
                "extras": 0,
                "total": 0
              }
            },
            {
              "batter": "L Phiri",
              "bowler": "Rumana Ahmed",
              "non_striker": "SM Mayers",
              "runs": {
                "batter": 0,
                "extras": 0,
                "total": 0
              }
            },
            {
              "batter": "L Phiri",
              "bowler": "Rumana Ahmed",
              "non_striker": "SM Mayers",
              "runs": {
                "batter": 0,
                "extras": 0,
                "total": 0
              },
              "wickets": [
                {
                  "player_out": "L Phiri",
                  "kind": "bowled"
                }
              ]
            },
            {
              "batter": "E Mbofana",
              "bowler": "Rumana Ahmed",
              "non_striker": "SM Mayers",
              "runs": {
                "batter": 0,
                "extras": 0,
                "total": 0
              }
            }
          ]
        },
        {
          "over": 21,
          "deliveries": [
            {
              "batter": "SM Mayers",
              "bowler": "Khadija Tul Kubra",
              "non_striker": "E Mbofana",
              "runs": {
                "batter": 0,
                "extras": 0,
                "total": 0
              }
            },
            {
              "batter": "SM Mayers",
              "bowler": "Khadija Tul Kubra",
              "non_striker": "E Mbofana",
              "runs": {
                "batter": 0,
                "extras": 0,
                "total": 0
              }
            },
            {
              "batter": "SM Mayers",
              "bowler": "Khadija Tul Kubra",
              "non_striker": "E Mbofana",
              "runs": {
                "batter": 0,
                "extras": 0,
                "total": 0
              }
            },
            {
              "batter": "SM Mayers",
              "bowler": "Khadija Tul Kubra",
              "non_striker": "E Mbofana",
              "runs": {
                "batter": 1,
                "extras": 0,
                "total": 1
              }
            },
            {
              "batter": "E Mbofana",
              "bowler": "Khadija Tul Kubra",
              "non_striker": "SM Mayers",
              "runs": {
                "batter": 0,
                "extras": 0,
                "total": 0
              }
            },
            {
              "batter": "E Mbofana",
              "bowler": "Khadija Tul Kubra",
              "non_striker": "SM Mayers",
              "runs": {
                "batter": 0,
                "extras": 0,
                "total": 0
              }
            }
          ]
        },
        {
          "over": 22,
          "deliveries": [
            {
              "batter": "SM Mayers",
              "bowler": "Rumana Ahmed",
              "non_striker": "E Mbofana",
              "runs": {
                "batter": 0,
                "extras": 0,
                "total": 0
              }
            },
            {
              "batter": "SM Mayers",
              "bowler": "Rumana Ahmed",
              "non_striker": "E Mbofana",
              "runs": {
                "batter": 0,
                "extras": 0,
                "total": 0
              }
            },
            {
              "batter": "SM Mayers",
              "bowler": "Rumana Ahmed",
              "non_striker": "E Mbofana",
              "runs": {
                "batter": 0,
                "extras": 0,
                "total": 0
              }
            },
            {
              "batter": "SM Mayers",
              "bowler": "Rumana Ahmed",
              "non_striker": "E Mbofana",
              "runs": {
                "batter": 0,
                "extras": 0,
                "total": 0
              }
            },
            {
              "batter": "SM Mayers",
              "bowler": "Rumana Ahmed",
              "non_striker": "E Mbofana",
              "runs": {
                "batter": 1,
                "extras": 0,
                "total": 1
              }
            },
            {
              "batter": "E Mbofana",
              "bowler": "Rumana Ahmed",
              "non_striker": "SM Mayers",
              "runs": {
                "batter": 0,
                "extras": 0,
                "total": 0
              }
            }
          ]
        },
        {
          "over": 23,
          "deliveries": [
            {
              "batter": "SM Mayers",
              "bowler": "Khadija Tul Kubra",
              "non_striker": "E Mbofana",
              "runs": {
                "batter": 0,
                "extras": 0,
                "total": 0
              }
            },
            {
              "batter": "SM Mayers",
              "bowler": "Khadija Tul Kubra",
              "non_striker": "E Mbofana",
              "runs": {
                "batter": 1,
                "extras": 0,
                "total": 1
              }
            },
            {
              "batter": "E Mbofana",
              "bowler": "Khadija Tul Kubra",
              "non_striker": "SM Mayers",
              "runs": {
                "batter": 0,
                "extras": 0,
                "total": 0
              }
            },
            {
              "batter": "E Mbofana",
              "bowler": "Khadija Tul Kubra",
              "non_striker": "SM Mayers",
              "runs": {
                "batter": 0,
                "extras": 0,
                "total": 0
              }
            },
            {
              "batter": "E Mbofana",
              "bowler": "Khadija Tul Kubra",
              "non_striker": "SM Mayers",
              "runs": {
                "batter": 0,
                "extras": 0,
                "total": 0
              }
            },
            {
              "batter": "E Mbofana",
              "bowler": "Khadija Tul Kubra",
              "non_striker": "SM Mayers",
              "runs": {
                "batter": 0,
                "extras": 0,
                "total": 0
              }
            }
          ]
        },
        {
          "over": 24,
          "deliveries": [
            {
              "batter": "SM Mayers",
              "bowler": "Rumana Ahmed",
              "non_striker": "E Mbofana",
              "runs": {
                "batter": 0,
                "extras": 0,
                "total": 0
              }
            },
            {
              "batter": "SM Mayers",
              "bowler": "Rumana Ahmed",
              "non_striker": "E Mbofana",
              "runs": {
                "batter": 1,
                "extras": 0,
                "total": 1
              }
            },
            {
              "batter": "E Mbofana",
              "bowler": "Rumana Ahmed",
              "non_striker": "SM Mayers",
              "runs": {
                "batter": 0,
                "extras": 0,
                "total": 0
              }
            },
            {
              "batter": "E Mbofana",
              "bowler": "Rumana Ahmed",
              "non_striker": "SM Mayers",
              "runs": {
                "batter": 0,
                "extras": 0,
                "total": 0
              }
            },
            {
              "batter": "E Mbofana",
              "bowler": "Rumana Ahmed",
              "non_striker": "SM Mayers",
              "runs": {
                "batter": 1,
                "extras": 0,
                "total": 1
              }
            },
            {
              "batter": "SM Mayers",
              "bowler": "Rumana Ahmed",
              "non_striker": "E Mbofana",
              "runs": {
                "batter": 0,
                "extras": 0,
                "total": 0
              }
            }
          ]
        },
        {
          "over": 25,
          "deliveries": [
            {
              "batter": "E Mbofana",
              "bowler": "Khadija Tul Kubra",
              "non_striker": "SM Mayers",
              "runs": {
                "batter": 1,
                "extras": 0,
                "total": 1
              }
            },
            {
              "batter": "SM Mayers",
              "bowler": "Khadija Tul Kubra",
              "non_striker": "E Mbofana",
              "runs": {
                "batter": 0,
                "extras": 0,
                "total": 0
              }
            },
            {
              "batter": "SM Mayers",
              "bowler": "Khadija Tul Kubra",
              "non_striker": "E Mbofana",
              "runs": {
                "batter": 0,
                "extras": 0,
                "total": 0
              }
            },
            {
              "batter": "SM Mayers",
              "bowler": "Khadija Tul Kubra",
              "non_striker": "E Mbofana",
              "runs": {
                "batter": 1,
                "extras": 0,
                "total": 1
              }
            },
            {
              "batter": "E Mbofana",
              "bowler": "Khadija Tul Kubra",
              "non_striker": "SM Mayers",
              "runs": {
                "batter": 0,
                "extras": 0,
                "total": 0
              }
            },
            {
              "batter": "E Mbofana",
              "bowler": "Khadija Tul Kubra",
              "non_striker": "SM Mayers",
              "runs": {
                "batter": 0,
                "extras": 0,
                "total": 0
              }
            }
          ]
        },
        {
          "over": 26,
          "deliveries": [
            {
              "batter": "SM Mayers",
              "bowler": "Rumana Ahmed",
              "non_striker": "E Mbofana",
              "runs": {
                "batter": 2,
                "extras": 0,
                "total": 2
              }
            },
            {
              "batter": "SM Mayers",
              "bowler": "Rumana Ahmed",
              "non_striker": "E Mbofana",
              "runs": {
                "batter": 1,
                "extras": 0,
                "total": 1
              }
            },
            {
              "batter": "E Mbofana",
              "bowler": "Rumana Ahmed",
              "non_striker": "SM Mayers",
              "runs": {
                "batter": 0,
                "extras": 0,
                "total": 0
              },
              "wickets": [
                {
                  "player_out": "E Mbofana",
                  "kind": "bowled"
                }
              ]
            },
            {
              "batter": "N Sibanda",
              "bowler": "Rumana Ahmed",
              "non_striker": "SM Mayers",
              "runs": {
                "batter": 0,
                "extras": 0,
                "total": 0
              }
            },
            {
              "batter": "N Sibanda",
              "bowler": "Rumana Ahmed",
              "non_striker": "SM Mayers",
              "runs": {
                "batter": 0,
                "extras": 0,
                "total": 0
              }
            },
            {
              "batter": "N Sibanda",
              "bowler": "Rumana Ahmed",
              "non_striker": "SM Mayers",
              "runs": {
                "batter": 0,
                "extras": 0,
                "total": 0
              }
            }
          ]
        },
        {
          "over": 27,
          "deliveries": [
            {
              "batter": "SM Mayers",
              "bowler": "Fariha Trisna",
              "non_striker": "N Sibanda",
              "runs": {
                "batter": 0,
                "extras": 0,
                "total": 0
              },
              "wickets": [
                {
                  "player_out": "SM Mayers",
                  "kind": "bowled"
                }
              ]
            },
            {
              "batter": "F Chipare",
              "bowler": "Fariha Trisna",
              "non_striker": "N Sibanda",
              "runs": {
                "batter": 0,
                "extras": 0,
                "total": 0
              },
              "wickets": [
                {
                  "player_out": "F Chipare",
                  "kind": "lbw"
                }
              ]
            }
          ]
        }
      ],
      "powerplays": [
        {
          "from": 0.1,
          "to": 9.6,
          "type": "mandatory"
        }
      ]
    },
    {
      "team": "Bangladesh",
      "overs": [
        {
          "over": 0,
          "deliveries": [
            {
              "batter": "Murshida Khatun",
              "bowler": "N Sibanda",
              "non_striker": "Nuzhat Tasnia",
              "runs": {
                "batter": 4,
                "extras": 0,
                "total": 4
              }
            },
            {
              "batter": "Murshida Khatun",
              "bowler": "N Sibanda",
              "non_striker": "Nuzhat Tasnia",
              "runs": {
                "batter": 0,
                "extras": 0,
                "total": 0
              }
            },
            {
              "batter": "Murshida Khatun",
              "bowler": "N Sibanda",
              "non_striker": "Nuzhat Tasnia",
              "runs": {
                "batter": 4,
                "extras": 0,
                "total": 4
              }
            },
            {
              "batter": "Murshida Khatun",
              "bowler": "N Sibanda",
              "non_striker": "Nuzhat Tasnia",
              "runs": {
                "batter": 0,
                "extras": 0,
                "total": 0
              }
            },
            {
              "batter": "Murshida Khatun",
              "bowler": "N Sibanda",
              "non_striker": "Nuzhat Tasnia",
              "runs": {
                "batter": 1,
                "extras": 0,
                "total": 1
              }
            },
            {
              "batter": "Nuzhat Tasnia",
              "bowler": "N Sibanda",
              "non_striker": "Murshida Khatun",
              "runs": {
                "batter": 0,
                "extras": 0,
                "total": 0
              }
            }
          ]
        },
        {
          "over": 1,
          "deliveries": [
            {
              "batter": "Murshida Khatun",
              "bowler": "E Mbofana",
              "non_striker": "Nuzhat Tasnia",
              "runs": {
                "batter": 0,
                "extras": 0,
                "total": 0
              }
            },
            {
              "batter": "Murshida Khatun",
              "bowler": "E Mbofana",
              "non_striker": "Nuzhat Tasnia",
              "runs": {
                "batter": 0,
                "extras": 0,
                "total": 0
              }
            },
            {
              "batter": "Murshida Khatun",
              "bowler": "E Mbofana",
              "non_striker": "Nuzhat Tasnia",
              "runs": {
                "batter": 1,
                "extras": 0,
                "total": 1
              }
            },
            {
              "batter": "Nuzhat Tasnia",
              "bowler": "E Mbofana",
              "non_striker": "Murshida Khatun",
              "runs": {
                "batter": 0,
                "extras": 0,
                "total": 0
              }
            },
            {
              "batter": "Nuzhat Tasnia",
              "bowler": "E Mbofana",
              "non_striker": "Murshida Khatun",
              "runs": {
                "batter": 0,
                "extras": 0,
                "total": 0
              }
            },
            {
              "batter": "Nuzhat Tasnia",
              "bowler": "E Mbofana",
              "non_striker": "Murshida Khatun",
              "runs": {
                "batter": 0,
                "extras": 0,
                "total": 0
              }
            }
          ]
        },
        {
          "over": 2,
          "deliveries": [
            {
              "batter": "Murshida Khatun",
              "bowler": "N Sibanda",
              "non_striker": "Nuzhat Tasnia",
              "runs": {
                "batter": 0,
                "extras": 0,
                "total": 0
              }
            },
            {
              "batter": "Murshida Khatun",
              "bowler": "N Sibanda",
              "non_striker": "Nuzhat Tasnia",
              "runs": {
                "batter": 1,
                "extras": 0,
                "total": 1
              }
            },
            {
              "batter": "Nuzhat Tasnia",
              "bowler": "N Sibanda",
              "non_striker": "Murshida Khatun",
              "runs": {
                "batter": 0,
                "extras": 0,
                "total": 0
              }
            },
            {
              "batter": "Nuzhat Tasnia",
              "bowler": "N Sibanda",
              "non_striker": "Murshida Khatun",
              "runs": {
                "batter": 0,
                "extras": 0,
                "total": 0
              }
            },
            {
              "batter": "Nuzhat Tasnia",
              "bowler": "N Sibanda",
              "non_striker": "Murshida Khatun",
              "runs": {
                "batter": 0,
                "extras": 0,
                "total": 0
              }
            },
            {
              "batter": "Nuzhat Tasnia",
              "bowler": "N Sibanda",
              "non_striker": "Murshida Khatun",
              "runs": {
                "batter": 1,
                "extras": 0,
                "total": 1
              }
            }
          ]
        },
        {
          "over": 3,
          "deliveries": [
            {
              "batter": "Nuzhat Tasnia",
              "bowler": "E Mbofana",
              "non_striker": "Murshida Khatun",
              "runs": {
                "batter": 1,
                "extras": 0,
                "total": 1
              }
            },
            {
              "batter": "Murshida Khatun",
              "bowler": "E Mbofana",
              "extras": {
                "noballs": 1
              },
              "non_striker": "Nuzhat Tasnia",
              "runs": {
                "batter": 1,
                "extras": 1,
                "total": 2
              }
            },
            {
              "batter": "Nuzhat Tasnia",
              "bowler": "E Mbofana",
              "non_striker": "Murshida Khatun",
              "runs": {
                "batter": 1,
                "extras": 0,
                "total": 1
              }
            },
            {
              "batter": "Murshida Khatun",
              "bowler": "E Mbofana",
              "non_striker": "Nuzhat Tasnia",
              "runs": {
                "batter": 0,
                "extras": 0,
                "total": 0
              }
            },
            {
              "batter": "Murshida Khatun",
              "bowler": "E Mbofana",
              "non_striker": "Nuzhat Tasnia",
              "runs": {
                "batter": 0,
                "extras": 0,
                "total": 0
              }
            },
            {
              "batter": "Murshida Khatun",
              "bowler": "E Mbofana",
              "non_striker": "Nuzhat Tasnia",
              "runs": {
                "batter": 1,
                "extras": 0,
                "total": 1
              }
            },
            {
              "batter": "Nuzhat Tasnia",
              "bowler": "E Mbofana",
              "non_striker": "Murshida Khatun",
              "runs": {
                "batter": 1,
                "extras": 0,
                "total": 1
              }
            }
          ]
        },
        {
          "over": 4,
          "deliveries": [
            {
              "batter": "Nuzhat Tasnia",
              "bowler": "N Sibanda",
              "non_striker": "Murshida Khatun",
              "runs": {
                "batter": 0,
                "extras": 0,
                "total": 0
              }
            },
            {
              "batter": "Nuzhat Tasnia",
              "bowler": "N Sibanda",
              "non_striker": "Murshida Khatun",
              "runs": {
                "batter": 3,
                "extras": 0,
                "total": 3
              }
            },
            {
              "batter": "Murshida Khatun",
              "bowler": "N Sibanda",
              "non_striker": "Nuzhat Tasnia",
              "runs": {
                "batter": 0,
                "extras": 0,
                "total": 0
              }
            },
            {
              "batter": "Murshida Khatun",
              "bowler": "N Sibanda",
              "non_striker": "Nuzhat Tasnia",
              "runs": {
                "batter": 0,
                "extras": 0,
                "total": 0
              }
            },
            {
              "batter": "Murshida Khatun",
              "bowler": "N Sibanda",
              "non_striker": "Nuzhat Tasnia",
              "runs": {
                "batter": 2,
                "extras": 0,
                "total": 2
              }
            },
            {
              "batter": "Murshida Khatun",
              "bowler": "N Sibanda",
              "extras": {
                "noballs": 1
              },
              "non_striker": "Nuzhat Tasnia",
              "runs": {
                "batter": 0,
                "extras": 1,
                "total": 1
              }
            },
            {
              "batter": "Murshida Khatun",
              "bowler": "N Sibanda",
              "non_striker": "Nuzhat Tasnia",
              "runs": {
                "batter": 2,
                "extras": 0,
                "total": 2
              }
            }
          ]
        },
        {
          "over": 5,
          "deliveries": [
            {
              "batter": "Nuzhat Tasnia",
              "bowler": "F Chipare",
              "non_striker": "Murshida Khatun",
              "runs": {
                "batter": 0,
                "extras": 0,
                "total": 0
              }
            },
            {
              "batter": "Nuzhat Tasnia",
              "bowler": "F Chipare",
              "non_striker": "Murshida Khatun",
              "runs": {
                "batter": 0,
                "extras": 0,
                "total": 0
              }
            },
            {
              "batter": "Nuzhat Tasnia",
              "bowler": "F Chipare",
              "non_striker": "Murshida Khatun",
              "runs": {
                "batter": 1,
                "extras": 0,
                "total": 1
              }
            },
            {
              "batter": "Murshida Khatun",
              "bowler": "F Chipare",
              "non_striker": "Nuzhat Tasnia",
              "runs": {
                "batter": 0,
                "extras": 0,
                "total": 0
              }
            },
            {
              "batter": "Murshida Khatun",
              "bowler": "F Chipare",
              "non_striker": "Nuzhat Tasnia",
              "runs": {
                "batter": 0,
                "extras": 0,
                "total": 0
              }
            },
            {
              "batter": "Murshida Khatun",
              "bowler": "F Chipare",
              "non_striker": "Nuzhat Tasnia",
              "runs": {
                "batter": 0,
                "extras": 0,
                "total": 0
              }
            }
          ]
        },
        {
          "over": 6,
          "deliveries": [
            {
              "batter": "Nuzhat Tasnia",
              "bowler": "L Phiri",
              "non_striker": "Murshida Khatun",
              "runs": {
                "batter": 0,
                "extras": 0,
                "total": 0
              }
            },
            {
              "batter": "Nuzhat Tasnia",
              "bowler": "L Phiri",
              "non_striker": "Murshida Khatun",
              "runs": {
                "batter": 0,
                "extras": 0,
                "total": 0
              }
            },
            {
              "batter": "Nuzhat Tasnia",
              "bowler": "L Phiri",
              "non_striker": "Murshida Khatun",
              "runs": {
                "batter": 0,
                "extras": 0,
                "total": 0
              }
            },
            {
              "batter": "Nuzhat Tasnia",
              "bowler": "L Phiri",
              "non_striker": "Murshida Khatun",
              "runs": {
                "batter": 0,
                "extras": 0,
                "total": 0
              }
            },
            {
              "batter": "Nuzhat Tasnia",
              "bowler": "L Phiri",
              "non_striker": "Murshida Khatun",
              "runs": {
                "batter": 0,
                "extras": 0,
                "total": 0
              }
            },
            {
              "batter": "Nuzhat Tasnia",
              "bowler": "L Phiri",
              "non_striker": "Murshida Khatun",
              "runs": {
                "batter": 2,
                "extras": 0,
                "total": 2
              }
            }
          ]
        },
        {
          "over": 7,
          "deliveries": [
            {
              "batter": "Murshida Khatun",
              "bowler": "F Chipare",
              "extras": {
                "wides": 1
              },
              "non_striker": "Nuzhat Tasnia",
              "runs": {
                "batter": 0,
                "extras": 1,
                "total": 1
              }
            },
            {
              "batter": "Murshida Khatun",
              "bowler": "F Chipare",
              "non_striker": "Nuzhat Tasnia",
              "runs": {
                "batter": 0,
                "extras": 0,
                "total": 0
              }
            },
            {
              "batter": "Murshida Khatun",
              "bowler": "F Chipare",
              "non_striker": "Nuzhat Tasnia",
              "runs": {
                "batter": 0,
                "extras": 0,
                "total": 0
              }
            },
            {
              "batter": "Murshida Khatun",
              "bowler": "F Chipare",
              "non_striker": "Nuzhat Tasnia",
              "runs": {
                "batter": 0,
                "extras": 0,
                "total": 0
              }
            },
            {
              "batter": "Murshida Khatun",
              "bowler": "F Chipare",
              "non_striker": "Nuzhat Tasnia",
              "runs": {
                "batter": 0,
                "extras": 0,
                "total": 0
              }
            },
            {
              "batter": "Murshida Khatun",
              "bowler": "F Chipare",
              "non_striker": "Nuzhat Tasnia",
              "runs": {
                "batter": 2,
                "extras": 0,
                "total": 2
              }
            },
            {
              "batter": "Murshida Khatun",
              "bowler": "F Chipare",
              "non_striker": "Nuzhat Tasnia",
              "runs": {
                "batter": 0,
                "extras": 0,
                "total": 0
              }
            }
          ]
        },
        {
          "over": 8,
          "deliveries": [
            {
              "batter": "Nuzhat Tasnia",
              "bowler": "L Phiri",
              "non_striker": "Murshida Khatun",
              "runs": {
                "batter": 0,
                "extras": 0,
                "total": 0
              }
            },
            {
              "batter": "Nuzhat Tasnia",
              "bowler": "L Phiri",
              "non_striker": "Murshida Khatun",
              "runs": {
                "batter": 0,
                "extras": 0,
                "total": 0
              },
              "wickets": [
                {
                  "player_out": "Nuzhat Tasnia",
                  "kind": "caught and bowled"
                }
              ]
            },
            {
              "batter": "Nigar Sultana",
              "bowler": "L Phiri",
              "non_striker": "Murshida Khatun",
              "runs": {
                "batter": 0,
                "extras": 0,
                "total": 0
              }
            },
            {
              "batter": "Nigar Sultana",
              "bowler": "L Phiri",
              "non_striker": "Murshida Khatun",
              "runs": {
                "batter": 1,
                "extras": 0,
                "total": 1
              }
            },
            {
              "batter": "Murshida Khatun",
              "bowler": "L Phiri",
              "non_striker": "Nigar Sultana",
              "runs": {
                "batter": 0,
                "extras": 0,
                "total": 0
              }
            },
            {
              "batter": "Murshida Khatun",
              "bowler": "L Phiri",
              "non_striker": "Nigar Sultana",
              "runs": {
                "batter": 4,
                "extras": 0,
                "total": 4
              }
            }
          ]
        },
        {
          "over": 9,
          "deliveries": [
            {
              "batter": "Nigar Sultana",
              "bowler": "F Chipare",
              "non_striker": "Murshida Khatun",
              "runs": {
                "batter": 0,
                "extras": 0,
                "total": 0
              }
            },
            {
              "batter": "Nigar Sultana",
              "bowler": "F Chipare",
              "non_striker": "Murshida Khatun",
              "runs": {
                "batter": 0,
                "extras": 0,
                "total": 0
              }
            },
            {
              "batter": "Nigar Sultana",
              "bowler": "F Chipare",
              "non_striker": "Murshida Khatun",
              "runs": {
                "batter": 0,
                "extras": 0,
                "total": 0
              }
            },
            {
              "batter": "Nigar Sultana",
              "bowler": "F Chipare",
              "non_striker": "Murshida Khatun",
              "runs": {
                "batter": 0,
                "extras": 0,
                "total": 0
              }
            },
            {
              "batter": "Nigar Sultana",
              "bowler": "F Chipare",
              "non_striker": "Murshida Khatun",
              "runs": {
                "batter": 0,
                "extras": 0,
                "total": 0
              }
            },
            {
              "batter": "Nigar Sultana",
              "bowler": "F Chipare",
              "non_striker": "Murshida Khatun",
              "runs": {
                "batter": 0,
                "extras": 0,
                "total": 0
              }
            }
          ]
        },
        {
          "over": 10,
          "deliveries": [
            {
              "batter": "Murshida Khatun",
              "bowler": "L Phiri",
              "non_striker": "Nigar Sultana",
              "runs": {
                "batter": 1,
                "extras": 0,
                "total": 1
              }
            },
            {
              "batter": "Nigar Sultana",
              "bowler": "L Phiri",
              "non_striker": "Murshida Khatun",
              "runs": {
                "batter": 0,
                "extras": 0,
                "total": 0
              }
            },
            {
              "batter": "Nigar Sultana",
              "bowler": "L Phiri",
              "non_striker": "Murshida Khatun",
              "runs": {
                "batter": 0,
                "extras": 0,
                "total": 0
              }
            },
            {
              "batter": "Nigar Sultana",
              "bowler": "L Phiri",
              "non_striker": "Murshida Khatun",
              "runs": {
                "batter": 0,
                "extras": 0,
                "total": 0
              }
            },
            {
              "batter": "Nigar Sultana",
              "bowler": "L Phiri",
              "non_striker": "Murshida Khatun",
              "runs": {
                "batter": 1,
                "extras": 0,
                "total": 1
              }
            },
            {
              "batter": "Murshida Khatun",
              "bowler": "L Phiri",
              "non_striker": "Nigar Sultana",
              "runs": {
                "batter": 0,
                "extras": 0,
                "total": 0
              }
            }
          ]
        },
        {
          "over": 11,
          "deliveries": [
            {
              "batter": "Nigar Sultana",
              "bowler": "T Granger",
              "extras": {
                "wides": 1
              },
              "non_striker": "Murshida Khatun",
              "runs": {
                "batter": 0,
                "extras": 1,
                "total": 1
              }
            },
            {
              "batter": "Nigar Sultana",
              "bowler": "T Granger",
              "extras": {
                "wides": 1
              },
              "non_striker": "Murshida Khatun",
              "runs": {
                "batter": 0,
                "extras": 1,
                "total": 1
              }
            },
            {
              "batter": "Nigar Sultana",
              "bowler": "T Granger",
              "extras": {
                "wides": 1
              },
              "non_striker": "Murshida Khatun",
              "runs": {
                "batter": 0,
                "extras": 1,
                "total": 1
              }
            },
            {
              "batter": "Nigar Sultana",
              "bowler": "T Granger",
              "non_striker": "Murshida Khatun",
              "runs": {
                "batter": 0,
                "extras": 0,
                "total": 0
              }
            },
            {
              "batter": "Nigar Sultana",
              "bowler": "T Granger",
              "non_striker": "Murshida Khatun",
              "runs": {
                "batter": 0,
                "extras": 0,
                "total": 0
              }
            },
            {
              "batter": "Nigar Sultana",
              "bowler": "T Granger",
              "non_striker": "Murshida Khatun",
              "runs": {
                "batter": 0,
                "extras": 0,
                "total": 0
              }
            },
            {
              "batter": "Nigar Sultana",
              "bowler": "T Granger",
              "extras": {
                "wides": 1
              },
              "non_striker": "Murshida Khatun",
              "runs": {
                "batter": 0,
                "extras": 1,
                "total": 1
              }
            },
            {
              "batter": "Nigar Sultana",
              "bowler": "T Granger",
              "non_striker": "Murshida Khatun",
              "runs": {
                "batter": 0,
                "extras": 0,
                "total": 0
              }
            },
            {
              "batter": "Nigar Sultana",
              "bowler": "T Granger",
              "non_striker": "Murshida Khatun",
              "runs": {
                "batter": 2,
                "extras": 0,
                "total": 2
              }
            },
            {
              "batter": "Nigar Sultana",
              "bowler": "T Granger",
              "non_striker": "Murshida Khatun",
              "runs": {
                "batter": 1,
                "extras": 0,
                "total": 1
              }
            }
          ]
        },
        {
          "over": 12,
          "deliveries": [
            {
              "batter": "Nigar Sultana",
              "bowler": "L Phiri",
              "non_striker": "Murshida Khatun",
              "runs": {
                "batter": 0,
                "extras": 0,
                "total": 0
              }
            },
            {
              "batter": "Nigar Sultana",
              "bowler": "L Phiri",
              "non_striker": "Murshida Khatun",
              "runs": {
                "batter": 0,
                "extras": 0,
                "total": 0
              }
            },
            {
              "batter": "Nigar Sultana",
              "bowler": "L Phiri",
              "non_striker": "Murshida Khatun",
              "runs": {
                "batter": 0,
                "extras": 0,
                "total": 0
              }
            },
            {
              "batter": "Nigar Sultana",
              "bowler": "L Phiri",
              "non_striker": "Murshida Khatun",
              "runs": {
                "batter": 0,
                "extras": 0,
                "total": 0
              }
            },
            {
              "batter": "Nigar Sultana",
              "bowler": "L Phiri",
              "non_striker": "Murshida Khatun",
              "runs": {
                "batter": 4,
                "extras": 0,
                "total": 4
              }
            },
            {
              "batter": "Nigar Sultana",
              "bowler": "L Phiri",
              "non_striker": "Murshida Khatun",
              "runs": {
                "batter": 1,
                "extras": 0,
                "total": 1
              }
            }
          ]
        },
        {
          "over": 13,
          "deliveries": [
            {
              "batter": "Nigar Sultana",
              "bowler": "T Granger",
              "non_striker": "Murshida Khatun",
              "runs": {
                "batter": 1,
                "extras": 0,
                "total": 1
              }
            },
            {
              "batter": "Murshida Khatun",
              "bowler": "T Granger",
              "non_striker": "Nigar Sultana",
              "runs": {
                "batter": 0,
                "extras": 0,
                "total": 0
              }
            },
            {
              "batter": "Murshida Khatun",
              "bowler": "T Granger",
              "non_striker": "Nigar Sultana",
              "runs": {
                "batter": 0,
                "extras": 0,
                "total": 0
              }
            },
            {
              "batter": "Murshida Khatun",
              "bowler": "T Granger",
              "non_striker": "Nigar Sultana",
              "runs": {
                "batter": 4,
                "extras": 0,
                "total": 4
              }
            },
            {
              "batter": "Murshida Khatun",
              "bowler": "T Granger",
              "non_striker": "Nigar Sultana",
              "runs": {
                "batter": 2,
                "extras": 0,
                "total": 2
              }
            },
            {
              "batter": "Murshida Khatun",
              "bowler": "T Granger",
              "extras": {
                "wides": 1
              },
              "non_striker": "Nigar Sultana",
              "runs": {
                "batter": 0,
                "extras": 1,
                "total": 1
              }
            },
            {
              "batter": "Murshida Khatun",
              "bowler": "T Granger",
              "non_striker": "Nigar Sultana",
              "runs": {
                "batter": 0,
                "extras": 0,
                "total": 0
              }
            }
          ]
        },
        {
          "over": 14,
          "deliveries": [
            {
              "batter": "Nigar Sultana",
              "bowler": "E Mbofana",
              "non_striker": "Murshida Khatun",
              "runs": {
                "batter": 1,
                "extras": 0,
                "total": 1
              }
            },
            {
              "batter": "Murshida Khatun",
              "bowler": "E Mbofana",
              "extras": {
                "wides": 1
              },
              "non_striker": "Nigar Sultana",
              "runs": {
                "batter": 0,
                "extras": 1,
                "total": 1
              }
            },
            {
              "batter": "Murshida Khatun",
              "bowler": "E Mbofana",
              "extras": {
                "wides": 1
              },
              "non_striker": "Nigar Sultana",
              "runs": {
                "batter": 0,
                "extras": 1,
                "total": 1
              }
            },
            {
              "batter": "Murshida Khatun",
              "bowler": "E Mbofana",
              "extras": {
                "wides": 1
              },
              "non_striker": "Nigar Sultana",
              "runs": {
                "batter": 0,
                "extras": 1,
                "total": 1
              }
            },
            {
              "batter": "Murshida Khatun",
              "bowler": "E Mbofana",
              "non_striker": "Nigar Sultana",
              "runs": {
                "batter": 0,
                "extras": 0,
                "total": 0
              }
            },
            {
              "batter": "Murshida Khatun",
              "bowler": "E Mbofana",
              "non_striker": "Nigar Sultana",
              "runs": {
                "batter": 1,
                "extras": 0,
                "total": 1
              }
            },
            {
              "batter": "Nigar Sultana",
              "bowler": "E Mbofana",
              "non_striker": "Murshida Khatun",
              "runs": {
                "batter": 0,
                "extras": 0,
                "total": 0
              },
              "wickets": [
                {
                  "player_out": "Nigar Sultana",
                  "kind": "lbw"
                }
              ]
            },
            {
              "batter": "S Mostary",
              "bowler": "E Mbofana",
              "non_striker": "Murshida Khatun",
              "runs": {
                "batter": 0,
                "extras": 0,
                "total": 0
              }
            },
            {
              "batter": "S Mostary",
              "bowler": "E Mbofana",
              "non_striker": "Murshida Khatun",
              "runs": {
                "batter": 0,
                "extras": 0,
                "total": 0
              }
            }
          ]
        },
        {
          "over": 15,
          "deliveries": [
            {
              "batter": "Murshida Khatun",
              "bowler": "N Sibanda",
              "non_striker": "S Mostary",
              "runs": {
                "batter": 0,
                "extras": 0,
                "total": 0
              }
            },
            {
              "batter": "Murshida Khatun",
              "bowler": "N Sibanda",
              "non_striker": "S Mostary",
              "runs": {
                "batter": 2,
                "extras": 0,
                "total": 2
              }
            },
            {
              "batter": "Murshida Khatun",
              "bowler": "N Sibanda",
              "non_striker": "S Mostary",
              "runs": {
                "batter": 0,
                "extras": 0,
                "total": 0
              }
            },
            {
              "batter": "Murshida Khatun",
              "bowler": "N Sibanda",
              "extras": {
                "wides": 1
              },
              "non_striker": "S Mostary",
              "runs": {
                "batter": 0,
                "extras": 1,
                "total": 1
              }
            },
            {
              "batter": "Murshida Khatun",
              "bowler": "N Sibanda",
              "non_striker": "S Mostary",
              "runs": {
                "batter": 0,
                "extras": 0,
                "total": 0
              }
            },
            {
              "batter": "Murshida Khatun",
              "bowler": "N Sibanda",
              "non_striker": "S Mostary",
              "runs": {
                "batter": 1,
                "extras": 0,
                "total": 1
              }
            },
            {
              "batter": "S Mostary",
              "bowler": "N Sibanda",
              "non_striker": "Murshida Khatun",
              "runs": {
                "batter": 1,
                "extras": 0,
                "total": 1
              }
            }
          ]
        },
        {
          "over": 16,
          "deliveries": [
            {
              "batter": "S Mostary",
              "bowler": "F Chipare",
              "non_striker": "Murshida Khatun",
              "runs": {
                "batter": 0,
                "extras": 0,
                "total": 0
              }
            },
            {
              "batter": "S Mostary",
              "bowler": "F Chipare",
              "non_striker": "Murshida Khatun",
              "runs": {
                "batter": 0,
                "extras": 0,
                "total": 0
              }
            },
            {
              "batter": "S Mostary",
              "bowler": "F Chipare",
              "non_striker": "Murshida Khatun",
              "runs": {
                "batter": 0,
                "extras": 0,
                "total": 0
              }
            },
            {
              "batter": "S Mostary",
              "bowler": "F Chipare",
              "non_striker": "Murshida Khatun",
              "runs": {
                "batter": 0,
                "extras": 0,
                "total": 0
              }
            },
            {
              "batter": "S Mostary",
              "bowler": "F Chipare",
              "non_striker": "Murshida Khatun",
              "runs": {
                "batter": 0,
                "extras": 0,
                "total": 0
              }
            },
            {
              "batter": "S Mostary",
              "bowler": "F Chipare",
              "non_striker": "Murshida Khatun",
              "runs": {
                "batter": 0,
                "extras": 0,
                "total": 0
              }
            }
          ]
        },
        {
          "over": 17,
          "deliveries": [
            {
              "batter": "Murshida Khatun",
              "bowler": "N Sibanda",
              "non_striker": "S Mostary",
              "runs": {
                "batter": 0,
                "extras": 0,
                "total": 0
              }
            },
            {
              "batter": "Murshida Khatun",
              "bowler": "N Sibanda",
              "non_striker": "S Mostary",
              "runs": {
                "batter": 1,
                "extras": 0,
                "total": 1
              }
            },
            {
              "batter": "S Mostary",
              "bowler": "N Sibanda",
              "non_striker": "Murshida Khatun",
              "runs": {
                "batter": 0,
                "extras": 0,
                "total": 0
              },
              "wickets": [
                {
                  "player_out": "S Mostary",
                  "kind": "lbw"
                }
              ]
            },
            {
              "batter": "Fargana Hoque",
              "bowler": "N Sibanda",
              "non_striker": "Murshida Khatun",
              "runs": {
                "batter": 0,
                "extras": 0,
                "total": 0
              }
            },
            {
              "batter": "Fargana Hoque",
              "bowler": "N Sibanda",
              "non_striker": "Murshida Khatun",
              "runs": {
                "batter": 0,
                "extras": 0,
                "total": 0
              }
            },
            {
              "batter": "Fargana Hoque",
              "bowler": "N Sibanda",
              "non_striker": "Murshida Khatun",
              "runs": {
                "batter": 0,
                "extras": 0,
                "total": 0
              }
            }
          ]
        },
        {
          "over": 18,
          "deliveries": [
            {
              "batter": "Murshida Khatun",
              "bowler": "F Chipare",
              "non_striker": "Fargana Hoque",
              "runs": {
                "batter": 0,
                "extras": 0,
                "total": 0
              }
            },
            {
              "batter": "Murshida Khatun",
              "bowler": "F Chipare",
              "non_striker": "Fargana Hoque",
              "runs": {
                "batter": 4,
                "extras": 0,
                "total": 4
              }
            }
          ]
        }
      ],
      "powerplays": [
        {
          "from": 0.1,
          "to": 9.6,
          "type": "mandatory"
        }
      ],
      "target": {
        "overs": 50,
        "runs": 73
      }
    }
  ]
}