{
  "meta": {
    "data_version": "1.1.0",
    "created": "2022-06-12",
    "revision": 1
  },
  "info": {
    "balls_per_over": 6,
    "city": "Dublin",
    "dates": [
      "2022-06-11"
    ],
    "event": {
      "name": "South Africa Women tour of Ireland",
      "match_number": 1
    },
    "gender": "female",
    "match_type": "ODI",
    "match_type_number": 1278,
    "officials": {
      "match_referees": [
        "G McCrea"
      ],
      "reserve_umpires": [
        "AA Baig"
      ],
      "umpires": [
        "Jonathan Kennedy",
        "PA Reynolds"
      ]
    },
    "outcome": {
      "winner": "South Africa",
      "by": {
        "wickets": 9
      }
    },
    "overs": 50,
    "player_of_match": [
      "S Ismail"
    ],
    "players": {
      "Ireland": [
        "L Paul",
        "GH Lewis",
        "Rachel Delaney",
        "MV Waldron",
        "SM Kavanagh",
        "S MacMahon",
        "AN Kelly",
        "S Forbes",
        "G Dempsey",
        "J Maguire",
        "C Murray"
      ],
      "South Africa": [
        "L Wolvaardt",
        "A Steyn",
        "L Goodall",
        "CL Tryon",
        "S Luus",
        "N de Klerk",
        "A Khaka",
        "S Ismail",
        "R Ntozakhe",
        "D Tucker",
        "T Chetty"
      ]
    },
    "registry": {
      "people": {
        "A Khaka": "0d518f89",
        "A Steyn": "14baca9f",
        "AA Baig": "5c67c7a6",
        "AN Kelly": "397369e0",
        "C Murray": "5a50471c",
        "CL Tryon": "4d4605e6",
        "D Tucker": "2b425403",
        "G Dempsey": "940feccc",
        "G McCrea": "46f4a901",
        "GH Lewis": "1b9d1579",
        "J Maguire": "1b1c23bb",
        "Jonathan Kennedy": "f7ad4494",
        "L Goodall": "0bb32e98",
        "L Paul": "07248d8e",
        "L Wolvaardt": "e60f81c9",
        "MV Waldron": "2e4f11e9",
        "N de Klerk": "ea544967",
        "PA Reynolds": "a416c9c3",
        "R Ntozakhe": "94b30fa5",
        "Rachel Delaney": "d284ef29",
        "S Forbes": "5ecfab18",
        "S Ismail": "108c4c09",
        "S Luus": "6d76bc23",
        "S MacMahon": "ef2bcebf",
        "SM Kavanagh": "7e9b3b60",
        "T Chetty": "53a5767d"
      }
    },
    "season": "2022",
    "team_type": "international",
    "teams": [
      "Ireland",
      "South Africa"
    ],
    "toss": {
      "decision": "bat",
      "winner": "Ireland"
    },
    "venue": "Castle Avenue, Dublin"
  },
  "innings": [
    {
      "team": "Ireland",
      "overs": [
        {
          "over": 0,
          "deliveries": [
            {
              "batter": "L Paul",
              "bowler": "S Ismail",
              "non_striker": "GH Lewis",
              "runs": {
                "batter": 0,
                "extras": 0,
                "total": 0
              }
            },
            {
              "batter": "L Paul",
              "bowler": "S Ismail",
              "non_striker": "GH Lewis",
              "runs": {
                "batter": 0,
                "extras": 0,
                "total": 0
              }
            },
            {
              "batter": "L Paul",
              "bowler": "S Ismail",
              "non_striker": "GH Lewis",
              "runs": {
                "batter": 0,
                "extras": 0,
                "total": 0
              }
            },
            {
              "batter": "L Paul",
              "bowler": "S Ismail",
              "non_striker": "GH Lewis",
              "runs": {
                "batter": 0,
                "extras": 0,
                "total": 0
              }
            },
            {
              "batter": "L Paul",
              "bowler": "S Ismail",
              "non_striker": "GH Lewis",
              "runs": {
                "batter": 1,
                "extras": 0,
                "total": 1
              }
            },
            {
              "batter": "GH Lewis",
              "bowler": "S Ismail",
              "non_striker": "L Paul",
              "runs": {
                "batter": 0,
                "extras": 0,
                "total": 0
              }
            }
          ]
        },
        {
          "over": 1,
          "deliveries": [
            {
              "batter": "L Paul",
              "bowler": "A Khaka",
              "non_striker": "GH Lewis",
              "runs": {
                "batter": 0,
                "extras": 0,
                "total": 0
              }
            },
            {
              "batter": "L Paul",
              "bowler": "A Khaka",
              "non_striker": "GH Lewis",
              "runs": {
                "batter": 0,
                "extras": 0,
                "total": 0
              }
            },
            {
              "batter": "L Paul",
              "bowler": "A Khaka",
              "non_striker": "GH Lewis",
              "runs": {
                "batter": 0,
                "extras": 0,
                "total": 0
              }
            },
            {
              "batter": "L Paul",
              "bowler": "A Khaka",
              "non_striker": "GH Lewis",
              "runs": {
                "batter": 0,
                "extras": 0,
                "total": 0
              }
            },
            {
              "batter": "L Paul",
              "bowler": "A Khaka",
              "extras": {
                "legbyes": 1
              },
              "non_striker": "GH Lewis",
              "runs": {
                "batter": 0,
                "extras": 1,
                "total": 1
              }
            },
            {
              "batter": "GH Lewis",
              "bowler": "A Khaka",
              "non_striker": "L Paul",
              "runs": {
                "batter": 0,
                "extras": 0,
                "total": 0
              }
            }
          ]
        },
        {
          "over": 2,
          "deliveries": [
            {
              "batter": "L Paul",
              "bowler": "S Ismail",
              "non_striker": "GH Lewis",
              "runs": {
                "batter": 0,
                "extras": 0,
                "total": 0
              }
            },
            {
              "batter": "L Paul",
              "bowler": "S Ismail",
              "non_striker": "GH Lewis",
              "runs": {
                "batter": 0,
                "extras": 0,
                "total": 0
              }
            },
            {
              "batter": "L Paul",
              "bowler": "S Ismail",
              "non_striker": "GH Lewis",
              "runs": {
                "batter": 1,
                "extras": 0,
                "total": 1
              }
            },
            {
              "batter": "GH Lewis",
              "bowler": "S Ismail",
              "non_striker": "L Paul",
              "runs": {
                "batter": 0,
                "extras": 0,
                "total": 0
              }
            },
            {
              "batter": "GH Lewis",
              "bowler": "S Ismail",
              "non_striker": "L Paul",
              "runs": {
                "batter": 0,
                "extras": 0,
                "total": 0
              }
            },
            {
              "batter": "GH Lewis",
              "bowler": "S Ismail",
              "non_striker": "L Paul",
              "runs": {
                "batter": 0,
                "extras": 0,
                "total": 0
              }
            }
          ]
        },
        {
          "over": 3,
          "deliveries": [
            {
              "batter": "L Paul",
              "bowler": "A Khaka",
              "non_striker": "GH Lewis",
              "runs": {
                "batter": 0,
                "extras": 0,
                "total": 0
              }
            },
            {
              "batter": "L Paul",
              "bowler": "A Khaka",
              "non_striker": "GH Lewis",
              "runs": {
                "batter": 0,
                "extras": 0,
                "total": 0
              }
            },
            {
              "batter": "L Paul",
              "bowler": "A Khaka",
              "non_striker": "GH Lewis",
              "runs": {
                "batter": 0,
                "extras": 0,
                "total": 0
              }
            },
            {
              "batter": "L Paul",
              "bowler": "A Khaka",
              "non_striker": "GH Lewis",
              "runs": {
                "batter": 0,
                "extras": 0,
                "total": 0
              }
            },
            {
              "batter": "L Paul",
              "bowler": "A Khaka",
              "non_striker": "GH Lewis",
              "runs": {
                "batter": 0,
                "extras": 0,
                "total": 0
              }
            },
            {
              "batter": "L Paul",
              "bowler": "A Khaka",
              "non_striker": "GH Lewis",
              "runs": {
                "batter": 0,
                "extras": 0,
                "total": 0
              }
            }
          ]
        },
        {
          "over": 4,
          "deliveries": [
            {
              "batter": "GH Lewis",
              "bowler": "S Ismail",
              "non_striker": "L Paul",
              "runs": {
                "batter": 0,
                "extras": 0,
                "total": 0
              }
            },
            {
              "batter": "GH Lewis",
              "bowler": "S Ismail",
              "non_striker": "L Paul",
              "runs": {
                "batter": 0,
                "extras": 0,
                "total": 0
              }
            },
            {
              "batter": "GH Lewis",
              "bowler": "S Ismail",
              "non_striker": "L Paul",
              "runs": {
                "batter": 0,
                "extras": 0,
                "total": 0
              }
            },
            {
              "batter": "GH Lewis",
              "bowler": "S Ismail",
              "non_striker": "L Paul",
              "runs": {
                "batter": 0,
                "extras": 0,
                "total": 0
              },
              "wickets": [
                {
                  "player_out": "GH Lewis",
                  "kind": "caught and bowled"
                }
              ]
            },
            {
              "batter": "Rachel Delaney",
              "bowler": "S Ismail",
              "non_striker": "L Paul",
              "runs": {
                "batter": 0,
                "extras": 0,
                "total": 0
              }
            },
            {
              "batter": "Rachel Delaney",
              "bowler": "S Ismail",
              "non_striker": "L Paul",
              "runs": {
                "batter": 0,
                "extras": 0,
                "total": 0
              }
            }
          ]
        },
        {
          "over": 5,
          "deliveries": [
            {
              "batter": "L Paul",
              "bowler": "A Khaka",
              "non_striker": "Rachel Delaney",
              "runs": {
                "batter": 0,
                "extras": 0,
                "total": 0
              },
              "wickets": [
                {
                  "player_out": "L Paul",
                  "fielders": [
                    {
                      "name": "A Steyn"
                    }
                  ],
                  "kind": "caught"
                }
              ]
            },
            {
              "batter": "MV Waldron",
              "bowler": "A Khaka",
              "non_striker": "Rachel Delaney",
              "runs": {
                "batter": 0,
                "extras": 0,
                "total": 0
              }
            },
            {
              "batter": "MV Waldron",
              "bowler": "A Khaka",
              "non_striker": "Rachel Delaney",
              "runs": {
                "batter": 0,
                "extras": 0,
                "total": 0
              }
            },
            {
              "batter": "MV Waldron",
              "bowler": "A Khaka",
              "extras": {
                "wides": 1
              },
              "non_striker": "Rachel Delaney",
              "runs": {
                "batter": 0,
                "extras": 1,
                "total": 1
              }
            },
            {
              "batter": "MV Waldron",
              "bowler": "A Khaka",
              "non_striker": "Rachel Delaney",
              "runs": {
                "batter": 0,
                "extras": 0,
                "total": 0
              }
            },
            {
              "batter": "MV Waldron",
              "bowler": "A Khaka",
              "non_striker": "Rachel Delaney",
              "runs": {
                "batter": 0,
                "extras": 0,
                "total": 0
              }
            },
            {
              "batter": "MV Waldron",
              "bowler": "A Khaka",
              "non_striker": "Rachel Delaney",
              "runs": {
                "batter": 0,
                "extras": 0,
                "total": 0
              }
            }
          ]
        },
        {
          "over": 6,
          "deliveries": [
            {
              "batter": "Rachel Delaney",
              "bowler": "S Ismail",
              "non_striker": "MV Waldron",
              "runs": {
                "batter": 0,
                "extras": 0,
                "total": 0
              },
              "wickets": [
                {
                  "player_out": "Rachel Delaney",
                  "kind": "bowled"
                }
              ]
            },
            {
              "batter": "SM Kavanagh",
              "bowler": "S Ismail",
              "non_striker": "MV Waldron",
              "runs": {
                "batter": 0,
                "extras": 0,
                "total": 0
              }
            },
            {
              "batter": "SM Kavanagh",
              "bowler": "S Ismail",
              "non_striker": "MV Waldron",
              "runs": {
                "batter": 0,
                "extras": 0,
                "total": 0
              }
            },
            {
              "batter": "SM Kavanagh",
              "bowler": "S Ismail",
              "non_striker": "MV Waldron",
              "runs": {
                "batter": 0,
                "extras": 0,
                "total": 0
              }
            },
            {
              "batter": "SM Kavanagh",
              "bowler": "S Ismail",
              "non_striker": "MV Waldron",
              "runs": {
                "batter": 0,
                "extras": 0,
                "total": 0
              }
            },
            {
              "batter": "SM Kavanagh",
              "bowler": "S Ismail",
              "non_striker": "MV Waldron",
              "runs": {
                "batter": 0,
                "extras": 0,
                "total": 0
              }
            }
          ]
        },
        {
          "over": 7,
          "deliveries": [
            {
              "batter": "MV Waldron",
              "bowler": "N de Klerk",
              "non_striker": "SM Kavanagh",
              "runs": {
                "batter": 1,
                "extras": 0,
                "total": 1
              }
            },
            {
              "batter": "SM Kavanagh",
              "bowler": "N de Klerk",
              "non_striker": "MV Waldron",
              "runs": {
                "batter": 2,
                "extras": 0,
                "total": 2
              }
            },
            {
              "batter": "SM Kavanagh",
              "bowler": "N de Klerk",
              "extras": {
                "legbyes": 1
              },
              "non_striker": "MV Waldron",
              "runs": {
                "batter": 0,
                "extras": 1,
                "total": 1
              }
            },
            {
              "batter": "MV Waldron",
              "bowler": "N de Klerk",
              "non_striker": "SM Kavanagh",
              "runs": {
                "batter": 0,
                "extras": 0,
                "total": 0
              }
            },
            {
              "batter": "MV Waldron",
              "bowler": "N de Klerk",
              "non_striker": "SM Kavanagh",
              "runs": {
                "batter": 4,
                "extras": 0,
                "total": 4
              }
            },
            {
              "batter": "MV Waldron",
              "bowler": "N de Klerk",
              "non_striker": "SM Kavanagh",
              "runs": {
                "batter": 0,
                "extras": 0,
                "total": 0
              }
            }
          ]
        },
        {
          "over": 8,
          "deliveries": [
            {
              "batter": "SM Kavanagh",
              "bowler": "S Ismail",
              "non_striker": "MV Waldron",
              "runs": {
                "batter": 1,
                "extras": 0,
                "total": 1
              }
            },
            {
              "batter": "MV Waldron",
              "bowler": "S Ismail",
              "non_striker": "SM Kavanagh",
              "runs": {
                "batter": 0,
                "extras": 0,
                "total": 0
              }
            },
            {
              "batter": "MV Waldron",
              "bowler": "S Ismail",
              "non_striker": "SM Kavanagh",
              "runs": {
                "batter": 0,
                "extras": 0,
                "total": 0
              }
            },
            {
              "batter": "MV Waldron",
              "bowler": "S Ismail",
              "non_striker": "SM Kavanagh",
              "runs": {
                "batter": 0,
                "extras": 0,
                "total": 0
              }
            },
            {
              "batter": "MV Waldron",
              "bowler": "S Ismail",
              "non_striker": "SM Kavanagh",
              "runs": {
                "batter": 0,
                "extras": 0,
                "total": 0
              }
            },
            {
              "batter": "MV Waldron",
              "bowler": "S Ismail",
              "non_striker": "SM Kavanagh",
              "runs": {
                "batter": 0,
                "extras": 0,
                "total": 0
              }
            }
          ]
        },
        {
          "over": 9,
          "deliveries": [
            {
              "batter": "SM Kavanagh",
              "bowler": "N de Klerk",
              "non_striker": "MV Waldron",
              "runs": {
                "batter": 0,
                "extras": 0,
                "total": 0
              }
            },
            {
              "batter": "SM Kavanagh",
              "bowler": "N de Klerk",
              "non_striker": "MV Waldron",
              "runs": {
                "batter": 0,
                "extras": 0,
                "total": 0
              }
            },
            {
              "batter": "SM Kavanagh",
              "bowler": "N de Klerk",
              "non_striker": "MV Waldron",
              "runs": {
                "batter": 1,
                "extras": 0,
                "total": 1
              }
            },
            {
              "batter": "MV Waldron",
              "bowler": "N de Klerk",
              "non_striker": "SM Kavanagh",
              "runs": {
                "batter": 0,
                "extras": 0,
                "total": 0
              }
            },
            {
              "batter": "MV Waldron",
              "bowler": "N de Klerk",
              "non_striker": "SM Kavanagh",
              "runs": {
                "batter": 0,
                "extras": 0,
                "total": 0
              }
            },
            {
              "batter": "MV Waldron",
              "bowler": "N de Klerk",
              "non_striker": "SM Kavanagh",
              "runs": {
                "batter": 0,
                "extras": 0,
                "total": 0
              }
            }
          ]
        },
        {
          "over": 10,
          "deliveries": [
            {
              "batter": "SM Kavanagh",
              "bowler": "A Khaka",
              "non_striker": "MV Waldron",
              "runs": {
                "batter": 0,
                "extras": 0,
                "total": 0
              }
            },
            {
              "batter": "SM Kavanagh",
              "bowler": "A Khaka",
              "non_striker": "MV Waldron",
              "runs": {
                "batter": 0,
                "extras": 0,
                "total": 0
              }
            },
            {
              "batter": "SM Kavanagh",
              "bowler": "A Khaka",
              "non_striker": "MV Waldron",
              "runs": {
                "batter": 0,
                "extras": 0,
                "total": 0
              }
            },
            {
              "batter": "SM Kavanagh",
              "bowler": "A Khaka",
              "non_striker": "MV Waldron",
              "runs": {
                "batter": 0,
                "extras": 0,
                "total": 0
              }
            },
            {
              "batter": "SM Kavanagh",
              "bowler": "A Khaka",
              "non_striker": "MV Waldron",
              "runs": {
                "batter": 0,
                "extras": 0,
                "total": 0
              }
            },
            {
              "batter": "SM Kavanagh",
              "bowler": "A Khaka",
              "non_striker": "MV Waldron",
              "runs": {
                "batter": 0,
                "extras": 0,
                "total": 0
              }
            }
          ]
        },
        {
          "over": 11,
          "deliveries": [
            {
              "batter": "MV Waldron",
              "bowler": "N de Klerk",
              "non_striker": "SM Kavanagh",
              "runs": {
                "batter": 0,
                "extras": 0,
                "total": 0
              },
              "wickets": [
                {
                  "player_out": "MV Waldron",
                  "kind": "lbw"
                }
              ]
            },
            {
              "batter": "S MacMahon",
              "bowler": "N de Klerk",
              "non_striker": "SM Kavanagh",
              "runs": {
                "batter": 0,
                "extras": 0,
                "total": 0
              }
            },
            {
              "batter": "S MacMahon",
              "bowler": "N de Klerk",
              "non_striker": "SM Kavanagh",
              "runs": {
                "batter": 0,
                "extras": 0,
                "total": 0
              }
            },
            {
              "batter": "S MacMahon",
              "bowler": "N de Klerk",
              "non_striker": "SM Kavanagh",
              "runs": {
                "batter": 0,
                "extras": 0,
                "total": 0
              }
            },
            {
              "batter": "S MacMahon",
              "bowler": "N de Klerk",
              "non_striker": "SM Kavanagh",
              "runs": {
                "batter": 1,
                "extras": 0,
                "total": 1
              }
            },
            {
              "batter": "SM Kavanagh",
              "bowler": "N de Klerk",
              "non_striker": "S MacMahon",
              "runs": {
                "batter": 0,
                "extras": 0,
                "total": 0
              }
            }
          ]
        },
        {
          "over": 12,
          "deliveries": [
            {
              "batter": "S MacMahon",
              "bowler": "A Khaka",
              "non_striker": "SM Kavanagh",
              "runs": {
                "batter": 0,
                "extras": 0,
                "total": 0
              }
            },
            {
              "batter": "S MacMahon",
              "bowler": "A Khaka",
              "non_striker": "SM Kavanagh",
              "runs": {
                "batter": 0,
                "extras": 0,
                "total": 0
              }
            },
            {
              "batter": "S MacMahon",
              "bowler": "A Khaka",
              "non_striker": "SM Kavanagh",
              "runs": {
                "batter": 1,
                "extras": 0,
                "total": 1
              }
            },
            {
              "batter": "SM Kavanagh",
              "bowler": "A Khaka",
              "non_striker": "S MacMahon",
              "runs": {
                "batter": 4,
                "extras": 0,
                "total": 4
              }
            },
            {
              "batter": "SM Kavanagh",
              "bowler": "A Khaka",
              "non_striker": "S MacMahon",
              "runs": {
                "batter": 0,
                "extras": 0,
                "total": 0
              }
            },
            {
              "batter": "SM Kavanagh",
              "bowler": "A Khaka",
              "non_striker": "S MacMahon",
              "runs": {
                "batter": 0,
                "extras": 0,
                "total": 0
              }
            }
          ]
        },
        {
          "over": 13,
          "deliveries": [
            {
              "batter": "S MacMahon",
              "bowler": "N de Klerk",
              "non_striker": "SM Kavanagh",
              "runs": {
                "batter": 0,
                "extras": 0,
                "total": 0
              }
            },
            {
              "batter": "S MacMahon",
              "bowler": "N de Klerk",
              "non_striker": "SM Kavanagh",
              "runs": {
                "batter": 0,
                "extras": 0,
                "total": 0
              }
            },
            {
              "batter": "S MacMahon",
              "bowler": "N de Klerk",
              "non_striker": "SM Kavanagh",
              "runs": {
                "batter": 0,
                "extras": 0,
                "total": 0
              }
            },
            {
              "batter": "S MacMahon",
              "bowler": "N de Klerk",
              "non_striker": "SM Kavanagh",
              "runs": {
                "batter": 1,
                "extras": 0,
                "total": 1
              }
            },
            {
              "batter": "SM Kavanagh",
              "bowler": "N de Klerk",
              "non_striker": "S MacMahon",
              "runs": {
                "batter": 0,
                "extras": 0,
                "total": 0
              }
            },
            {
              "batter": "SM Kavanagh",
              "bowler": "N de Klerk",
              "non_striker": "S MacMahon",
              "runs": {
                "batter": 0,
                "extras": 0,
                "total": 0
              }
            }
          ]
        },
        {
          "over": 14,
          "deliveries": [
            {
              "batter": "S MacMahon",
              "bowler": "S Luus",
              "non_striker": "SM Kavanagh",
              "runs": {
                "batter": 1,
                "extras": 0,
                "total": 1
              }
            },
            {
              "batter": "SM Kavanagh",
              "bowler": "S Luus",
              "non_striker": "S MacMahon",
              "runs": {
                "batter": 0,
                "extras": 0,
                "total": 0
              }
            },
            {
              "batter": "SM Kavanagh",
              "bowler": "S Luus",
              "non_striker": "S MacMahon",
              "runs": {
                "batter": 0,
                "extras": 0,
                "total": 0
              }
            },
            {
              "batter": "SM Kavanagh",
              "bowler": "S Luus",
              "non_striker": "S MacMahon",
              "runs": {
                "batter": 0,
                "extras": 0,
                "total": 0
              }
            },
            {
              "batter": "SM Kavanagh",
              "bowler": "S Luus",
              "non_striker": "S MacMahon",
              "runs": {
                "batter": 0,
                "extras": 0,
                "total": 0
              }
            },
            {
              "batter": "SM Kavanagh",
              "bowler": "S Luus",
              "non_striker": "S MacMahon",
              "runs": {
                "batter": 1,
                "extras": 0,
                "total": 1
              }
            }
          ]
        },
        {
          "over": 15,
          "deliveries": [
            {
              "batter": "SM Kavanagh",
              "bowler": "N de Klerk",
              "non_striker": "S MacMahon",
              "runs": {
                "batter": 0,
                "extras": 0,
                "total": 0
              }
            },
            {
              "batter": "SM Kavanagh",
              "bowler": "N de Klerk",
              "non_striker": "S MacMahon",
              "runs": {
                "batter": 0,
                "extras": 0,
                "total": 0
              }
            },
            {
              "batter": "SM Kavanagh",
              "bowler": "N de Klerk",
              "non_striker": "S MacMahon",
              "runs": {
                "batter": 0,
                "extras": 0,
                "total": 0
              }
            },
            {
              "batter": "SM Kavanagh",
              "bowler": "N de Klerk",
              "non_striker": "S MacMahon",
              "runs": {
                "batter": 0,
                "extras": 0,
                "total": 0
              }
            },
            {
              "batter": "SM Kavanagh",
              "bowler": "N de Klerk",
              "non_striker": "S MacMahon",
              "runs": {
                "batter": 1,
                "extras": 0,
                "total": 1
              }
            },
            {
              "batter": "S MacMahon",
              "bowler": "N de Klerk",
              "non_striker": "SM Kavanagh",
              "runs": {
                "batter": 1,
                "extras": 0,
                "total": 1
              }
            }
          ]
        },
        {
          "over": 16,
          "deliveries": [
            {
              "batter": "S MacMahon",
              "bowler": "S Luus",
              "non_striker": "SM Kavanagh",
              "runs": {
                "batter": 0,
                "extras": 0,
                "total": 0
              }
            },
            {
              "batter": "S MacMahon",
              "bowler": "S Luus",
              "non_striker": "SM Kavanagh",
              "runs": {
                "batter": 1,
                "extras": 0,
                "total": 1
              }
            },
            {
              "batter": "SM Kavanagh",
              "bowler": "S Luus",
              "non_striker": "S MacMahon",
              "runs": {
                "batter": 1,
                "extras": 0,
                "total": 1
              }
            },
            {
              "batter": "S MacMahon",
              "bowler": "S Luus",
              "extras": {
                "legbyes": 1
              },
              "non_striker": "SM Kavanagh",
              "runs": {
                "batter": 0,
                "extras": 1,
                "total": 1
              }
            },
            {
              "batter": "SM Kavanagh",
              "bowler": "S Luus",
              "non_striker": "S MacMahon",
              "runs": {
                "batter": 3,
                "extras": 0,
                "total": 3
              }
            },
            {
              "batter": "S MacMahon",
              "bowler": "S Luus",
              "non_striker": "SM Kavanagh",
              "runs": {
                "batter": 0,
                "extras": 0,
                "total": 0
              }
            }
          ]
        },
        {
          "over": 17,
          "deliveries": [
            {
              "batter": "SM Kavanagh",
              "bowler": "R Ntozakhe",
              "non_striker": "S MacMahon",
              "runs": {
                "batter": 1,
                "extras": 0,
                "total": 1
              }
            },
            {
              "batter": "S MacMahon",
              "bowler": "R Ntozakhe",
              "non_striker": "SM Kavanagh",
              "runs": {
                "batter": 2,
                "extras": 0,
                "total": 2
              }
            },
            {
              "batter": "S MacMahon",
              "bowler": "R Ntozakhe",
              "non_striker": "SM Kavanagh",
              "runs": {
                "batter": 1,
                "extras": 0,
                "total": 1
              }
            },
            {
              "batter": "SM Kavanagh",
              "bowler": "R Ntozakhe",
              "non_striker": "S MacMahon",
              "runs": {
                "batter": 0,
                "extras": 0,
                "total": 0
              }
            },
            {
              "batter": "SM Kavanagh",
              "bowler": "R Ntozakhe",
              "non_striker": "S MacMahon",
              "runs": {
                "batter": 0,
                "extras": 0,
                "total": 0
              },
              "wickets": [
                {
                  "player_out": "SM Kavanagh",
                  "fielders": [
                    {
                      "name": "A Khaka"
                    }
                  ],
                  "kind": "caught"
                }
              ]
            },
            {
              "batter": "AN Kelly",
              "bowler": "R Ntozakhe",
              "non_striker": "S MacMahon",
              "runs": {
                "batter": 0,
                "extras": 0,
                "total": 0
              }
            }
          ]
        },
        {
          "over": 18,
          "deliveries": [
            {
              "batter": "S MacMahon",
              "bowler": "S Luus",
              "non_striker": "AN Kelly",
              "runs": {
                "batter": 2,
                "extras": 0,
                "total": 2
              }
            },
            {
              "batter": "S MacMahon",
              "bowler": "S Luus",
              "non_striker": "AN Kelly",
              "runs": {
                "batter": 1,
                "extras": 0,
                "total": 1
              }
            },
            {
              "batter": "AN Kelly",
              "bowler": "S Luus",
              "non_striker": "S MacMahon",
              "runs": {
                "batter": 0,
                "extras": 0,
                "total": 0
              }
            },
            {
              "batter": "AN Kelly",
              "bowler": "S Luus",
              "non_striker": "S MacMahon",
              "runs": {
                "batter": 0,
                "extras": 0,
                "total": 0
              }
            },
            {
              "batter": "AN Kelly",
              "bowler": "S Luus",
              "non_striker": "S MacMahon",
              "runs": {
                "batter": 0,
                "extras": 0,
                "total": 0
              }
            },
            {
              "batter": "AN Kelly",
              "bowler": "S Luus",
              "non_striker": "S MacMahon",
              "runs": {
                "batter": 0,
                "extras": 0,
                "total": 0
              }
            }
          ]
        },
        {
          "over": 19,
          "deliveries": [
            {
              "batter": "S MacMahon",
              "bowler": "R Ntozakhe",
              "non_striker": "AN Kelly",
              "runs": {
                "batter": 0,
                "extras": 0,
                "total": 0
              }
            },
            {
              "batter": "S MacMahon",
              "bowler": "R Ntozakhe",
              "non_striker": "AN Kelly",
              "runs": {
                "batter": 1,
                "extras": 0,
                "total": 1
              }
            },
            {
              "batter": "AN Kelly",
              "bowler": "R Ntozakhe",
              "non_striker": "S MacMahon",
              "runs": {
                "batter": 0,
                "extras": 0,
                "total": 0
              }
            },
            {
              "batter": "AN Kelly",
              "bowler": "R Ntozakhe",
              "non_striker": "S MacMahon",
              "runs": {
                "batter": 0,
                "extras": 0,
                "total": 0
              }
            },
            {
              "batter": "AN Kelly",
              "bowler": "R Ntozakhe",
              "non_striker": "S MacMahon",
              "runs": {
                "batter": 4,
                "extras": 0,
                "total": 4
              }
            },
            {
              "batter": "AN Kelly",
              "bowler": "R Ntozakhe",
              "non_striker": "S MacMahon",
              "runs": {
                "batter": 0,
                "extras": 0,
                "total": 0
              }
            }
          ]
        },
        {
          "over": 20,
          "deliveries": [
            {
              "batter": "S MacMahon",
              "bowler": "S Luus",
              "non_striker": "AN Kelly",
              "runs": {
                "batter": 0,
                "extras": 0,
                "total": 0
              },
              "wickets": [
                {
                  "player_out": "S MacMahon",
                  "fielders": [
                    {
                      "name": "A Khaka"
                    }
                  ],
                  "kind": "caught"
                }
              ]
            },
            {
              "batter": "AN Kelly",
              "bowler": "S Luus",
              "extras": {
                "legbyes": 1
              },
              "non_striker": "S Forbes",
              "runs": {
                "batter": 0,
                "extras": 1,
                "total": 1
              }
            },
            {
              "batter": "S Forbes",
              "bowler": "S Luus",
              "non_striker": "AN Kelly",
              "runs": {
                "batter": 0,
                "extras": 0,
                "total": 0
              }
            },
            {
              "batter": "S Forbes",
              "bowler": "S Luus",
              "non_striker": "AN Kelly",
              "runs": {
                "batter": 0,
                "extras": 0,
                "total": 0
              }
            },
            {
              "batter": "S Forbes",
              "bowler": "S Luus",
              "non_striker": "AN Kelly",
              "runs": {
                "batter": 0,
                "extras": 0,
                "total": 0
              },
              "wickets": [
                {
                  "player_out": "S Forbes",
                  "kind": "lbw"
                }
              ]
            },
            {
              "batter": "G Dempsey",
              "bowler": "S Luus",
              "non_striker": "AN Kelly",
              "runs": {
                "batter": 0,
                "extras": 0,
                "total": 0
              }
            }
          ]
        },
        {
          "over": 21,
          "deliveries": [
            {
              "batter": "AN Kelly",
              "bowler": "R Ntozakhe",
              "non_striker": "G Dempsey",
              "runs": {
                "batter": 1,
                "extras": 0,
                "total": 1
              }
            },
            {
              "batter": "G Dempsey",
              "bowler": "R Ntozakhe",
              "non_striker": "AN Kelly",
              "runs": {
                "batter": 0,
                "extras": 0,
                "total": 0
              }
            },
            {
              "batter": "G Dempsey",
              "bowler": "R Ntozakhe",
              "non_striker": "AN Kelly",
              "runs": {
                "batter": 0,
                "extras": 0,
                "total": 0
              }
            },
            {
              "batter": "G Dempsey",
              "bowler": "R Ntozakhe",
              "non_striker": "AN Kelly",
              "runs": {
                "batter": 1,
                "extras": 0,
                "total": 1
              }
            },
            {
              "batter": "AN Kelly",
              "bowler": "R Ntozakhe",
              "non_striker": "G Dempsey",
              "runs": {
                "batter": 0,
                "extras": 0,
                "total": 0
              }
            },
            {
              "batter": "AN Kelly",
              "bowler": "R Ntozakhe",
              "non_striker": "G Dempsey",
              "runs": {
                "batter": 1,
                "extras": 0,
                "total": 1
              }
            }
          ]
        },
        {
          "over": 22,
          "deliveries": [
            {
              "batter": "AN Kelly",
              "bowler": "S Luus",
              "non_striker": "G Dempsey",
              "runs": {
                "batter": 0,
                "extras": 0,
                "total": 0
              }
            },
            {
              "batter": "AN Kelly",
              "bowler": "S Luus",
              "non_striker": "G Dempsey",
              "runs": {
                "batter": 1,
                "extras": 0,
                "total": 1
              }
            },
            {
              "batter": "G Dempsey",
              "bowler": "S Luus",
              "non_striker": "AN Kelly",
              "runs": {
                "batter": 2,
                "extras": 0,
                "total": 2
              }
            },
            {
              "batter": "G Dempsey",
              "bowler": "S Luus",
              "non_striker": "AN Kelly",
              "runs": {
                "batter": 0,
                "extras": 0,
                "total": 0
              }
            },
            {
              "batter": "G Dempsey",
              "bowler": "S Luus",
              "non_striker": "AN Kelly",
              "runs": {
                "batter": 0,
                "extras": 0,
                "total": 0
              }
            },
            {
              "batter": "G Dempsey",
              "bowler": "S Luus",
              "non_striker": "AN Kelly",
              "runs": {
                "batter": 1,
                "extras": 0,
                "total": 1
              }
            }
          ]
        },
        {
          "over": 23,
          "deliveries": [
            {
              "batter": "G Dempsey",
              "bowler": "R Ntozakhe",
              "non_striker": "AN Kelly",
              "runs": {
                "batter": 0,
                "extras": 0,
                "total": 0
              }
            },
            {
              "batter": "G Dempsey",
              "bowler": "R Ntozakhe",
              "non_striker": "AN Kelly",
              "runs": {
                "batter": 1,
                "extras": 0,
                "total": 1
              }
            },
            {
              "batter": "AN Kelly",
              "bowler": "R Ntozakhe",
              "non_striker": "G Dempsey",
              "runs": {
                "batter": 0,
                "extras": 0,
                "total": 0
              }
            },
            {
              "batter": "AN Kelly",
              "bowler": "R Ntozakhe",
              "extras": {
                "wides": 1
              },
              "non_striker": "G Dempsey",
              "runs": {
                "batter": 0,
                "extras": 1,
                "total": 1
              }
            },
            {
              "batter": "AN Kelly",
              "bowler": "R Ntozakhe",
              "non_striker": "G Dempsey",
              "runs": {
                "batter": 0,
                "extras": 0,
                "total": 0
              }
            },
            {
              "batter": "AN Kelly",
              "bowler": "R Ntozakhe",
              "non_striker": "G Dempsey",
              "runs": {
                "batter": 1,
                "extras": 0,
                "total": 1
              }
            },
            {
              "batter": "G Dempsey",
              "bowler": "R Ntozakhe",
              "non_striker": "AN Kelly",
              "runs": {
                "batter": 0,
                "extras": 0,
                "total": 0
              }
            }
          ]
        },
        {
          "over": 24,
          "deliveries": [
            {
              "batter": "AN Kelly",
              "bowler": "S Luus",
              "non_striker": "G Dempsey",
              "runs": {
                "batter": 0,
                "extras": 0,
                "total": 0
              }
            },
            {
              "batter": "AN Kelly",
              "bowler": "S Luus",
              "non_striker": "G Dempsey",
              "runs": {
                "batter": 0,
                "extras": 0,
                "total": 0
              }
            },
            {
              "batter": "AN Kelly",
              "bowler": "S Luus",
              "non_striker": "G Dempsey",
              "runs": {
                "batter": 0,
                "extras": 0,
                "total": 0
              }
            },
            {
              "batter": "AN Kelly",
              "bowler": "S Luus",
              "non_striker": "G Dempsey",
              "runs": {
                "batter": 0,
                "extras": 0,
                "total": 0
              }
            },
            {
              "batter": "AN Kelly",
              "bowler": "S Luus",
              "non_striker": "G Dempsey",
              "runs": {
                "batter": 0,
                "extras": 0,
                "total": 0
              },
              "wickets": [
                {
                  "player_out": "AN Kelly",
                  "kind": "caught and bowled"
                }
              ]
            },
            {
              "batter": "J Maguire",
              "bowler": "S Luus",
              "non_striker": "G Dempsey",
              "runs": {
                "batter": 0,
                "extras": 0,
                "total": 0
              }
            }
          ]
        },
        {
          "over": 25,
          "deliveries": [
            {
              "batter": "G Dempsey",
              "bowler": "S Ismail",
              "non_striker": "J Maguire",
              "runs": {
                "batter": 4,
                "extras": 0,
                "total": 4
              }
            },
            {
              "batter": "G Dempsey",
              "bowler": "S Ismail",
              "non_striker": "J Maguire",
              "runs": {
                "batter": 4,
                "extras": 0,
                "total": 4
              }
            },
            {
              "batter": "G Dempsey",
              "bowler": "S Ismail",
              "non_striker": "J Maguire",
              "runs": {
                "batter": 4,
                "extras": 0,
                "total": 4
              }
            },
            {
              "batter": "G Dempsey",
              "bowler": "S Ismail",
              "non_striker": "J Maguire",
              "runs": {
                "batter": 1,
                "extras": 0,
                "total": 1
              }
            },
            {
              "batter": "J Maguire",
              "bowler": "S Ismail",
              "non_striker": "G Dempsey",
              "runs": {
                "batter": 0,
                "extras": 0,
                "total": 0
              },
              "wickets": [
                {
                  "player_out": "J Maguire",
                  "kind": "bowled"
                }
              ]
            },
            {
              "batter": "C Murray",
              "bowler": "S Ismail",
              "non_striker": "G Dempsey",
              "runs": {
                "batter": 0,
                "extras": 0,
                "total": 0
              }
            }
          ]
        },
        {
          "over": 26,
          "deliveries": [
            {
              "batter": "G Dempsey",
              "bowler": "S Luus",
              "non_striker": "C Murray",
              "runs": {
                "batter": 0,
                "extras": 0,
                "total": 0
              }
            },
            {
              "batter": "G Dempsey",
              "bowler": "S Luus",
              "non_striker": "C Murray",
              "runs": {
                "batter": 0,
                "extras": 0,
                "total": 0
              }
            },
            {
              "batter": "G Dempsey",
              "bowler": "S Luus",
              "non_striker": "C Murray",
              "runs": {
                "batter": 0,
                "extras": 0,
                "total": 0
              }
            },
            {
              "batter": "G Dempsey",
              "bowler": "S Luus",
              "non_striker": "C Murray",
              "runs": {
                "batter": 1,
                "extras": 0,
                "total": 1
              }
            },
            {
              "batter": "C Murray",
              "bowler": "S Luus",
              "non_striker": "G Dempsey",
              "runs": {
                "batter": 1,
                "extras": 0,
                "total": 1
              }
            },
            {
              "batter": "G Dempsey",
              "bowler": "S Luus",
              "non_striker": "C Murray",
              "runs": {
                "batter": 0,
                "extras": 0,
                "total": 0
              }
            }
          ]
        },
        {
          "over": 27,
          "deliveries": [
            {
              "batter": "C Murray",
              "bowler": "A Khaka",
              "non_striker": "G Dempsey",
              "runs": {
                "batter": 0,
                "extras": 0,
                "total": 0
              }
            },
            {
              "batter": "C Murray",
              "bowler": "A Khaka",
              "non_striker": "G Dempsey",
              "runs": {
                "batter": 0,
                "extras": 0,
                "total": 0
              },
              "wickets": [
                {
                  "player_out": "C Murray",
                  "fielders": [
                    {
                      "name": "T Chetty"
                    }
                  ],
                  "kind": "caught"
                }
              ]
            }
          ]
        }
      ],
      "powerplays": [
        {
          "from": 0.1,
          "to": 9.6,
          "type": "mandatory"
        }
      ]
    },
    {
      "team": "South Africa",
      "overs": [
        {
          "over": 0,
          "deliveries": [
            {
              "batter": "L Wolvaardt",
              "bowler": "J Maguire",
              "non_striker": "A Steyn",
              "runs": {
                "batter": 0,
                "extras": 0,
                "total": 0
              }
            },
            {
              "batter": "L Wolvaardt",
              "bowler": "J Maguire",
              "non_striker": "A Steyn",
              "runs": {
                "batter": 0,
                "extras": 0,
                "total": 0
              }
            },
            {
              "batter": "L Wolvaardt",
              "bowler": "J Maguire",
              "non_striker": "A Steyn",
              "runs": {
                "batter": 0,
                "extras": 0,
                "total": 0
              }
            },
            {
              "batter": "L Wolvaardt",
              "bowler": "J Maguire",
              "non_striker": "A Steyn",
              "runs": {
                "batter": 0,
                "extras": 0,
                "total": 0
              }
            },
            {
              "batter": "L Wolvaardt",
              "bowler": "J Maguire",
              "non_striker": "A Steyn",
              "runs": {
                "batter": 0,
                "extras": 0,
                "total": 0
              }
            },
            {
              "batter": "L Wolvaardt",
              "bowler": "J Maguire",
              "non_striker": "A Steyn",
              "runs": {
                "batter": 1,
                "extras": 0,
                "total": 1
              }
            }
          ]
        },
        {
          "over": 1,
          "deliveries": [
            {
              "batter": "L Wolvaardt",
              "bowler": "AN Kelly",
              "non_striker": "A Steyn",
              "runs": {
                "batter": 0,
                "extras": 0,
                "total": 0
              }
            },
            {
              "batter": "L Wolvaardt",
              "bowler": "AN Kelly",
              "non_striker": "A Steyn",
              "runs": {
                "batter": 0,
                "extras": 0,
                "total": 0
              }
            },
            {
              "batter": "L Wolvaardt",
              "bowler": "AN Kelly",
              "non_striker": "A Steyn",
              "runs": {
                "batter": 0,
                "extras": 0,
                "total": 0
              }
            },
            {
              "batter": "L Wolvaardt",
              "bowler": "AN Kelly",
              "non_striker": "A Steyn",
              "runs": {
                "batter": 1,
                "extras": 0,
                "total": 1
              }
            },
            {
              "batter": "A Steyn",
              "bowler": "AN Kelly",
              "non_striker": "L Wolvaardt",
              "runs": {
                "batter": 1,
                "extras": 0,
                "total": 1
              }
            },
            {
              "batter": "L Wolvaardt",
              "bowler": "AN Kelly",
              "non_striker": "A Steyn",
              "runs": {
                "batter": 0,
                "extras": 0,
                "total": 0
              }
            }
          ]
        },
        {
          "over": 2,
          "deliveries": [
            {
              "batter": "A Steyn",
              "bowler": "J Maguire",
              "non_striker": "L Wolvaardt",
              "runs": {
                "batter": 0,
                "extras": 0,
                "total": 0
              }
            },
            {
              "batter": "A Steyn",
              "bowler": "J Maguire",
              "non_striker": "L Wolvaardt",
              "runs": {
                "batter": 1,
                "extras": 0,
                "total": 1
              }
            },
            {
              "batter": "L Wolvaardt",
              "bowler": "J Maguire",
              "non_striker": "A Steyn",
              "runs": {
                "batter": 0,
                "extras": 0,
                "total": 0
              }
            },
            {
              "batter": "L Wolvaardt",
              "bowler": "J Maguire",
              "extras": {
                "wides": 1
              },
              "non_striker": "A Steyn",
              "runs": {
                "batter": 0,
                "extras": 1,
                "total": 1
              }
            },
            {
              "batter": "L Wolvaardt",
              "bowler": "J Maguire",
              "non_striker": "A Steyn",
              "runs": {
                "batter": 0,
                "extras": 0,
                "total": 0
              }
            },
            {
              "batter": "L Wolvaardt",
              "bowler": "J Maguire",
              "non_striker": "A Steyn",
              "runs": {
                "batter": 2,
                "extras": 0,
                "total": 2
              }
            },
            {
              "batter": "L Wolvaardt",
              "bowler": "J Maguire",
              "non_striker": "A Steyn",
              "runs": {
                "batter": 2,
                "extras": 0,
                "total": 2
              }
            }
          ]
        },
        {
          "over": 3,
          "deliveries": [
            {
              "batter": "A Steyn",
              "bowler": "AN Kelly",
              "non_striker": "L Wolvaardt",
              "runs": {
                "batter": 0,
                "extras": 0,
                "total": 0
              }
            },
            {
              "batter": "A Steyn",
              "bowler": "AN Kelly",
              "non_striker": "L Wolvaardt",
              "runs": {
                "batter": 0,
                "extras": 0,
                "total": 0
              }
            },
            {
              "batter": "A Steyn",
              "bowler": "AN Kelly",
              "non_striker": "L Wolvaardt",
              "runs": {
                "batter": 0,
                "extras": 0,
                "total": 0
              }
            },
            {
              "batter": "A Steyn",
              "bowler": "AN Kelly",
              "non_striker": "L Wolvaardt",
              "runs": {
                "batter": 0,
                "extras": 0,
                "total": 0
              }
            },
            {
              "batter": "A Steyn",
              "bowler": "AN Kelly",
              "non_striker": "L Wolvaardt",
              "runs": {
                "batter": 1,
                "extras": 0,
                "total": 1
              }
            },
            {
              "batter": "L Wolvaardt",
              "bowler": "AN Kelly",
              "non_striker": "A Steyn",
              "runs": {
                "batter": 0,
                "extras": 0,
                "total": 0
              }
            }
          ]
        },
        {
          "over": 4,
          "deliveries": [
            {
              "batter": "A Steyn",
              "bowler": "G Dempsey",
              "non_striker": "L Wolvaardt",
              "runs": {
                "batter": 2,
                "extras": 0,
                "total": 2
              }
            },
            {
              "batter": "A Steyn",
              "bowler": "G Dempsey",
              "non_striker": "L Wolvaardt",
              "runs": {
                "batter": 1,
                "extras": 0,
                "total": 1
              }
            },
            {
              "batter": "L Wolvaardt",
              "bowler": "G Dempsey",
              "non_striker": "A Steyn",
              "runs": {
                "batter": 0,
                "extras": 0,
                "total": 0
              }
            },
            {
              "batter": "L Wolvaardt",
              "bowler": "G Dempsey",
              "non_striker": "A Steyn",
              "runs": {
                "batter": 2,
                "extras": 0,
                "total": 2
              }
            },
            {
              "batter": "L Wolvaardt",
              "bowler": "G Dempsey",
              "non_striker": "A Steyn",
              "runs": {
                "batter": 0,
                "extras": 0,
                "total": 0
              },
              "wickets": [
                {
                  "player_out": "L Wolvaardt",
                  "fielders": [
                    {
                      "name": "MV Waldron"
                    }
                  ],
                  "kind": "caught"
                }
              ]
            },
            {
              "batter": "L Goodall",
              "bowler": "G Dempsey",
              "non_striker": "A Steyn",
              "runs": {
                "batter": 1,
                "extras": 0,
                "total": 1
              }
            }
          ]
        },
        {
          "over": 5,
          "deliveries": [
            {
              "batter": "L Goodall",
              "bowler": "AN Kelly",
              "non_striker": "A Steyn",
              "runs": {
                "batter": 0,
                "extras": 0,
                "total": 0
              }
            },
            {
              "batter": "L Goodall",
              "bowler": "AN Kelly",
              "non_striker": "A Steyn",
              "runs": {
                "batter": 0,
                "extras": 0,
                "total": 0
              }
            },
            {
              "batter": "L Goodall",
              "bowler": "AN Kelly",
              "non_striker": "A Steyn",
              "runs": {
                "batter": 0,
                "extras": 0,
                "total": 0
              }
            },
            {
              "batter": "L Goodall",
              "bowler": "AN Kelly",
              "non_striker": "A Steyn",
              "runs": {
                "batter": 0,
                "extras": 0,
                "total": 0
              }
            },
            {
              "batter": "L Goodall",
              "bowler": "AN Kelly",
              "non_striker": "A Steyn",
              "runs": {
                "batter": 0,
                "extras": 0,
                "total": 0
              }
            },
            {
              "batter": "L Goodall",
              "bowler": "AN Kelly",
              "non_striker": "A Steyn",
              "runs": {
                "batter": 0,
                "extras": 0,
                "total": 0
              }
            }
          ]
        },
        {
          "over": 6,
          "deliveries": [
            {
              "batter": "A Steyn",
              "bowler": "G Dempsey",
              "non_striker": "L Goodall",
              "runs": {
                "batter": 0,
                "extras": 0,
                "total": 0
              }
            },
            {
              "batter": "A Steyn",
              "bowler": "G Dempsey",
              "non_striker": "L Goodall",
              "runs": {
                "batter": 0,
                "extras": 0,
                "total": 0
              }
            },
            {
              "batter": "A Steyn",
              "bowler": "G Dempsey",
              "non_striker": "L Goodall",
              "runs": {
                "batter": 0,
                "extras": 0,
                "total": 0
              }
            },
            {
              "batter": "A Steyn",
              "bowler": "G Dempsey",
              "non_striker": "L Goodall",
              "runs": {
                "batter": 0,
                "extras": 0,
                "total": 0
              }
            },
            {
              "batter": "A Steyn",
              "bowler": "G Dempsey",
              "non_striker": "L Goodall",
              "runs": {
                "batter": 0,
                "extras": 0,
                "total": 0
              }
            },
            {
              "batter": "A Steyn",
              "bowler": "G Dempsey",
              "non_striker": "L Goodall",
              "runs": {
                "batter": 1,
                "extras": 0,
                "total": 1
              }
            }
          ]
        },
        {
          "over": 7,
          "deliveries": [
            {
              "batter": "A Steyn",
              "bowler": "AN Kelly",
              "non_striker": "L Goodall",
              "runs": {
                "batter": 1,
                "extras": 0,
                "total": 1
              }
            },
            {
              "batter": "L Goodall",
              "bowler": "AN Kelly",
              "non_striker": "A Steyn",
              "runs": {
                "batter": 4,
                "extras": 0,
                "total": 4
              }
            },
            {
              "batter": "L Goodall",
              "bowler": "AN Kelly",
              "non_striker": "A Steyn",
              "runs": {
                "batter": 0,
                "extras": 0,
                "total": 0
              }
            },
            {
              "batter": "L Goodall",
              "bowler": "AN Kelly",
              "non_striker": "A Steyn",
              "runs": {
                "batter": 0,
                "extras": 0,
                "total": 0
              }
            },
            {
              "batter": "L Goodall",
              "bowler": "AN Kelly",
              "non_striker": "A Steyn",
              "runs": {
                "batter": 0,
                "extras": 0,
                "total": 0
              }
            },
            {
              "batter": "L Goodall",
              "bowler": "AN Kelly",
              "non_striker": "A Steyn",
              "runs": {
                "batter": 0,
                "extras": 0,
                "total": 0
              }
            }
          ]
        },
        {
          "over": 8,
          "deliveries": [
            {
              "batter": "A Steyn",
              "bowler": "G Dempsey",
              "non_striker": "L Goodall",
              "runs": {
                "batter": 0,
                "extras": 0,
                "total": 0
              }
            },
            {
              "batter": "A Steyn",
              "bowler": "G Dempsey",
              "non_striker": "L Goodall",
              "runs": {
                "batter": 1,
                "extras": 0,
                "total": 1
              }
            },
            {
              "batter": "L Goodall",
              "bowler": "G Dempsey",
              "non_striker": "A Steyn",
              "runs": {
                "batter": 4,
                "extras": 0,
                "total": 4
              }
            },
            {
              "batter": "L Goodall",
              "bowler": "G Dempsey",
              "non_striker": "A Steyn",
              "runs": {
                "batter": 0,
                "extras": 0,
                "total": 0
              }
            },
            {
              "batter": "L Goodall",
              "bowler": "G Dempsey",
              "non_striker": "A Steyn",
              "runs": {
                "batter": 2,
                "extras": 0,
                "total": 2
              }
            },
            {
              "batter": "L Goodall",
              "bowler": "G Dempsey",
              "non_striker": "A Steyn",
              "runs": {
                "batter": 0,
                "extras": 0,
                "total": 0
              }
            }
          ]
        },
        {
          "over": 9,
          "deliveries": [
            {
              "batter": "A Steyn",
              "bowler": "J Maguire",
              "non_striker": "L Goodall",
              "runs": {
                "batter": 0,
                "extras": 0,
                "total": 0
              }
            },
            {
              "batter": "A Steyn",
              "bowler": "J Maguire",
              "non_striker": "L Goodall",
              "runs": {
                "batter": 0,
                "extras": 0,
                "total": 0
              }
            },
            {
              "batter": "A Steyn",
              "bowler": "J Maguire",
              "non_striker": "L Goodall",
              "runs": {
                "batter": 0,
                "extras": 0,
                "total": 0
              }
            },
            {
              "batter": "A Steyn",
              "bowler": "J Maguire",
              "non_striker": "L Goodall",
              "runs": {
                "batter": 0,
                "extras": 0,
                "total": 0
              }
            },
            {
              "batter": "A Steyn",
              "bowler": "J Maguire",
              "non_striker": "L Goodall",
              "runs": {
                "batter": 1,
                "extras": 0,
                "total": 1
              }
            },
            {
              "batter": "L Goodall",
              "bowler": "J Maguire",
              "non_striker": "A Steyn",
              "runs": {
                "batter": 0,
                "extras": 0,
                "total": 0
              }
            }
          ]
        },
        {
          "over": 10,
          "deliveries": [
            {
              "batter": "A Steyn",
              "bowler": "G Dempsey",
              "non_striker": "L Goodall",
              "runs": {
                "batter": 0,
                "extras": 0,
                "total": 0
              }
            },
            {
              "batter": "A Steyn",
              "bowler": "G Dempsey",
              "extras": {
                "wides": 1
              },
              "non_striker": "L Goodall",
              "runs": {
                "batter": 0,
                "extras": 1,
                "total": 1
              }
            },
            {
              "batter": "A Steyn",
              "bowler": "G Dempsey",
              "non_striker": "L Goodall",
              "runs": {
                "batter": 0,
                "extras": 0,
                "total": 0
              }
            },
            {
              "batter": "A Steyn",
              "bowler": "G Dempsey",
              "non_striker": "L Goodall",
              "runs": {
                "batter": 4,
                "extras": 0,
                "total": 4
              }
            },
            {
              "batter": "A Steyn",
              "bowler": "G Dempsey",
              "non_striker": "L Goodall",
              "runs": {
                "batter": 0,
                "extras": 0,
                "total": 0
              }
            },
            {
              "batter": "A Steyn",
              "bowler": "G Dempsey",
              "non_striker": "L Goodall",
              "runs": {
                "batter": 0,
                "extras": 0,
                "total": 0
              }
            },
            {
              "batter": "A Steyn",
              "bowler": "G Dempsey",
              "non_striker": "L Goodall",
              "runs": {
                "batter": 1,
                "extras": 0,
                "total": 1
              }
            }
          ]
        },
        {
          "over": 11,
          "deliveries": [
            {
              "batter": "A Steyn",
              "bowler": "S MacMahon",
              "non_striker": "L Goodall",
              "runs": {
                "batter": 1,
                "extras": 0,
                "total": 1
              }
            },
            {
              "batter": "L Goodall",
              "bowler": "S MacMahon",
              "non_striker": "A Steyn",
              "runs": {
                "batter": 0,
                "extras": 0,
                "total": 0
              }
            },
            {
              "batter": "L Goodall",
              "bowler": "S MacMahon",
              "non_striker": "A Steyn",
              "runs": {
                "batter": 0,
                "extras": 0,
                "total": 0
              }
            },
            {
              "batter": "L Goodall",
              "bowler": "S MacMahon",
              "non_striker": "A Steyn",
              "runs": {
                "batter": 0,
                "extras": 0,
                "total": 0
              }
            },
            {
              "batter": "L Goodall",
              "bowler": "S MacMahon",
              "extras": {
                "wides": 1
              },
              "non_striker": "A Steyn",
              "runs": {
                "batter": 0,
                "extras": 1,
                "total": 1
              }
            },
            {
              "batter": "L Goodall",
              "bowler": "S MacMahon",
              "non_striker": "A Steyn",
              "runs": {
                "batter": 0,
                "extras": 0,
                "total": 0
              }
            },
            {
              "batter": "L Goodall",
              "bowler": "S MacMahon",
              "non_striker": "A Steyn",
              "runs": {
                "batter": 4,
                "extras": 0,
                "total": 4
              }
            }
          ]
        },
        {
          "over": 12,
          "deliveries": [
            {
              "batter": "A Steyn",
              "bowler": "L Paul",
              "non_striker": "L Goodall",
              "runs": {
                "batter": 1,
                "extras": 0,
                "total": 1
              }
            },
            {
              "batter": "L Goodall",
              "bowler": "L Paul",
              "non_striker": "A Steyn",
              "runs": {
                "batter": 0,
                "extras": 0,
                "total": 0
              }
            },
            {
              "batter": "L Goodall",
              "bowler": "L Paul",
              "non_striker": "A Steyn",
              "runs": {
                "batter": 1,
                "extras": 0,
                "total": 1
              }
            },
            {
              "batter": "A Steyn",
              "bowler": "L Paul",
              "non_striker": "L Goodall",
              "runs": {
                "batter": 1,
                "extras": 0,
                "total": 1
              }
            },
            {
              "batter": "L Goodall",
              "bowler": "L Paul",
              "non_striker": "A Steyn",
              "runs": {
                "batter": 0,
                "extras": 0,
                "total": 0
              }
            },
            {
              "batter": "L Goodall",
              "bowler": "L Paul",
              "non_striker": "A Steyn",
              "runs": {
                "batter": 2,
                "extras": 0,
                "total": 2
              }
            }
          ]
        },
        {
          "over": 13,
          "deliveries": [
            {
              "batter": "A Steyn",
              "bowler": "S MacMahon",
              "non_striker": "L Goodall",
              "runs": {
                "batter": 1,
                "extras": 0,
                "total": 1
              }
            },
            {
              "batter": "L Goodall",
              "bowler": "S MacMahon",
              "non_striker": "A Steyn",
              "runs": {
                "batter": 0,
                "extras": 0,
                "total": 0
              }
            },
            {
              "batter": "L Goodall",
              "bowler": "S MacMahon",
              "extras": {
                "wides": 1
              },
              "non_striker": "A Steyn",
              "runs": {
                "batter": 0,
                "extras": 1,
                "total": 1
              }
            },
            {
              "batter": "L Goodall",
              "bowler": "S MacMahon",
              "non_striker": "A Steyn",
              "runs": {
                "batter": 0,
                "extras": 0,
                "total": 0
              }
            },
            {
              "batter": "L Goodall",
              "bowler": "S MacMahon",
              "non_striker": "A Steyn",
              "runs": {
                "batter": 4,
                "extras": 0,
                "total": 4
              }
            },
            {
              "batter": "L Goodall",
              "bowler": "S MacMahon",
              "non_striker": "A Steyn",
              "runs": {
                "batter": 0,
                "extras": 0,
                "total": 0
              }
            },
            {
              "batter": "L Goodall",
              "bowler": "S MacMahon",
              "extras": {
                "wides": 1
              },
              "non_striker": "A Steyn",
              "runs": {
                "batter": 0,
                "extras": 1,
                "total": 1
              }
            },
            {
              "batter": "L Goodall",
              "bowler": "S MacMahon",
              "non_striker": "A Steyn",
              "runs": {
                "batter": 1,
                "extras": 0,
                "total": 1
              }
            }
          ]
        },
        {
          "over": 14,
          "deliveries": [
            {
              "batter": "L Goodall",
              "bowler": "L Paul",
              "non_striker": "A Steyn",
              "runs": {
                "batter": 2,
                "extras": 0,
                "total": 2
              }
            },
            {
              "batter": "L Goodall",
              "bowler": "L Paul",
              "non_striker": "A Steyn",
              "runs": {
                "batter": 4,
                "extras": 0,
                "total": 4
              }
            },
            {
              "batter": "L Goodall",
              "bowler": "L Paul",
              "non_striker": "A Steyn",
              "runs": {
                "batter": 0,
                "extras": 0,
                "total": 0
              }
            },
            {
              "batter": "L Goodall",
              "bowler": "L Paul",
              "non_striker": "A Steyn",
              "runs": {
                "batter": 2,
                "extras": 0,
                "total": 2
              }
            },
            {
              "batter": "L Goodall",
              "bowler": "L Paul",
              "non_striker": "A Steyn",
              "runs": {
                "batter": 0,
                "extras": 0,
                "total": 0
              }
            },
            {
              "batter": "L Goodall",
              "bowler": "L Paul",
              "non_striker": "A Steyn",
              "runs": {
                "batter": 0,
                "extras": 0,
                "total": 0
              }
            }
          ]
        },
        {
          "over": 15,
          "deliveries": [
            {
              "batter": "A Steyn",
              "bowler": "S MacMahon",
              "extras": {
                "wides": 1
              },
              "non_striker": "L Goodall",
              "runs": {
                "batter": 0,
                "extras": 1,
                "total": 1
              }
            },
            {
              "batter": "A Steyn",
              "bowler": "S MacMahon",
              "non_striker": "L Goodall",
              "runs": {
                "batter": 1,
                "extras": 0,
                "total": 1
              }
            },
            {
              "batter": "L Goodall",
              "bowler": "S MacMahon",
              "non_striker": "A Steyn",
              "runs": {
                "batter": 0,
                "extras": 0,
                "total": 0
              }
            },
            {
              "batter": "L Goodall",
              "bowler": "S MacMahon",
              "extras": {
                "wides": 1
              },
              "non_striker": "A Steyn",
              "runs": {
                "batter": 0,
                "extras": 1,
                "total": 1
              }
            },
            {
              "batter": "L Goodall",
              "bowler": "S MacMahon",
              "extras": {
                "wides": 1
              },
              "non_striker": "A Steyn",
              "runs": {
                "batter": 0,
                "extras": 1,
                "total": 1
              }
            },
            {
              "batter": "L Goodall",
              "bowler": "S MacMahon",
              "non_striker": "A Steyn",
              "runs": {
                "batter": 0,
                "extras": 0,
                "total": 0
              }
            },
            {
              "batter": "L Goodall",
              "bowler": "S MacMahon",
              "non_striker": "A Steyn",
              "runs": {
                "batter": 1,
                "extras": 0,
                "total": 1
              }
            },
            {
              "batter": "A Steyn",
              "bowler": "S MacMahon",
              "non_striker": "L Goodall",
              "runs": {
                "batter": 0,
                "extras": 0,
                "total": 0
              }
            },
            {
              "batter": "A Steyn",
              "bowler": "S MacMahon",
              "extras": {
                "wides": 1
              },
              "non_striker": "L Goodall",
              "runs": {
                "batter": 0,
                "extras": 1,
                "total": 1
              }
            },
            {
              "batter": "A Steyn",
              "bowler": "S MacMahon",
              "non_striker": "L Goodall",
              "runs": {
                "batter": 1,
                "extras": 0,
                "total": 1
              }
            }
          ]
        }
      ],
      "powerplays": [
        {
          "from": 0.1,
          "to": 9.6,
          "type": "mandatory"
        }
      ],
      "target": {
        "overs": 50,
        "runs": 70
      }
    }
  ]
}