{
  "meta": {
    "data_version": "1.0.0",
    "created": "2014-06-09",
    "revision": 3
  },
  "info": {
    "balls_per_over": 6,
    "city": "Potchefstroom",
    "dates": [
      "2013-10-28"
    ],
    "event": {
      "match_number": 3,
      "name": "Sri Lanka Women in South Africa ODI Series"
    },
    "gender": "female",
    "match_type": "ODI",
    "match_type_number": 892,
    "officials": {
      "match_referees": [
        "D Govindjee"
      ],
      "reserve_umpires": [
        "PJ Vosloo"
      ],
      "umpires": [
        "RN Birkenstock",
        "R Ellis"
      ]
    },
    "outcome": {
      "result": "no result"
    },
    "overs": 50,
    "players": {
      "South Africa": [
        "L Lee",
        "T Chetty",
        "M du Preez",
        "M Kapp",
        "D van Niekerk",
        "NA Moodley",
        "Y Potgieter",
        "S Ismail",
        "S Loubser",
        "MM Letsoalo",
        "A le Breton"
      ],
      "Sri Lanka": [
        "AC Jayangani",
        "BYA Mendis",
        "SS Weerakkody",
        "HASD Siriwardene",
        "CR Seneviratna",
        "MADD Surangika",
        "HAM Samuddika",
        "SDNS Karunaratne",
        "RS Vandort",
        "HHC Gunaratne",
        "KDU Prabodhani"
      ]
    },
    "registry": {
      "people": {
        "A le Breton": "69a0b944",
        "AC Jayangani": "ac56b5a7",
        "BYA Mendis": "a9fabff4",
        "CR Seneviratna": "bff0535a",
        "D Govindjee": "8b4c4069",
        "D van Niekerk": "8c5775f3",
        "HAM Samuddika": "ec1c4b4d",
        "HASD Siriwardene": "dbd79036",
        "HHC Gunaratne": "44d0e8af",
        "KDU Prabodhani": "a0fdf513",
        "L Lee": "7b01ce83",
        "M Kapp": "63e3b6b3",
        "M du Preez": "e219f17a",
        "MADD Surangika": "3f440bd6",
        "MM Letsoalo": "7544bf30",
        "NA Moodley": "30743b6e",
        "PJ Vosloo": "93a6d2d0",
        "R Ellis": "ec98dcac",
        "RN Birkenstock": "27880adb",
        "RS Vandort": "80e193fa",
        "S Ismail": "108c4c09",
        "S Loubser": "386f410e",
        "SDNS Karunaratne": "62b33233",
        "SS Weerakkody": "5f862ccd",
        "T Chetty": "53a5767d",
        "Y Potgieter": "bb9f08ad"
      }
    },
    "season": "2013/14",
    "team_type": "international",
    "teams": [
      "South Africa",
      "Sri Lanka"
    ],
    "toss": {
      "decision": "field",
      "winner": "South Africa"
    },
    "venue": "Senwes Park"
  },
  "innings": [
    {
      "team": "Sri Lanka",
      "overs": [
        {
          "over": 0,
          "deliveries": [
            {
              "batter": "AC Jayangani",
              "bowler": "S Ismail",
              "non_striker": "BYA Mendis",
              "runs": {
                "batter": 0,
                "extras": 0,
                "total": 0
              }
            },
            {
              "batter": "AC Jayangani",
              "bowler": "S Ismail",
              "non_striker": "BYA Mendis",
              "runs": {
                "batter": 0,
                "extras": 0,
                "total": 0
              }
            },
            {
              "batter": "AC Jayangani",
              "bowler": "S Ismail",
              "non_striker": "BYA Mendis",
              "runs": {
                "batter": 0,
                "extras": 0,
                "total": 0
              }
            },
            {
              "batter": "AC Jayangani",
              "bowler": "S Ismail",
              "non_striker": "BYA Mendis",
              "runs": {
                "batter": 0,
                "extras": 0,
                "total": 0
              }
            },
            {
              "batter": "AC Jayangani",
              "bowler": "S Ismail",
              "non_striker": "BYA Mendis",
              "runs": {
                "batter": 0,
                "extras": 0,
                "total": 0
              }
            },
            {
              "batter": "AC Jayangani",
              "bowler": "S Ismail",
              "non_striker": "BYA Mendis",
              "runs": {
                "batter": 0,
                "extras": 0,
                "total": 0
              }
            }
          ]
        },
        {
          "over": 1,
          "deliveries": [
            {
              "batter": "BYA Mendis",
              "bowler": "M Kapp",
              "non_striker": "AC Jayangani",
              "runs": {
                "batter": 0,
                "extras": 0,
                "total": 0
              }
            },
            {
              "batter": "BYA Mendis",
              "bowler": "M Kapp",
              "non_striker": "AC Jayangani",
              "runs": {
                "batter": 0,
                "extras": 0,
                "total": 0
              }
            },
            {
              "batter": "BYA Mendis",
              "bowler": "M Kapp",
              "non_striker": "AC Jayangani",
              "runs": {
                "batter": 0,
                "extras": 0,
                "total": 0
              }
            },
            {
              "batter": "BYA Mendis",
              "bowler": "M Kapp",
              "non_striker": "AC Jayangani",
              "runs": {
                "batter": 0,
                "extras": 0,
                "total": 0
              }
            },
            {
              "batter": "BYA Mendis",
              "bowler": "M Kapp",
              "non_striker": "AC Jayangani",
              "runs": {
                "batter": 0,
                "extras": 0,
                "total": 0
              }
            },
            {
              "batter": "BYA Mendis",
              "bowler": "M Kapp",
              "non_striker": "AC Jayangani",
              "runs": {
                "batter": 0,
                "extras": 0,
                "total": 0
              },
              "wickets": [
                {
                  "kind": "caught and bowled",
                  "player_out": "BYA Mendis"
                }
              ]
            }
          ]
        },
        {
          "over": 2,
          "deliveries": [
            {
              "batter": "AC Jayangani",
              "bowler": "S Ismail",
              "non_striker": "SS Weerakkody",
              "runs": {
                "batter": 0,
                "extras": 0,
                "total": 0
              }
            },
            {
              "batter": "AC Jayangani",
              "bowler": "S Ismail",
              "non_striker": "SS Weerakkody",
              "runs": {
                "batter": 0,
                "extras": 0,
                "total": 0
              }
            },
            {
              "batter": "AC Jayangani",
              "bowler": "S Ismail",
              "non_striker": "SS Weerakkody",
              "runs": {
                "batter": 0,
                "extras": 0,
                "total": 0
              }
            },
            {
              "batter": "AC Jayangani",
              "bowler": "S Ismail",
              "non_striker": "SS Weerakkody",
              "runs": {
                "batter": 0,
                "extras": 0,
                "total": 0
              }
            },
            {
              "batter": "AC Jayangani",
              "bowler": "S Ismail",
              "non_striker": "SS Weerakkody",
              "runs": {
                "batter": 0,
                "extras": 0,
                "total": 0
              }
            },
            {
              "batter": "AC Jayangani",
              "bowler": "S Ismail",
              "non_striker": "SS Weerakkody",
              "runs": {
                "batter": 0,
                "extras": 0,
                "total": 0
              }
            }
          ]
        },
        {
          "over": 3,
          "deliveries": [
            {
              "batter": "SS Weerakkody",
              "bowler": "M Kapp",
              "non_striker": "AC Jayangani",
              "runs": {
                "batter": 0,
                "extras": 0,
                "total": 0
              }
            },
            {
              "batter": "SS Weerakkody",
              "bowler": "M Kapp",
              "non_striker": "AC Jayangani",
              "runs": {
                "batter": 0,
                "extras": 0,
                "total": 0
              }
            },
            {
              "batter": "SS Weerakkody",
              "bowler": "M Kapp",
              "non_striker": "AC Jayangani",
              "runs": {
                "batter": 1,
                "extras": 0,
                "total": 1
              }
            },
            {
              "batter": "AC Jayangani",
              "bowler": "M Kapp",
              "non_striker": "SS Weerakkody",
              "runs": {
                "batter": 1,
                "extras": 0,
                "total": 1
              }
            },
            {
              "batter": "SS Weerakkody",
              "bowler": "M Kapp",
              "non_striker": "AC Jayangani",
              "runs": {
                "batter": 0,
                "extras": 0,
                "total": 0
              }
            },
            {
              "batter": "SS Weerakkody",
              "bowler": "M Kapp",
              "non_striker": "AC Jayangani",
              "runs": {
                "batter": 0,
                "extras": 0,
                "total": 0
              }
            }
          ]
        },
        {
          "over": 4,
          "deliveries": [
            {
              "batter": "AC Jayangani",
              "bowler": "S Ismail",
              "non_striker": "SS Weerakkody",
              "runs": {
                "batter": 0,
                "extras": 0,
                "total": 0
              }
            },
            {
              "batter": "AC Jayangani",
              "bowler": "S Ismail",
              "non_striker": "SS Weerakkody",
              "runs": {
                "batter": 0,
                "extras": 0,
                "total": 0
              }
            },
            {
              "batter": "AC Jayangani",
              "bowler": "S Ismail",
              "non_striker": "SS Weerakkody",
              "runs": {
                "batter": 1,
                "extras": 0,
                "total": 1
              }
            },
            {
              "batter": "SS Weerakkody",
              "bowler": "S Ismail",
              "non_striker": "AC Jayangani",
              "runs": {
                "batter": 0,
                "extras": 0,
                "total": 0
              }
            },
            {
              "batter": "SS Weerakkody",
              "bowler": "S Ismail",
              "non_striker": "AC Jayangani",
              "runs": {
                "batter": 0,
                "extras": 0,
                "total": 0
              }
            },
            {
              "batter": "SS Weerakkody",
              "bowler": "S Ismail",
              "non_striker": "AC Jayangani",
              "runs": {
                "batter": 1,
                "extras": 0,
                "total": 1
              }
            }
          ]
        },
        {
          "over": 5,
          "deliveries": [
            {
              "batter": "SS Weerakkody",
              "bowler": "M Kapp",
              "non_striker": "AC Jayangani",
              "runs": {
                "batter": 0,
                "extras": 0,
                "total": 0
              }
            },
            {
              "batter": "SS Weerakkody",
              "bowler": "M Kapp",
              "non_striker": "AC Jayangani",
              "runs": {
                "batter": 0,
                "extras": 0,
                "total": 0
              }
            },
            {
              "batter": "SS Weerakkody",
              "bowler": "M Kapp",
              "non_striker": "AC Jayangani",
              "runs": {
                "batter": 2,
                "extras": 0,
                "total": 2
              }
            },
            {
              "batter": "SS Weerakkody",
              "bowler": "M Kapp",
              "non_striker": "AC Jayangani",
              "runs": {
                "batter": 1,
                "extras": 0,
                "total": 1
              }
            },
            {
              "batter": "AC Jayangani",
              "bowler": "M Kapp",
              "extras": {
                "wides": 1
              },
              "non_striker": "SS Weerakkody",
              "runs": {
                "batter": 0,
                "extras": 1,
                "total": 1
              }
            },
            {
              "batter": "AC Jayangani",
              "bowler": "M Kapp",
              "non_striker": "SS Weerakkody",
              "runs": {
                "batter": 0,
                "extras": 0,
                "total": 0
              }
            },
            {
              "batter": "AC Jayangani",
              "bowler": "M Kapp",
              "non_striker": "SS Weerakkody",
              "runs": {
                "batter": 4,
                "extras": 0,
                "total": 4
              }
            }
          ]
        },
        {
          "over": 6,
          "deliveries": [
            {
              "batter": "SS Weerakkody",
              "bowler": "S Ismail",
              "non_striker": "AC Jayangani",
              "runs": {
                "batter": 0,
                "extras": 0,
                "total": 0
              }
            },
            {
              "batter": "SS Weerakkody",
              "bowler": "S Ismail",
              "non_striker": "AC Jayangani",
              "runs": {
                "batter": 0,
                "extras": 0,
                "total": 0
              }
            },
            {
              "batter": "SS Weerakkody",
              "bowler": "S Ismail",
              "non_striker": "AC Jayangani",
              "runs": {
                "batter": 0,
                "extras": 0,
                "total": 0
              }
            },
            {
              "batter": "SS Weerakkody",
              "bowler": "S Ismail",
              "non_striker": "AC Jayangani",
              "runs": {
                "batter": 0,
                "extras": 0,
                "total": 0
              }
            },
            {
              "batter": "SS Weerakkody",
              "bowler": "S Ismail",
              "non_striker": "AC Jayangani",
              "runs": {
                "batter": 0,
                "extras": 0,
                "total": 0
              }
            },
            {
              "batter": "SS Weerakkody",
              "bowler": "S Ismail",
              "non_striker": "AC Jayangani",
              "runs": {
                "batter": 1,
                "extras": 0,
                "total": 1
              }
            }
          ]
        },
        {
          "over": 7,
          "deliveries": [
            {
              "batter": "SS Weerakkody",
              "bowler": "M Kapp",
              "non_striker": "AC Jayangani",
              "runs": {
                "batter": 0,
                "extras": 0,
                "total": 0
              }
            },
            {
              "batter": "SS Weerakkody",
              "bowler": "M Kapp",
              "non_striker": "AC Jayangani",
              "runs": {
                "batter": 0,
                "extras": 0,
                "total": 0
              }
            },
            {
              "batter": "SS Weerakkody",
              "bowler": "M Kapp",
              "non_striker": "AC Jayangani",
              "runs": {
                "batter": 0,
                "extras": 0,
                "total": 0
              }
            },
            {
              "batter": "SS Weerakkody",
              "bowler": "M Kapp",
              "non_striker": "AC Jayangani",
              "runs": {
                "batter": 1,
                "extras": 0,
                "total": 1
              }
            },
            {
              "batter": "AC Jayangani",
              "bowler": "M Kapp",
              "non_striker": "SS Weerakkody",
              "runs": {
                "batter": 0,
                "extras": 0,
                "total": 0
              }
            },
            {
              "batter": "AC Jayangani",
              "bowler": "M Kapp",
              "non_striker": "SS Weerakkody",
              "runs": {
                "batter": 4,
                "extras": 0,
                "total": 4
              }
            }
          ]
        },
        {
          "over": 8,
          "deliveries": [
            {
              "batter": "SS Weerakkody",
              "bowler": "S Ismail",
              "non_striker": "AC Jayangani",
              "runs": {
                "batter": 0,
                "extras": 0,
                "total": 0
              }
            },
            {
              "batter": "SS Weerakkody",
              "bowler": "S Ismail",
              "non_striker": "AC Jayangani",
              "runs": {
                "batter": 4,
                "extras": 0,
                "total": 4
              }
            },
            {
              "batter": "SS Weerakkody",
              "bowler": "S Ismail",
              "non_striker": "AC Jayangani",
              "runs": {
                "batter": 0,
                "extras": 0,
                "total": 0
              },
              "wickets": [
                {
                  "kind": "caught",
                  "player_out": "SS Weerakkody",
                  "fielders": [
                    {
                      "name": "D van Niekerk"
                    }
                  ]
                }
              ]
            },
            {
              "batter": "HASD Siriwardene",
              "bowler": "S Ismail",
              "non_striker": "AC Jayangani",
              "runs": {
                "batter": 0,
                "extras": 0,
                "total": 0
              }
            },
            {
              "batter": "HASD Siriwardene",
              "bowler": "S Ismail",
              "non_striker": "AC Jayangani",
              "runs": {
                "batter": 0,
                "extras": 0,
                "total": 0
              }
            },
            {
              "batter": "HASD Siriwardene",
              "bowler": "S Ismail",
              "non_striker": "AC Jayangani",
              "runs": {
                "batter": 0,
                "extras": 0,
                "total": 0
              }
            }
          ]
        },
        {
          "over": 9,
          "deliveries": [
            {
              "batter": "AC Jayangani",
              "bowler": "M Kapp",
              "non_striker": "HASD Siriwardene",
              "runs": {
                "batter": 1,
                "extras": 0,
                "total": 1
              }
            },
            {
              "batter": "HASD Siriwardene",
              "bowler": "M Kapp",
              "non_striker": "AC Jayangani",
              "runs": {
                "batter": 0,
                "extras": 0,
                "total": 0
              }
            },
            {
              "batter": "HASD Siriwardene",
              "bowler": "M Kapp",
              "non_striker": "AC Jayangani",
              "runs": {
                "batter": 0,
                "extras": 0,
                "total": 0
              }
            },
            {
              "batter": "HASD Siriwardene",
              "bowler": "M Kapp",
              "non_striker": "AC Jayangani",
              "runs": {
                "batter": 0,
                "extras": 0,
                "total": 0
              }
            },
            {
              "batter": "HASD Siriwardene",
              "bowler": "M Kapp",
              "non_striker": "AC Jayangani",
              "runs": {
                "batter": 0,
                "extras": 0,
                "total": 0
              }
            },
            {
              "batter": "HASD Siriwardene",
              "bowler": "M Kapp",
              "non_striker": "AC Jayangani",
              "runs": {
                "batter": 0,
                "extras": 0,
                "total": 0
              }
            }
          ]
        },
        {
          "over": 10,
          "deliveries": [
            {
              "batter": "AC Jayangani",
              "bowler": "S Ismail",
              "non_striker": "HASD Siriwardene",
              "runs": {
                "batter": 0,
                "extras": 0,
                "total": 0
              }
            },
            {
              "batter": "AC Jayangani",
              "bowler": "S Ismail",
              "non_striker": "HASD Siriwardene",
              "runs": {
                "batter": 0,
                "extras": 0,
                "total": 0
              }
            },
            {
              "batter": "AC Jayangani",
              "bowler": "S Ismail",
              "non_striker": "HASD Siriwardene",
              "runs": {
                "batter": 0,
                "extras": 0,
                "total": 0
              }
            },
            {
              "batter": "AC Jayangani",
              "bowler": "S Ismail",
              "extras": {
                "wides": 1
              },
              "non_striker": "HASD Siriwardene",
              "runs": {
                "batter": 0,
                "extras": 1,
                "total": 1
              }
            },
            {
              "batter": "AC Jayangani",
              "bowler": "S Ismail",
              "non_striker": "HASD Siriwardene",
              "runs": {
                "batter": 0,
                "extras": 0,
                "total": 0
              }
            },
            {
              "batter": "AC Jayangani",
              "bowler": "S Ismail",
              "non_striker": "HASD Siriwardene",
              "runs": {
                "batter": 0,
                "extras": 0,
                "total": 0
              }
            },
            {
              "batter": "AC Jayangani",
              "bowler": "S Ismail",
              "non_striker": "HASD Siriwardene",
              "runs": {
                "batter": 0,
                "extras": 0,
                "total": 0
              }
            }
          ]
        },
        {
          "over": 11,
          "deliveries": [
            {
              "batter": "HASD Siriwardene",
              "bowler": "S Loubser",
              "non_striker": "AC Jayangani",
              "runs": {
                "batter": 0,
                "extras": 0,
                "total": 0
              }
            },
            {
              "batter": "HASD Siriwardene",
              "bowler": "S Loubser",
              "non_striker": "AC Jayangani",
              "runs": {
                "batter": 0,
                "extras": 0,
                "total": 0
              }
            },
            {
              "batter": "HASD Siriwardene",
              "bowler": "S Loubser",
              "non_striker": "AC Jayangani",
              "runs": {
                "batter": 1,
                "extras": 0,
                "total": 1
              }
            },
            {
              "batter": "AC Jayangani",
              "bowler": "S Loubser",
              "non_striker": "HASD Siriwardene",
              "runs": {
                "batter": 1,
                "extras": 0,
                "total": 1
              }
            },
            {
              "batter": "HASD Siriwardene",
              "bowler": "S Loubser",
              "non_striker": "AC Jayangani",
              "runs": {
                "batter": 0,
                "extras": 0,
                "total": 0
              }
            },
            {
              "batter": "HASD Siriwardene",
              "bowler": "S Loubser",
              "non_striker": "AC Jayangani",
              "runs": {
                "batter": 0,
                "extras": 0,
                "total": 0
              }
            }
          ]
        },
        {
          "over": 12,
          "deliveries": [
            {
              "batter": "AC Jayangani",
              "bowler": "MM Letsoalo",
              "non_striker": "HASD Siriwardene",
              "runs": {
                "batter": 4,
                "extras": 0,
                "total": 4
              }
            },
            {
              "batter": "AC Jayangani",
              "bowler": "MM Letsoalo",
              "non_striker": "HASD Siriwardene",
              "runs": {
                "batter": 0,
                "extras": 0,
                "total": 0
              }
            },
            {
              "batter": "AC Jayangani",
              "bowler": "MM Letsoalo",
              "non_striker": "HASD Siriwardene",
              "runs": {
                "batter": 1,
                "extras": 0,
                "total": 1
              }
            },
            {
              "batter": "HASD Siriwardene",
              "bowler": "MM Letsoalo",
              "non_striker": "AC Jayangani",
              "runs": {
                "batter": 0,
                "extras": 0,
                "total": 0
              }
            },
            {
              "batter": "HASD Siriwardene",
              "bowler": "MM Letsoalo",
              "non_striker": "AC Jayangani",
              "runs": {
                "batter": 0,
                "extras": 0,
                "total": 0
              }
            },
            {
              "batter": "HASD Siriwardene",
              "bowler": "MM Letsoalo",
              "non_striker": "AC Jayangani",
              "runs": {
                "batter": 0,
                "extras": 0,
                "total": 0
              }
            }
          ]
        },
        {
          "over": 13,
          "deliveries": [
            {
              "batter": "AC Jayangani",
              "bowler": "S Loubser",
              "non_striker": "HASD Siriwardene",
              "runs": {
                "batter": 0,
                "extras": 0,
                "total": 0
              }
            },
            {
              "batter": "AC Jayangani",
              "bowler": "S Loubser",
              "non_striker": "HASD Siriwardene",
              "runs": {
                "batter": 0,
                "extras": 0,
                "total": 0
              }
            },
            {
              "batter": "AC Jayangani",
              "bowler": "S Loubser",
              "non_striker": "HASD Siriwardene",
              "runs": {
                "batter": 1,
                "extras": 0,
                "total": 1
              }
            },
            {
              "batter": "HASD Siriwardene",
              "bowler": "S Loubser",
              "non_striker": "AC Jayangani",
              "runs": {
                "batter": 0,
                "extras": 0,
                "total": 0
              }
            },
            {
              "batter": "HASD Siriwardene",
              "bowler": "S Loubser",
              "non_striker": "AC Jayangani",
              "runs": {
                "batter": 0,
                "extras": 0,
                "total": 0
              }
            },
            {
              "batter": "HASD Siriwardene",
              "bowler": "S Loubser",
              "non_striker": "AC Jayangani",
              "runs": {
                "batter": 1,
                "extras": 0,
                "total": 1
              }
            }
          ]
        },
        {
          "over": 14,
          "deliveries": [
            {
              "batter": "HASD Siriwardene",
              "bowler": "MM Letsoalo",
              "non_striker": "AC Jayangani",
              "runs": {
                "batter": 1,
                "extras": 0,
                "total": 1
              }
            },
            {
              "batter": "AC Jayangani",
              "bowler": "MM Letsoalo",
              "non_striker": "HASD Siriwardene",
              "runs": {
                "batter": 0,
                "extras": 0,
                "total": 0
              }
            },
            {
              "batter": "AC Jayangani",
              "bowler": "MM Letsoalo",
              "non_striker": "HASD Siriwardene",
              "runs": {
                "batter": 2,
                "extras": 0,
                "total": 2
              }
            },
            {
              "batter": "AC Jayangani",
              "bowler": "MM Letsoalo",
              "non_striker": "HASD Siriwardene",
              "runs": {
                "batter": 0,
                "extras": 0,
                "total": 0
              }
            },
            {
              "batter": "AC Jayangani",
              "bowler": "MM Letsoalo",
              "non_striker": "HASD Siriwardene",
              "runs": {
                "batter": 1,
                "extras": 0,
                "total": 1
              }
            },
            {
              "batter": "HASD Siriwardene",
              "bowler": "MM Letsoalo",
              "non_striker": "AC Jayangani",
              "runs": {
                "batter": 0,
                "extras": 0,
                "total": 0
              }
            }
          ]
        },
        {
          "over": 15,
          "deliveries": [
            {
              "batter": "AC Jayangani",
              "bowler": "S Loubser",
              "non_striker": "HASD Siriwardene",
              "runs": {
                "batter": 0,
                "extras": 0,
                "total": 0
              }
            },
            {
              "batter": "AC Jayangani",
              "bowler": "S Loubser",
              "non_striker": "HASD Siriwardene",
              "runs": {
                "batter": 0,
                "extras": 0,
                "total": 0
              }
            },
            {
              "batter": "AC Jayangani",
              "bowler": "S Loubser",
              "non_striker": "HASD Siriwardene",
              "runs": {
                "batter": 0,
                "extras": 0,
                "total": 0
              }
            },
            {
              "batter": "AC Jayangani",
              "bowler": "S Loubser",
              "non_striker": "HASD Siriwardene",
              "runs": {
                "batter": 1,
                "extras": 0,
                "total": 1
              }
            },
            {
              "batter": "HASD Siriwardene",
              "bowler": "S Loubser",
              "non_striker": "AC Jayangani",
              "runs": {
                "batter": 0,
                "extras": 0,
                "total": 0
              }
            },
            {
              "batter": "HASD Siriwardene",
              "bowler": "S Loubser",
              "non_striker": "AC Jayangani",
              "runs": {
                "batter": 2,
                "extras": 0,
                "total": 2
              }
            }
          ]
        },
        {
          "over": 16,
          "deliveries": [
            {
              "batter": "AC Jayangani",
              "bowler": "MM Letsoalo",
              "non_striker": "HASD Siriwardene",
              "runs": {
                "batter": 4,
                "extras": 0,
                "total": 4
              }
            },
            {
              "batter": "AC Jayangani",
              "bowler": "MM Letsoalo",
              "non_striker": "HASD Siriwardene",
              "runs": {
                "batter": 0,
                "extras": 0,
                "total": 0
              }
            },
            {
              "batter": "AC Jayangani",
              "bowler": "MM Letsoalo",
              "non_striker": "HASD Siriwardene",
              "runs": {
                "batter": 0,
                "extras": 0,
                "total": 0
              }
            },
            {
              "batter": "AC Jayangani",
              "bowler": "MM Letsoalo",
              "non_striker": "HASD Siriwardene",
              "runs": {
                "batter": 0,
                "extras": 0,
                "total": 0
              }
            },
            {
              "batter": "AC Jayangani",
              "bowler": "MM Letsoalo",
              "non_striker": "HASD Siriwardene",
              "runs": {
                "batter": 1,
                "extras": 0,
                "total": 1
              }
            },
            {
              "batter": "HASD Siriwardene",
              "bowler": "MM Letsoalo",
              "non_striker": "AC Jayangani",
              "runs": {
                "batter": 0,
                "extras": 0,
                "total": 0
              }
            }
          ]
        },
        {
          "over": 17,
          "deliveries": [
            {
              "batter": "AC Jayangani",
              "bowler": "S Loubser",
              "non_striker": "HASD Siriwardene",
              "runs": {
                "batter": 1,
                "extras": 0,
                "total": 1
              }
            },
            {
              "batter": "HASD Siriwardene",
              "bowler": "S Loubser",
              "non_striker": "AC Jayangani",
              "runs": {
                "batter": 0,
                "extras": 0,
                "total": 0
              },
              "wickets": [
                {
                  "kind": "caught",
                  "player_out": "HASD Siriwardene",
                  "fielders": [
                    {
                      "name": "T Chetty"
                    }
                  ]
                }
              ]
            },
            {
              "batter": "CR Seneviratna",
              "bowler": "S Loubser",
              "non_striker": "AC Jayangani",
              "runs": {
                "batter": 0,
                "extras": 0,
                "total": 0
              }
            },
            {
              "batter": "CR Seneviratna",
              "bowler": "S Loubser",
              "non_striker": "AC Jayangani",
              "runs": {
                "batter": 0,
                "extras": 0,
                "total": 0
              }
            },
            {
              "batter": "CR Seneviratna",
              "bowler": "S Loubser",
              "non_striker": "AC Jayangani",
              "runs": {
                "batter": 0,
                "extras": 0,
                "total": 0
              }
            },
            {
              "batter": "CR Seneviratna",
              "bowler": "S Loubser",
              "extras": {
                "wides": 1
              },
              "non_striker": "AC Jayangani",
              "runs": {
                "batter": 0,
                "extras": 1,
                "total": 1
              }
            },
            {
              "batter": "CR Seneviratna",
              "bowler": "S Loubser",
              "non_striker": "AC Jayangani",
              "runs": {
                "batter": 0,
                "extras": 0,
                "total": 0
              }
            }
          ]
        },
        {
          "over": 18,
          "deliveries": [
            {
              "batter": "AC Jayangani",
              "bowler": "D van Niekerk",
              "non_striker": "CR Seneviratna",
              "runs": {
                "batter": 0,
                "extras": 0,
                "total": 0
              }
            },
            {
              "batter": "AC Jayangani",
              "bowler": "D van Niekerk",
              "non_striker": "CR Seneviratna",
              "runs": {
                "batter": 0,
                "extras": 0,
                "total": 0
              }
            },
            {
              "batter": "AC Jayangani",
              "bowler": "D van Niekerk",
              "non_striker": "CR Seneviratna",
              "runs": {
                "batter": 0,
                "extras": 0,
                "total": 0
              }
            },
            {
              "batter": "AC Jayangani",
              "bowler": "D van Niekerk",
              "non_striker": "CR Seneviratna",
              "runs": {
                "batter": 0,
                "extras": 0,
                "total": 0
              }
            },
            {
              "batter": "AC Jayangani",
              "bowler": "D van Niekerk",
              "non_striker": "CR Seneviratna",
              "runs": {
                "batter": 0,
                "extras": 0,
                "total": 0
              }
            },
            {
              "batter": "AC Jayangani",
              "bowler": "D van Niekerk",
              "non_striker": "CR Seneviratna",
              "runs": {
                "batter": 0,
                "extras": 0,
                "total": 0
              }
            }
          ]
        },
        {
          "over": 19,
          "deliveries": [
            {
              "batter": "CR Seneviratna",
              "bowler": "S Loubser",
              "non_striker": "AC Jayangani",
              "runs": {
                "batter": 0,
                "extras": 0,
                "total": 0
              }
            },
            {
              "batter": "CR Seneviratna",
              "bowler": "S Loubser",
              "non_striker": "AC Jayangani",
              "runs": {
                "batter": 0,
                "extras": 0,
                "total": 0
              }
            },
            {
              "batter": "CR Seneviratna",
              "bowler": "S Loubser",
              "non_striker": "AC Jayangani",
              "runs": {
                "batter": 0,
                "extras": 0,
                "total": 0
              }
            },
            {
              "batter": "CR Seneviratna",
              "bowler": "S Loubser",
              "non_striker": "AC Jayangani",
              "runs": {
                "batter": 0,
                "extras": 0,
                "total": 0
              }
            },
            {
              "batter": "CR Seneviratna",
              "bowler": "S Loubser",
              "non_striker": "AC Jayangani",
              "runs": {
                "batter": 0,
                "extras": 0,
                "total": 0
              }
            },
            {
              "batter": "CR Seneviratna",
              "bowler": "S Loubser",
              "non_striker": "AC Jayangani",
              "runs": {
                "batter": 1,
                "extras": 0,
                "total": 1
              }
            }
          ]
        },
        {
          "over": 20,
          "deliveries": [
            {
              "batter": "CR Seneviratna",
              "bowler": "D van Niekerk",
              "non_striker": "AC Jayangani",
              "runs": {
                "batter": 0,
                "extras": 0,
                "total": 0
              }
            },
            {
              "batter": "CR Seneviratna",
              "bowler": "D van Niekerk",
              "non_striker": "AC Jayangani",
              "runs": {
                "batter": 0,
                "extras": 0,
                "total": 0
              }
            },
            {
              "batter": "CR Seneviratna",
              "bowler": "D van Niekerk",
              "non_striker": "AC Jayangani",
              "runs": {
                "batter": 0,
                "extras": 0,
                "total": 0
              }
            },
            {
              "batter": "CR Seneviratna",
              "bowler": "D van Niekerk",
              "non_striker": "AC Jayangani",
              "runs": {
                "batter": 0,
                "extras": 0,
                "total": 0
              }
            },
            {
              "batter": "CR Seneviratna",
              "bowler": "D van Niekerk",
              "non_striker": "AC Jayangani",
              "runs": {
                "batter": 0,
                "extras": 0,
                "total": 0
              }
            },
            {
              "batter": "CR Seneviratna",
              "bowler": "D van Niekerk",
              "non_striker": "AC Jayangani",
              "runs": {
                "batter": 1,
                "extras": 0,
                "total": 1
              }
            }
          ]
        },
        {
          "over": 21,
          "deliveries": [
            {
              "batter": "CR Seneviratna",
              "bowler": "S Loubser",
              "non_striker": "AC Jayangani",
              "runs": {
                "batter": 0,
                "extras": 0,
                "total": 0
              }
            },
            {
              "batter": "CR Seneviratna",
              "bowler": "S Loubser",
              "non_striker": "AC Jayangani",
              "runs": {
                "batter": 2,
                "extras": 0,
                "total": 2
              }
            },
            {
              "batter": "CR Seneviratna",
              "bowler": "S Loubser",
              "non_striker": "AC Jayangani",
              "runs": {
                "batter": 0,
                "extras": 0,
                "total": 0
              }
            },
            {
              "batter": "CR Seneviratna",
              "bowler": "S Loubser",
              "non_striker": "AC Jayangani",
              "runs": {
                "batter": 1,
                "extras": 0,
                "total": 1
              }
            },
            {
              "batter": "AC Jayangani",
              "bowler": "S Loubser",
              "non_striker": "CR Seneviratna",
              "runs": {
                "batter": 0,
                "extras": 0,
                "total": 0
              }
            },
            {
              "batter": "AC Jayangani",
              "bowler": "S Loubser",
              "non_striker": "CR Seneviratna",
              "runs": {
                "batter": 0,
                "extras": 0,
                "total": 0
              }
            }
          ]
        },
        {
          "over": 22,
          "deliveries": [
            {
              "batter": "CR Seneviratna",
              "bowler": "D van Niekerk",
              "non_striker": "AC Jayangani",
              "runs": {
                "batter": 0,
                "extras": 0,
                "total": 0
              }
            },
            {
              "batter": "CR Seneviratna",
              "bowler": "D van Niekerk",
              "non_striker": "AC Jayangani",
              "runs": {
                "batter": 0,
                "extras": 0,
                "total": 0
              }
            },
            {
              "batter": "CR Seneviratna",
              "bowler": "D van Niekerk",
              "non_striker": "AC Jayangani",
              "runs": {
                "batter": 0,
                "extras": 0,
                "total": 0
              }
            },
            {
              "batter": "CR Seneviratna",
              "bowler": "D van Niekerk",
              "non_striker": "AC Jayangani",
              "runs": {
                "batter": 0,
                "extras": 0,
                "total": 0
              }
            },
            {
              "batter": "CR Seneviratna",
              "bowler": "D van Niekerk",
              "non_striker": "AC Jayangani",
              "runs": {
                "batter": 0,
                "extras": 0,
                "total": 0
              }
            },
            {
              "batter": "CR Seneviratna",
              "bowler": "D van Niekerk",
              "non_striker": "AC Jayangani",
              "runs": {
                "batter": 0,
                "extras": 0,
                "total": 0
              }
            }
          ]
        },
        {
          "over": 23,
          "deliveries": [
            {
              "batter": "AC Jayangani",
              "bowler": "S Loubser",
              "non_striker": "CR Seneviratna",
              "runs": {
                "batter": 0,
                "extras": 0,
                "total": 0
              }
            },
            {
              "batter": "AC Jayangani",
              "bowler": "S Loubser",
              "non_striker": "CR Seneviratna",
              "runs": {
                "batter": 4,
                "extras": 0,
                "total": 4
              }
            },
            {
              "batter": "AC Jayangani",
              "bowler": "S Loubser",
              "non_striker": "CR Seneviratna",
              "runs": {
                "batter": 4,
                "extras": 0,
                "total": 4
              }
            },
            {
              "batter": "AC Jayangani",
              "bowler": "S Loubser",
              "non_striker": "CR Seneviratna",
              "runs": {
                "batter": 0,
                "extras": 0,
                "total": 0
              }
            },
            {
              "batter": "AC Jayangani",
              "bowler": "S Loubser",
              "non_striker": "CR Seneviratna",
              "runs": {
                "batter": 1,
                "extras": 0,
                "total": 1
              }
            },
            {
              "batter": "CR Seneviratna",
              "bowler": "S Loubser",
              "non_striker": "AC Jayangani",
              "runs": {
                "batter": 0,
                "extras": 0,
                "total": 0
              }
            }
          ]
        },
        {
          "over": 24,
          "deliveries": [
            {
              "batter": "AC Jayangani",
              "bowler": "D van Niekerk",
              "non_striker": "CR Seneviratna",
              "runs": {
                "batter": 2,
                "extras": 0,
                "total": 2
              }
            },
            {
              "batter": "AC Jayangani",
              "bowler": "D van Niekerk",
              "non_striker": "CR Seneviratna",
              "runs": {
                "batter": 1,
                "extras": 0,
                "total": 1
              }
            },
            {
              "batter": "CR Seneviratna",
              "bowler": "D van Niekerk",
              "non_striker": "AC Jayangani",
              "runs": {
                "batter": 0,
                "extras": 0,
                "total": 0
              }
            },
            {
              "batter": "CR Seneviratna",
              "bowler": "D van Niekerk",
              "non_striker": "AC Jayangani",
              "runs": {
                "batter": 1,
                "extras": 0,
                "total": 1
              }
            },
            {
              "batter": "AC Jayangani",
              "bowler": "D van Niekerk",
              "non_striker": "CR Seneviratna",
              "runs": {
                "batter": 4,
                "extras": 0,
                "total": 4
              }
            },
            {
              "batter": "AC Jayangani",
              "bowler": "D van Niekerk",
              "non_striker": "CR Seneviratna",
              "runs": {
                "batter": 0,
                "extras": 0,
                "total": 0
              }
            }
          ]
        },
        {
          "over": 25,
          "deliveries": [
            {
              "batter": "CR Seneviratna",
              "bowler": "S Loubser",
              "non_striker": "AC Jayangani",
              "runs": {
                "batter": 0,
                "extras": 0,
                "total": 0
              }
            },
            {
              "batter": "CR Seneviratna",
              "bowler": "S Loubser",
              "non_striker": "AC Jayangani",
              "runs": {
                "batter": 1,
                "extras": 0,
                "total": 1
              }
            },
            {
              "batter": "AC Jayangani",
              "bowler": "S Loubser",
              "non_striker": "CR Seneviratna",
              "runs": {
                "batter": 0,
                "extras": 0,
                "total": 0
              }
            },
            {
              "batter": "AC Jayangani",
              "bowler": "S Loubser",
              "extras": {
                "wides": 2
              },
              "non_striker": "CR Seneviratna",
              "runs": {
                "batter": 0,
                "extras": 2,
                "total": 2
              }
            },
            {
              "batter": "CR Seneviratna",
              "bowler": "S Loubser",
              "non_striker": "AC Jayangani",
              "runs": {
                "batter": 0,
                "extras": 0,
                "total": 0
              }
            },
            {
              "batter": "CR Seneviratna",
              "bowler": "S Loubser",
              "non_striker": "AC Jayangani",
              "runs": {
                "batter": 1,
                "extras": 0,
                "total": 1
              }
            },
            {
              "batter": "AC Jayangani",
              "bowler": "S Loubser",
              "non_striker": "CR Seneviratna",
              "runs": {
                "batter": 1,
                "extras": 0,
                "total": 1
              }
            }
          ]
        },
        {
          "over": 26,
          "deliveries": [
            {
              "batter": "AC Jayangani",
              "bowler": "D van Niekerk",
              "non_striker": "CR Seneviratna",
              "runs": {
                "batter": 4,
                "extras": 0,
                "total": 4
              }
            },
            {
              "batter": "AC Jayangani",
              "bowler": "D van Niekerk",
              "non_striker": "CR Seneviratna",
              "runs": {
                "batter": 0,
                "extras": 0,
                "total": 0
              }
            },
            {
              "batter": "AC Jayangani",
              "bowler": "D van Niekerk",
              "non_striker": "CR Seneviratna",
              "runs": {
                "batter": 0,
                "extras": 0,
                "total": 0
              }
            },
            {
              "batter": "AC Jayangani",
              "bowler": "D van Niekerk",
              "non_striker": "CR Seneviratna",
              "runs": {
                "batter": 0,
                "extras": 0,
                "total": 0
              }
            },
            {
              "batter": "AC Jayangani",
              "bowler": "D van Niekerk",
              "non_striker": "CR Seneviratna",
              "runs": {
                "batter": 1,
                "extras": 0,
                "total": 1
              }
            },
            {
              "batter": "CR Seneviratna",
              "bowler": "D van Niekerk",
              "non_striker": "AC Jayangani",
              "runs": {
                "batter": 2,
                "extras": 0,
                "total": 2
              }
            }
          ]
        },
        {
          "over": 27,
          "deliveries": [
            {
              "batter": "AC Jayangani",
              "bowler": "S Loubser",
              "non_striker": "CR Seneviratna",
              "runs": {
                "batter": 0,
                "extras": 0,
                "total": 0
              }
            },
            {
              "batter": "AC Jayangani",
              "bowler": "S Loubser",
              "non_striker": "CR Seneviratna",
              "runs": {
                "batter": 0,
                "extras": 0,
                "total": 0
              }
            },
            {
              "batter": "AC Jayangani",
              "bowler": "S Loubser",
              "non_striker": "CR Seneviratna",
              "runs": {
                "batter": 1,
                "extras": 0,
                "total": 1
              }
            },
            {
              "batter": "CR Seneviratna",
              "bowler": "S Loubser",
              "non_striker": "AC Jayangani",
              "runs": {
                "batter": 1,
                "extras": 0,
                "total": 1
              }
            },
            {
              "batter": "AC Jayangani",
              "bowler": "S Loubser",
              "non_striker": "CR Seneviratna",
              "runs": {
                "batter": 0,
                "extras": 0,
                "total": 0
              }
            },
            {
              "batter": "AC Jayangani",
              "bowler": "S Loubser",
              "non_striker": "CR Seneviratna",
              "runs": {
                "batter": 0,
                "extras": 0,
                "total": 0
              }
            }
          ]
        },
        {
          "over": 28,
          "deliveries": [
            {
              "batter": "CR Seneviratna",
              "bowler": "D van Niekerk",
              "non_striker": "AC Jayangani",
              "runs": {
                "batter": 0,
                "extras": 0,
                "total": 0
              }
            },
            {
              "batter": "CR Seneviratna",
              "bowler": "D van Niekerk",
              "non_striker": "AC Jayangani",
              "runs": {
                "batter": 0,
                "extras": 0,
                "total": 0
              }
            },
            {
              "batter": "CR Seneviratna",
              "bowler": "D van Niekerk",
              "non_striker": "AC Jayangani",
              "runs": {
                "batter": 0,
                "extras": 0,
                "total": 0
              }
            },
            {
              "batter": "CR Seneviratna",
              "bowler": "D van Niekerk",
              "non_striker": "AC Jayangani",
              "runs": {
                "batter": 0,
                "extras": 0,
                "total": 0
              }
            },
            {
              "batter": "CR Seneviratna",
              "bowler": "D van Niekerk",
              "non_striker": "AC Jayangani",
              "runs": {
                "batter": 0,
                "extras": 0,
                "total": 0
              }
            },
            {
              "batter": "CR Seneviratna",
              "bowler": "D van Niekerk",
              "non_striker": "AC Jayangani",
              "runs": {
                "batter": 0,
                "extras": 0,
                "total": 0
              }
            }
          ]
        },
        {
          "over": 29,
          "deliveries": [
            {
              "batter": "AC Jayangani",
              "bowler": "S Loubser",
              "non_striker": "CR Seneviratna",
              "runs": {
                "batter": 0,
                "extras": 0,
                "total": 0
              }
            },
            {
              "batter": "AC Jayangani",
              "bowler": "S Loubser",
              "non_striker": "CR Seneviratna",
              "runs": {
                "batter": 1,
                "extras": 0,
                "total": 1
              }
            },
            {
              "batter": "CR Seneviratna",
              "bowler": "S Loubser",
              "non_striker": "AC Jayangani",
              "runs": {
                "batter": 0,
                "extras": 0,
                "total": 0
              }
            },
            {
              "batter": "CR Seneviratna",
              "bowler": "S Loubser",
              "non_striker": "AC Jayangani",
              "runs": {
                "batter": 4,
                "extras": 0,
                "total": 4
              }
            },
            {
              "batter": "CR Seneviratna",
              "bowler": "S Loubser",
              "non_striker": "AC Jayangani",
              "runs": {
                "batter": 0,
                "extras": 0,
                "total": 0
              }
            },
            {
              "batter": "CR Seneviratna",
              "bowler": "S Loubser",
              "non_striker": "AC Jayangani",
              "runs": {
                "batter": 0,
                "extras": 0,
                "total": 0
              }
            }
          ]
        },
        {
          "over": 30,
          "deliveries": [
            {
              "batter": "AC Jayangani",
              "bowler": "D van Niekerk",
              "non_striker": "CR Seneviratna",
              "runs": {
                "batter": 0,
                "extras": 0,
                "total": 0
              }
            },
            {
              "batter": "AC Jayangani",
              "bowler": "D van Niekerk",
              "non_striker": "CR Seneviratna",
              "runs": {
                "batter": 1,
                "extras": 0,
                "total": 1
              }
            },
            {
              "batter": "CR Seneviratna",
              "bowler": "D van Niekerk",
              "non_striker": "AC Jayangani",
              "runs": {
                "batter": 0,
                "extras": 0,
                "total": 0
              }
            },
            {
              "batter": "CR Seneviratna",
              "bowler": "D van Niekerk",
              "non_striker": "AC Jayangani",
              "runs": {
                "batter": 0,
                "extras": 0,
                "total": 0
              }
            },
            {
              "batter": "CR Seneviratna",
              "bowler": "D van Niekerk",
              "non_striker": "AC Jayangani",
              "runs": {
                "batter": 0,
                "extras": 0,
                "total": 0
              }
            },
            {
              "batter": "CR Seneviratna",
              "bowler": "D van Niekerk",
              "non_striker": "AC Jayangani",
              "runs": {
                "batter": 1,
                "extras": 0,
                "total": 1
              }
            }
          ]
        },
        {
          "over": 31,
          "deliveries": [
            {
              "batter": "CR Seneviratna",
              "bowler": "Y Potgieter",
              "non_striker": "AC Jayangani",
              "runs": {
                "batter": 0,
                "extras": 0,
                "total": 0
              }
            },
            {
              "batter": "CR Seneviratna",
              "bowler": "Y Potgieter",
              "non_striker": "AC Jayangani",
              "runs": {
                "batter": 0,
                "extras": 0,
                "total": 0
              }
            },
            {
              "batter": "CR Seneviratna",
              "bowler": "Y Potgieter",
              "non_striker": "AC Jayangani",
              "runs": {
                "batter": 4,
                "extras": 0,
                "total": 4
              }
            },
            {
              "batter": "CR Seneviratna",
              "bowler": "Y Potgieter",
              "non_striker": "AC Jayangani",
              "runs": {
                "batter": 0,
                "extras": 0,
                "total": 0
              }
            },
            {
              "batter": "CR Seneviratna",
              "bowler": "Y Potgieter",
              "non_striker": "AC Jayangani",
              "runs": {
                "batter": 0,
                "extras": 0,
                "total": 0
              }
            },
            {
              "batter": "CR Seneviratna",
              "bowler": "Y Potgieter",
              "non_striker": "AC Jayangani",
              "runs": {
                "batter": 0,
                "extras": 0,
                "total": 0
              }
            }
          ]
        },
        {
          "over": 32,
          "deliveries": [
            {
              "batter": "AC Jayangani",
              "bowler": "D van Niekerk",
              "non_striker": "CR Seneviratna",
              "runs": {
                "batter": 2,
                "extras": 0,
                "total": 2
              }
            },
            {
              "batter": "AC Jayangani",
              "bowler": "D van Niekerk",
              "non_striker": "CR Seneviratna",
              "runs": {
                "batter": 1,
                "extras": 0,
                "total": 1
              }
            },
            {
              "batter": "CR Seneviratna",
              "bowler": "D van Niekerk",
              "non_striker": "AC Jayangani",
              "runs": {
                "batter": 0,
                "extras": 0,
                "total": 0
              }
            },
            {
              "batter": "CR Seneviratna",
              "bowler": "D van Niekerk",
              "non_striker": "AC Jayangani",
              "runs": {
                "batter": 0,
                "extras": 0,
                "total": 0
              }
            },
            {
              "batter": "CR Seneviratna",
              "bowler": "D van Niekerk",
              "non_striker": "AC Jayangani",
              "runs": {
                "batter": 1,
                "extras": 0,
                "total": 1
              }
            },
            {
              "batter": "AC Jayangani",
              "bowler": "D van Niekerk",
              "non_striker": "CR Seneviratna",
              "runs": {
                "batter": 1,
                "extras": 0,
                "total": 1
              }
            }
          ]
        },
        {
          "over": 33,
          "deliveries": [
            {
              "batter": "AC Jayangani",
              "bowler": "Y Potgieter",
              "non_striker": "CR Seneviratna",
              "runs": {
                "batter": 1,
                "extras": 0,
                "total": 1
              }
            },
            {
              "batter": "CR Seneviratna",
              "bowler": "Y Potgieter",
              "non_striker": "AC Jayangani",
              "runs": {
                "batter": 0,
                "extras": 0,
                "total": 0
              }
            },
            {
              "batter": "CR Seneviratna",
              "bowler": "Y Potgieter",
              "non_striker": "AC Jayangani",
              "runs": {
                "batter": 0,
                "extras": 0,
                "total": 0
              }
            },
            {
              "batter": "CR Seneviratna",
              "bowler": "Y Potgieter",
              "non_striker": "AC Jayangani",
              "runs": {
                "batter": 0,
                "extras": 0,
                "total": 0
              }
            },
            {
              "batter": "CR Seneviratna",
              "bowler": "Y Potgieter",
              "non_striker": "AC Jayangani",
              "runs": {
                "batter": 2,
                "extras": 0,
                "total": 2
              }
            },
            {
              "batter": "CR Seneviratna",
              "bowler": "Y Potgieter",
              "extras": {
                "noballs": 1
              },
              "non_striker": "AC Jayangani",
              "runs": {
                "batter": 0,
                "extras": 1,
                "total": 1
              }
            },
            {
              "batter": "CR Seneviratna",
              "bowler": "Y Potgieter",
              "non_striker": "AC Jayangani",
              "runs": {
                "batter": 1,
                "extras": 0,
                "total": 1
              }
            }
          ]
        },
        {
          "over": 34,
          "deliveries": [
            {
              "batter": "CR Seneviratna",
              "bowler": "D van Niekerk",
              "non_striker": "AC Jayangani",
              "runs": {
                "batter": 0,
                "extras": 0,
                "total": 0
              }
            },
            {
              "batter": "CR Seneviratna",
              "bowler": "D van Niekerk",
              "non_striker": "AC Jayangani",
              "runs": {
                "batter": 0,
                "extras": 0,
                "total": 0
              }
            },
            {
              "batter": "CR Seneviratna",
              "bowler": "D van Niekerk",
              "non_striker": "AC Jayangani",
              "runs": {
                "batter": 1,
                "extras": 0,
                "total": 1
              }
            },
            {
              "batter": "AC Jayangani",
              "bowler": "D van Niekerk",
              "non_striker": "CR Seneviratna",
              "runs": {
                "batter": 0,
                "extras": 0,
                "total": 0
              }
            },
            {
              "batter": "AC Jayangani",
              "bowler": "D van Niekerk",
              "non_striker": "CR Seneviratna",
              "runs": {
                "batter": 0,
                "extras": 0,
                "total": 0
              },
              "wickets": [
                {
                  "kind": "caught",
                  "player_out": "AC Jayangani",
                  "fielders": [
                    {
                      "name": "Y Potgieter"
                    }
                  ]
                }
              ]
            },
            {
              "batter": "MADD Surangika",
              "bowler": "D van Niekerk",
              "non_striker": "CR Seneviratna",
              "runs": {
                "batter": 0,
                "extras": 0,
                "total": 0
              }
            }
          ]
        },
        {
          "over": 35,
          "deliveries": [
            {
              "batter": "CR Seneviratna",
              "bowler": "M Kapp",
              "non_striker": "MADD Surangika",
              "runs": {
                "batter": 2,
                "extras": 0,
                "total": 2
              }
            },
            {
              "batter": "CR Seneviratna",
              "bowler": "M Kapp",
              "non_striker": "MADD Surangika",
              "runs": {
                "batter": 4,
                "extras": 0,
                "total": 4
              }
            },
            {
              "batter": "CR Seneviratna",
              "bowler": "M Kapp",
              "non_striker": "MADD Surangika",
              "runs": {
                "batter": 1,
                "extras": 0,
                "total": 1
              }
            },
            {
              "batter": "MADD Surangika",
              "bowler": "M Kapp",
              "non_striker": "CR Seneviratna",
              "runs": {
                "batter": 1,
                "extras": 0,
                "total": 1
              }
            },
            {
              "batter": "CR Seneviratna",
              "bowler": "M Kapp",
              "non_striker": "MADD Surangika",
              "runs": {
                "batter": 0,
                "extras": 0,
                "total": 0
              },
              "wickets": [
                {
                  "kind": "lbw",
                  "player_out": "CR Seneviratna"
                }
              ]
            },
            {
              "batter": "HAM Samuddika",
              "bowler": "M Kapp",
              "non_striker": "MADD Surangika",
              "runs": {
                "batter": 0,
                "extras": 0,
                "total": 0
              }
            }
          ]
        },
        {
          "over": 36,
          "deliveries": [
            {
              "batter": "MADD Surangika",
              "bowler": "D van Niekerk",
              "non_striker": "HAM Samuddika",
              "runs": {
                "batter": 0,
                "extras": 0,
                "total": 0
              }
            },
            {
              "batter": "MADD Surangika",
              "bowler": "D van Niekerk",
              "non_striker": "HAM Samuddika",
              "runs": {
                "batter": 0,
                "extras": 0,
                "total": 0
              }
            },
            {
              "batter": "MADD Surangika",
              "bowler": "D van Niekerk",
              "extras": {
                "wides": 1
              },
              "non_striker": "HAM Samuddika",
              "runs": {
                "batter": 0,
                "extras": 1,
                "total": 1
              }
            },
            {
              "batter": "MADD Surangika",
              "bowler": "D van Niekerk",
              "non_striker": "HAM Samuddika",
              "runs": {
                "batter": 0,
                "extras": 0,
                "total": 0
              }
            },
            {
              "batter": "MADD Surangika",
              "bowler": "D van Niekerk",
              "non_striker": "HAM Samuddika",
              "runs": {
                "batter": 0,
                "extras": 0,
                "total": 0
              }
            },
            {
              "batter": "MADD Surangika",
              "bowler": "D van Niekerk",
              "non_striker": "HAM Samuddika",
              "runs": {
                "batter": 0,
                "extras": 0,
                "total": 0
              }
            },
            {
              "batter": "MADD Surangika",
              "bowler": "D van Niekerk",
              "non_striker": "HAM Samuddika",
              "runs": {
                "batter": 0,
                "extras": 0,
                "total": 0
              }
            }
          ]
        },
        {
          "over": 37,
          "deliveries": [
            {
              "batter": "HAM Samuddika",
              "bowler": "M Kapp",
              "non_striker": "MADD Surangika",
              "runs": {
                "batter": 0,
                "extras": 0,
                "total": 0
              }
            },
            {
              "batter": "HAM Samuddika",
              "bowler": "M Kapp",
              "non_striker": "MADD Surangika",
              "runs": {
                "batter": 0,
                "extras": 0,
                "total": 0
              }
            },
            {
              "batter": "HAM Samuddika",
              "bowler": "M Kapp",
              "non_striker": "MADD Surangika",
              "runs": {
                "batter": 1,
                "extras": 0,
                "total": 1
              }
            },
            {
              "batter": "MADD Surangika",
              "bowler": "M Kapp",
              "non_striker": "HAM Samuddika",
              "runs": {
                "batter": 0,
                "extras": 0,
                "total": 0
              }
            },
            {
              "batter": "MADD Surangika",
              "bowler": "M Kapp",
              "non_striker": "HAM Samuddika",
              "runs": {
                "batter": 1,
                "extras": 0,
                "total": 1
              }
            },
            {
              "batter": "HAM Samuddika",
              "bowler": "M Kapp",
              "non_striker": "MADD Surangika",
              "runs": {
                "batter": 0,
                "extras": 0,
                "total": 0
              }
            }
          ]
        },
        {
          "over": 38,
          "deliveries": [
            {
              "batter": "MADD Surangika",
              "bowler": "S Ismail",
              "non_striker": "HAM Samuddika",
              "runs": {
                "batter": 0,
                "extras": 0,
                "total": 0
              }
            },
            {
              "batter": "MADD Surangika",
              "bowler": "S Ismail",
              "non_striker": "HAM Samuddika",
              "runs": {
                "batter": 1,
                "extras": 0,
                "total": 1
              }
            },
            {
              "batter": "HAM Samuddika",
              "bowler": "S Ismail",
              "non_striker": "MADD Surangika",
              "runs": {
                "batter": 0,
                "extras": 0,
                "total": 0
              }
            },
            {
              "batter": "HAM Samuddika",
              "bowler": "S Ismail",
              "non_striker": "MADD Surangika",
              "runs": {
                "batter": 1,
                "extras": 0,
                "total": 1
              }
            },
            {
              "batter": "MADD Surangika",
              "bowler": "S Ismail",
              "non_striker": "HAM Samuddika",
              "runs": {
                "batter": 0,
                "extras": 0,
                "total": 0
              }
            },
            {
              "batter": "MADD Surangika",
              "bowler": "S Ismail",
              "non_striker": "HAM Samuddika",
              "runs": {
                "batter": 1,
                "extras": 0,
                "total": 1
              }
            }
          ]
        },
        {
          "over": 39,
          "deliveries": [
            {
              "batter": "MADD Surangika",
              "bowler": "M Kapp",
              "non_striker": "HAM Samuddika",
              "runs": {
                "batter": 1,
                "extras": 0,
                "total": 1
              }
            },
            {
              "batter": "HAM Samuddika",
              "bowler": "M Kapp",
              "non_striker": "MADD Surangika",
              "runs": {
                "batter": 0,
                "extras": 0,
                "total": 0
              }
            },
            {
              "batter": "HAM Samuddika",
              "bowler": "M Kapp",
              "non_striker": "MADD Surangika",
              "runs": {
                "batter": 1,
                "extras": 0,
                "total": 1
              }
            },
            {
              "batter": "MADD Surangika",
              "bowler": "M Kapp",
              "non_striker": "HAM Samuddika",
              "runs": {
                "batter": 0,
                "extras": 0,
                "total": 0
              }
            },
            {
              "batter": "MADD Surangika",
              "bowler": "M Kapp",
              "non_striker": "HAM Samuddika",
              "runs": {
                "batter": 1,
                "extras": 0,
                "total": 1
              }
            },
            {
              "batter": "HAM Samuddika",
              "bowler": "M Kapp",
              "non_striker": "MADD Surangika",
              "runs": {
                "batter": 0,
                "extras": 0,
                "total": 0
              }
            }
          ]
        },
        {
          "over": 40,
          "deliveries": [
            {
              "batter": "MADD Surangika",
              "bowler": "S Ismail",
              "non_striker": "HAM Samuddika",
              "runs": {
                "batter": 1,
                "extras": 0,
                "total": 1
              }
            },
            {
              "batter": "HAM Samuddika",
              "bowler": "S Ismail",
              "non_striker": "MADD Surangika",
              "runs": {
                "batter": 1,
                "extras": 0,
                "total": 1
              }
            },
            {
              "batter": "MADD Surangika",
              "bowler": "S Ismail",
              "non_striker": "HAM Samuddika",
              "runs": {
                "batter": 0,
                "extras": 0,
                "total": 0
              }
            },
            {
              "batter": "MADD Surangika",
              "bowler": "S Ismail",
              "non_striker": "HAM Samuddika",
              "runs": {
                "batter": 0,
                "extras": 0,
                "total": 0
              }
            },
            {
              "batter": "MADD Surangika",
              "bowler": "S Ismail",
              "non_striker": "HAM Samuddika",
              "runs": {
                "batter": 0,
                "extras": 0,
                "total": 0
              }
            },
            {
              "batter": "MADD Surangika",
              "bowler": "S Ismail",
              "non_striker": "HAM Samuddika",
              "runs": {
                "batter": 0,
                "extras": 0,
                "total": 0
              }
            }
          ]
        },
        {
          "over": 41,
          "deliveries": [
            {
              "batter": "HAM Samuddika",
              "bowler": "MM Letsoalo",
              "non_striker": "MADD Surangika",
              "runs": {
                "batter": 0,
                "extras": 0,
                "total": 0
              }
            },
            {
              "batter": "HAM Samuddika",
              "bowler": "MM Letsoalo",
              "non_striker": "MADD Surangika",
              "runs": {
                "batter": 5,
                "extras": 0,
                "total": 5
              }
            },
            {
              "batter": "MADD Surangika",
              "bowler": "MM Letsoalo",
              "non_striker": "HAM Samuddika",
              "runs": {
                "batter": 0,
                "extras": 0,
                "total": 0
              }
            },
            {
              "batter": "MADD Surangika",
              "bowler": "MM Letsoalo",
              "non_striker": "HAM Samuddika",
              "runs": {
                "batter": 0,
                "extras": 0,
                "total": 0
              }
            },
            {
              "batter": "MADD Surangika",
              "bowler": "MM Letsoalo",
              "non_striker": "HAM Samuddika",
              "runs": {
                "batter": 0,
                "extras": 0,
                "total": 0
              }
            },
            {
              "batter": "MADD Surangika",
              "bowler": "MM Letsoalo",
              "non_striker": "HAM Samuddika",
              "runs": {
                "batter": 0,
                "extras": 0,
                "total": 0
              }
            }
          ]
        },
        {
          "over": 42,
          "deliveries": [
            {
              "batter": "HAM Samuddika",
              "bowler": "Y Potgieter",
              "non_striker": "MADD Surangika",
              "runs": {
                "batter": 0,
                "extras": 0,
                "total": 0
              }
            },
            {
              "batter": "HAM Samuddika",
              "bowler": "Y Potgieter",
              "non_striker": "MADD Surangika",
              "runs": {
                "batter": 0,
                "extras": 0,
                "total": 0
              }
            },
            {
              "batter": "HAM Samuddika",
              "bowler": "Y Potgieter",
              "non_striker": "MADD Surangika",
              "runs": {
                "batter": 0,
                "extras": 0,
                "total": 0
              }
            },
            {
              "batter": "HAM Samuddika",
              "bowler": "Y Potgieter",
              "non_striker": "MADD Surangika",
              "runs": {
                "batter": 1,
                "extras": 0,
                "total": 1
              }
            },
            {
              "batter": "MADD Surangika",
              "bowler": "Y Potgieter",
              "non_striker": "HAM Samuddika",
              "runs": {
                "batter": 4,
                "extras": 0,
                "total": 4
              }
            },
            {
              "batter": "MADD Surangika",
              "bowler": "Y Potgieter",
              "non_striker": "HAM Samuddika",
              "runs": {
                "batter": 2,
                "extras": 0,
                "total": 2
              }
            }
          ]
        },
        {
          "over": 43,
          "deliveries": [
            {
              "batter": "HAM Samuddika",
              "bowler": "MM Letsoalo",
              "non_striker": "MADD Surangika",
              "runs": {
                "batter": 1,
                "extras": 0,
                "total": 1
              }
            },
            {
              "batter": "MADD Surangika",
              "bowler": "MM Letsoalo",
              "non_striker": "HAM Samuddika",
              "runs": {
                "batter": 0,
                "extras": 0,
                "total": 0
              }
            },
            {
              "batter": "MADD Surangika",
              "bowler": "MM Letsoalo",
              "non_striker": "HAM Samuddika",
              "runs": {
                "batter": 0,
                "extras": 0,
                "total": 0
              }
            },
            {
              "batter": "MADD Surangika",
              "bowler": "MM Letsoalo",
              "extras": {
                "noballs": 1
              },
              "non_striker": "HAM Samuddika",
              "runs": {
                "batter": 4,
                "extras": 1,
                "total": 5
              }
            },
            {
              "batter": "MADD Surangika",
              "bowler": "MM Letsoalo",
              "non_striker": "HAM Samuddika",
              "runs": {
                "batter": 0,
                "extras": 0,
                "total": 0
              },
              "wickets": [
                {
                  "kind": "caught",
                  "player_out": "MADD Surangika",
                  "fielders": [
                    {
                      "name": "T Chetty"
                    }
                  ]
                }
              ]
            },
            {
              "batter": "SDNS Karunaratne",
              "bowler": "MM Letsoalo",
              "non_striker": "HAM Samuddika",
              "runs": {
                "batter": 4,
                "extras": 0,
                "total": 4
              }
            },
            {
              "batter": "SDNS Karunaratne",
              "bowler": "MM Letsoalo",
              "non_striker": "HAM Samuddika",
              "runs": {
                "batter": 0,
                "extras": 0,
                "total": 0
              }
            }
          ]
        },
        {
          "over": 44,
          "deliveries": [
            {
              "batter": "HAM Samuddika",
              "bowler": "Y Potgieter",
              "extras": {
                "legbyes": 1
              },
              "non_striker": "SDNS Karunaratne",
              "runs": {
                "batter": 0,
                "extras": 1,
                "total": 1
              }
            },
            {
              "batter": "SDNS Karunaratne",
              "bowler": "Y Potgieter",
              "non_striker": "HAM Samuddika",
              "runs": {
                "batter": 0,
                "extras": 0,
                "total": 0
              }
            },
            {
              "batter": "SDNS Karunaratne",
              "bowler": "Y Potgieter",
              "non_striker": "HAM Samuddika",
              "runs": {
                "batter": 0,
                "extras": 0,
                "total": 0
              }
            },
            {
              "batter": "SDNS Karunaratne",
              "bowler": "Y Potgieter",
              "non_striker": "HAM Samuddika",
              "runs": {
                "batter": 0,
                "extras": 0,
                "total": 0
              }
            },
            {
              "batter": "SDNS Karunaratne",
              "bowler": "Y Potgieter",
              "non_striker": "HAM Samuddika",
              "runs": {
                "batter": 0,
                "extras": 0,
                "total": 0
              },
              "wickets": [
                {
                  "kind": "caught",
                  "player_out": "SDNS Karunaratne",
                  "fielders": [
                    {
                      "name": "MM Letsoalo"
                    }
                  ]
                }
              ]
            },
            {
              "batter": "RS Vandort",
              "bowler": "Y Potgieter",
              "non_striker": "HAM Samuddika",
              "runs": {
                "batter": 0,
                "extras": 0,
                "total": 0
              }
            }
          ]
        },
        {
          "over": 45,
          "deliveries": [
            {
              "batter": "HAM Samuddika",
              "bowler": "MM Letsoalo",
              "non_striker": "RS Vandort",
              "runs": {
                "batter": 0,
                "extras": 0,
                "total": 0
              }
            },
            {
              "batter": "HAM Samuddika",
              "bowler": "MM Letsoalo",
              "non_striker": "RS Vandort",
              "runs": {
                "batter": 1,
                "extras": 0,
                "total": 1
              }
            },
            {
              "batter": "RS Vandort",
              "bowler": "MM Letsoalo",
              "non_striker": "HAM Samuddika",
              "runs": {
                "batter": 0,
                "extras": 0,
                "total": 0
              }
            },
            {
              "batter": "RS Vandort",
              "bowler": "MM Letsoalo",
              "non_striker": "HAM Samuddika",
              "runs": {
                "batter": 0,
                "extras": 0,
                "total": 0
              }
            },
            {
              "batter": "RS Vandort",
              "bowler": "MM Letsoalo",
              "non_striker": "HAM Samuddika",
              "runs": {
                "batter": 0,
                "extras": 0,
                "total": 0
              }
            },
            {
              "batter": "RS Vandort",
              "bowler": "MM Letsoalo",
              "non_striker": "HAM Samuddika",
              "runs": {
                "batter": 0,
                "extras": 0,
                "total": 0
              }
            }
          ]
        },
        {
          "over": 46,
          "deliveries": [
            {
              "batter": "HAM Samuddika",
              "bowler": "S Ismail",
              "non_striker": "RS Vandort",
              "runs": {
                "batter": 0,
                "extras": 0,
                "total": 0
              },
              "wickets": [
                {
                  "kind": "run out",
                  "player_out": "RS Vandort",
                  "fielders": [
                    {
                      "name": "MM Letsoalo"
                    },
                    {
                      "name": "S Ismail"
                    }
                  ]
                }
              ]
            },
            {
              "batter": "HAM Samuddika",
              "bowler": "S Ismail",
              "non_striker": "HHC Gunaratne",
              "runs": {
                "batter": 0,
                "extras": 0,
                "total": 0
              }
            },
            {
              "batter": "HAM Samuddika",
              "bowler": "S Ismail",
              "non_striker": "HHC Gunaratne",
              "runs": {
                "batter": 1,
                "extras": 0,
                "total": 1
              }
            },
            {
              "batter": "HHC Gunaratne",
              "bowler": "S Ismail",
              "non_striker": "HAM Samuddika",
              "runs": {
                "batter": 0,
                "extras": 0,
                "total": 0
              }
            },
            {
              "batter": "HHC Gunaratne",
              "bowler": "S Ismail",
              "non_striker": "HAM Samuddika",
              "runs": {
                "batter": 0,
                "extras": 0,
                "total": 0
              }
            },
            {
              "batter": "HHC Gunaratne",
              "bowler": "S Ismail",
              "non_striker": "HAM Samuddika",
              "runs": {
                "batter": 0,
                "extras": 0,
                "total": 0
              }
            }
          ]
        },
        {
          "over": 47,
          "deliveries": [
            {
              "batter": "HAM Samuddika",
              "bowler": "M Kapp",
              "non_striker": "HHC Gunaratne",
              "runs": {
                "batter": 0,
                "extras": 0,
                "total": 0
              }
            },
            {
              "batter": "HAM Samuddika",
              "bowler": "M Kapp",
              "non_striker": "HHC Gunaratne",
              "runs": {
                "batter": 4,
                "extras": 0,
                "total": 4
              }
            },
            {
              "batter": "HAM Samuddika",
              "bowler": "M Kapp",
              "non_striker": "HHC Gunaratne",
              "runs": {
                "batter": 0,
                "extras": 0,
                "total": 0
              }
            },
            {
              "batter": "HAM Samuddika",
              "bowler": "M Kapp",
              "non_striker": "HHC Gunaratne",
              "runs": {
                "batter": 0,
                "extras": 0,
                "total": 0
              }
            },
            {
              "batter": "HAM Samuddika",
              "bowler": "M Kapp",
              "non_striker": "HHC Gunaratne",
              "runs": {
                "batter": 0,
                "extras": 0,
                "total": 0
              }
            },
            {
              "batter": "HAM Samuddika",
              "bowler": "M Kapp",
              "non_striker": "HHC Gunaratne",
              "runs": {
                "batter": 2,
                "extras": 0,
                "total": 2
              }
            }
          ]
        },
        {
          "over": 48,
          "deliveries": [
            {
              "batter": "HHC Gunaratne",
              "bowler": "S Ismail",
              "non_striker": "HAM Samuddika",
              "runs": {
                "batter": 2,
                "extras": 0,
                "total": 2
              }
            },
            {
              "batter": "HHC Gunaratne",
              "bowler": "S Ismail",
              "non_striker": "HAM Samuddika",
              "runs": {
                "batter": 0,
                "extras": 0,
                "total": 0
              }
            },
            {
              "batter": "HHC Gunaratne",
              "bowler": "S Ismail",
              "non_striker": "HAM Samuddika",
              "runs": {
                "batter": 4,
                "extras": 0,
                "total": 4
              }
            },
            {
              "batter": "HHC Gunaratne",
              "bowler": "S Ismail",
              "non_striker": "HAM Samuddika",
              "runs": {
                "batter": 0,
                "extras": 0,
                "total": 0
              },
              "wickets": [
                {
                  "kind": "bowled",
                  "player_out": "HHC Gunaratne"
                }
              ]
            },
            {
              "batter": "KDU Prabodhani",
              "bowler": "S Ismail",
              "non_striker": "HAM Samuddika",
              "runs": {
                "batter": 0,
                "extras": 0,
                "total": 0
              }
            },
            {
              "batter": "KDU Prabodhani",
              "bowler": "S Ismail",
              "non_striker": "HAM Samuddika",
              "runs": {
                "batter": 0,
                "extras": 0,
                "total": 0
              }
            }
          ]
        },
        {
          "over": 49,
          "deliveries": [
            {
              "batter": "HAM Samuddika",
              "bowler": "M Kapp",
              "non_striker": "KDU Prabodhani",
              "runs": {
                "batter": 0,
                "extras": 0,
                "total": 0
              }
            },
            {
              "batter": "HAM Samuddika",
              "bowler": "M Kapp",
              "non_striker": "KDU Prabodhani",
              "runs": {
                "batter": 1,
                "extras": 0,
                "total": 1
              }
            },
            {
              "batter": "KDU Prabodhani",
              "bowler": "M Kapp",
              "non_striker": "HAM Samuddika",
              "runs": {
                "batter": 0,
                "extras": 0,
                "total": 0
              }
            },
            {
              "batter": "KDU Prabodhani",
              "bowler": "M Kapp",
              "non_striker": "HAM Samuddika",
              "runs": {
                "batter": 1,
                "extras": 0,
                "total": 1
              }
            },
            {
              "batter": "HAM Samuddika",
              "bowler": "M Kapp",
              "non_striker": "KDU Prabodhani",
              "runs": {
                "batter": 1,
                "extras": 0,
                "total": 1
              }
            },
            {
              "batter": "KDU Prabodhani",
              "bowler": "M Kapp",
              "non_striker": "HAM Samuddika",
              "runs": {
                "batter": 0,
                "extras": 0,
                "total": 0
              },
              "wickets": [
                {
                  "kind": "bowled",
                  "player_out": "KDU Prabodhani"
                }
              ]
            }
          ]
        }
      ],
      "powerplays": [
        {
          "from": 0.1,
          "to": 9.6,
          "type": "mandatory"
        },
        {
          "from": 36.0,
          "to": 39.6,
          "type": "batting"
        }
      ]
    },
    {
      "team": "South Africa",
      "overs": [
        {
          "over": 0,
          "deliveries": [
            {
              "batter": "L Lee",
              "bowler": "SS Weerakkody",
              "non_striker": "T Chetty",
              "runs": {
                "batter": 0,
                "extras": 0,
                "total": 0
              }
            },
            {
              "batter": "L Lee",
              "bowler": "SS Weerakkody",
              "non_striker": "T Chetty",
              "runs": {
                "batter": 0,
                "extras": 0,
                "total": 0
              }
            },
            {
              "batter": "L Lee",
              "bowler": "SS Weerakkody",
              "non_striker": "T Chetty",
              "runs": {
                "batter": 1,
                "extras": 0,
                "total": 1
              }
            },
            {
              "batter": "T Chetty",
              "bowler": "SS Weerakkody",
              "non_striker": "L Lee",
              "runs": {
                "batter": 1,
                "extras": 0,
                "total": 1
              }
            },
            {
              "batter": "L Lee",
              "bowler": "SS Weerakkody",
              "non_striker": "T Chetty",
              "runs": {
                "batter": 0,
                "extras": 0,
                "total": 0
              }
            },
            {
              "batter": "L Lee",
              "bowler": "SS Weerakkody",
              "non_striker": "T Chetty",
              "runs": {
                "batter": 0,
                "extras": 0,
                "total": 0
              }
            }
          ]
        }
      ],
      "powerplays": [
        {
          "from": 0.1,
          "to": 0.6,
          "type": "mandatory"
        }
      ],
      "target": {
        "overs": 50,
        "runs": 165
      }
    }
  ]
}